config,metric,pair,repetition,runid,started_iso,measurement,value,unit
s1,bulk-up,GG,1,baseline-arm64-s1-bulk-up-gg-r1-20260924T102238Z,2026-09-24T10:23:11Z,goodput_mbit_s,638.349017412,Mbit/s
s1,bulk-up,GG,1,baseline-arm64-s1-bulk-up-gg-r1-20260924T102238Z,2026-09-24T10:23:11Z,tcp_retransmits,68,segments
s1,bulk-up,GG,1,baseline-arm64-s1-bulk-up-gg-r1-20260924T102238Z,2026-09-24T10:23:11Z,cpu_s_per_gb_cli,14.0026843434,s/GB
s1,bulk-up,GG,1,baseline-arm64-s1-bulk-up-gg-r1-20260924T102238Z,2026-09-24T10:23:11Z,cpu_s_per_gb_srv,7.61560495849,s/GB
s1,bulk-up,GG,1,baseline-arm64-s1-bulk-up-gg-r1-20260924T102238Z,2026-09-24T10:23:11Z,cpu_s_per_gb_total,21.6182893019,s/GB
s1,bulk-up,GG,1,baseline-arm64-s1-bulk-up-gg-r1-20260924T102238Z,2026-09-24T10:23:11Z,rss_kb_cli,57296,kB
s1,bulk-up,GG,1,baseline-arm64-s1-bulk-up-gg-r1-20260924T102238Z,2026-09-24T10:23:11Z,rss_kb_srv,57076,kB
s1,bulk-up,GG,1,baseline-arm64-s1-bulk-up-gg-r1-20260924T102238Z,2026-09-24T10:23:11Z,hwm_kb_cli,57312,kB
s1,bulk-up,GG,1,baseline-arm64-s1-bulk-up-gg-r1-20260924T102238Z,2026-09-24T10:23:11Z,hwm_kb_srv,60384,kB
s1,bulk-up,GG,1,baseline-arm64-s1-bulk-up-gg-r1-20260924T102238Z,2026-09-24T10:23:11Z,out_segs_cli,1634589,segments
s1,bulk-up,GG,1,baseline-arm64-s1-bulk-up-gg-r1-20260924T102238Z,2026-09-24T10:23:11Z,out_segs_srv,175687,segments
s1,bulk-up,GG,1,baseline-arm64-s1-bulk-up-gg-r1-20260924T102238Z,2026-09-24T10:23:11Z,retrans_pct_cli,8.70481815306,% of OutSegs
s1,bulk-up,GG,1,baseline-arm64-s1-bulk-up-gg-r1-20260924T102238Z,2026-09-24T10:23:11Z,retrans_pct_srv,0.000569194078105,% of OutSegs
s1,bulk-up,GG,1,baseline-arm64-s1-bulk-up-gg-r1-20260924T102238Z,2026-09-24T10:23:11Z,retrans_segs_cli,142288,segments
s1,bulk-up,GG,1,baseline-arm64-s1-bulk-up-gg-r1-20260924T102238Z,2026-09-24T10:23:11Z,retrans_segs_srv,1,segments
s1,bulk-up,GG,1,baseline-arm64-s1-bulk-up-gg-r1-20260924T102238Z,2026-09-24T10:23:11Z,fast_retrans_segs_cli,109377,segments
s1,bulk-up,GG,1,baseline-arm64-s1-bulk-up-gg-r1-20260924T102238Z,2026-09-24T10:23:11Z,fast_retrans_segs_srv,0,segments
s1,bulk-up,GG,1,baseline-arm64-s1-bulk-up-gg-r1-20260924T102238Z,2026-09-24T10:23:11Z,early_retrans_segs_cli,4076,segments
s1,bulk-up,GG,1,baseline-arm64-s1-bulk-up-gg-r1-20260924T102238Z,2026-09-24T10:23:11Z,early_retrans_segs_srv,0,segments
s1,bulk-up,GG,1,baseline-arm64-s1-bulk-up-gg-r1-20260924T102238Z,2026-09-24T10:23:11Z,lost_segs_cli,28835,segments
s1,bulk-up,GG,1,baseline-arm64-s1-bulk-up-gg-r1-20260924T102238Z,2026-09-24T10:23:11Z,lost_segs_srv,1,segments
s1,bulk-up,GG,1,baseline-arm64-s1-bulk-up-gg-r1-20260924T102238Z,2026-09-24T10:23:11Z,repeat_segs_cli,1,segments
s1,bulk-up,GG,1,baseline-arm64-s1-bulk-up-gg-r1-20260924T102238Z,2026-09-24T10:23:11Z,repeat_segs_srv,12640,segments
s1,bulk-up,RR,1,baseline-arm64-s1-bulk-up-rr-r1-20260924T102238Z,2026-09-24T10:23:59Z,goodput_mbit_s,1048.01681304,Mbit/s
s1,bulk-up,RR,1,baseline-arm64-s1-bulk-up-rr-r1-20260924T102238Z,2026-09-24T10:23:59Z,tcp_retransmits,77,segments
s1,bulk-up,RR,1,baseline-arm64-s1-bulk-up-rr-r1-20260924T102238Z,2026-09-24T10:23:59Z,cpu_s_per_gb_cli,8.17516912753,s/GB
s1,bulk-up,RR,1,baseline-arm64-s1-bulk-up-rr-r1-20260924T102238Z,2026-09-24T10:23:59Z,cpu_s_per_gb_srv,4.32421410901,s/GB
s1,bulk-up,RR,1,baseline-arm64-s1-bulk-up-rr-r1-20260924T102238Z,2026-09-24T10:23:59Z,cpu_s_per_gb_total,12.4993832365,s/GB
s1,bulk-up,RR,1,baseline-arm64-s1-bulk-up-rr-r1-20260924T102238Z,2026-09-24T10:23:59Z,rss_kb_cli,27728,kB
s1,bulk-up,RR,1,baseline-arm64-s1-bulk-up-rr-r1-20260924T102238Z,2026-09-24T10:23:59Z,rss_kb_srv,15184,kB
s1,bulk-up,RR,1,baseline-arm64-s1-bulk-up-rr-r1-20260924T102238Z,2026-09-24T10:23:59Z,hwm_kb_cli,30816,kB
s1,bulk-up,RR,1,baseline-arm64-s1-bulk-up-rr-r1-20260924T102238Z,2026-09-24T10:23:59Z,hwm_kb_srv,15184,kB
s1,bulk-up,RR,1,baseline-arm64-s1-bulk-up-rr-r1-20260924T102238Z,2026-09-24T10:23:59Z,out_segs_cli,2230466,segments
s1,bulk-up,RR,1,baseline-arm64-s1-bulk-up-rr-r1-20260924T102238Z,2026-09-24T10:23:59Z,out_segs_srv,36456,segments
s1,bulk-up,RR,1,baseline-arm64-s1-bulk-up-rr-r1-20260924T102238Z,2026-09-24T10:23:59Z,retrans_pct_cli,0,% of OutSegs
s1,bulk-up,RR,1,baseline-arm64-s1-bulk-up-rr-r1-20260924T102238Z,2026-09-24T10:23:59Z,retrans_pct_srv,0,% of OutSegs
s1,bulk-up,RR,1,baseline-arm64-s1-bulk-up-rr-r1-20260924T102238Z,2026-09-24T10:23:59Z,retrans_segs_cli,0,segments
s1,bulk-up,RR,1,baseline-arm64-s1-bulk-up-rr-r1-20260924T102238Z,2026-09-24T10:23:59Z,retrans_segs_srv,0,segments
s1,bulk-up,RR,1,baseline-arm64-s1-bulk-up-rr-r1-20260924T102238Z,2026-09-24T10:23:59Z,fast_retrans_segs_cli,0,segments
s1,bulk-up,RR,1,baseline-arm64-s1-bulk-up-rr-r1-20260924T102238Z,2026-09-24T10:23:59Z,fast_retrans_segs_srv,0,segments
s1,bulk-up,RR,1,baseline-arm64-s1-bulk-up-rr-r1-20260924T102238Z,2026-09-24T10:23:59Z,early_retrans_segs_cli,0,segments
s1,bulk-up,RR,1,baseline-arm64-s1-bulk-up-rr-r1-20260924T102238Z,2026-09-24T10:23:59Z,early_retrans_segs_srv,0,segments
s1,bulk-up,RR,1,baseline-arm64-s1-bulk-up-rr-r1-20260924T102238Z,2026-09-24T10:23:59Z,lost_segs_cli,0,segments
s1,bulk-up,RR,1,baseline-arm64-s1-bulk-up-rr-r1-20260924T102238Z,2026-09-24T10:23:59Z,lost_segs_srv,0,segments
s1,bulk-up,RR,1,baseline-arm64-s1-bulk-up-rr-r1-20260924T102238Z,2026-09-24T10:23:59Z,repeat_segs_cli,0,segments
s1,bulk-up,RR,1,baseline-arm64-s1-bulk-up-rr-r1-20260924T102238Z,2026-09-24T10:23:59Z,repeat_segs_srv,0,segments
s1,bulk-up,GR,1,baseline-arm64-s1-bulk-up-gr-r1-20260924T102238Z,2026-09-24T10:24:46Z,goodput_mbit_s,661.170803228,Mbit/s
s1,bulk-up,GR,1,baseline-arm64-s1-bulk-up-gr-r1-20260924T102238Z,2026-09-24T10:24:46Z,tcp_retransmits,94,segments
s1,bulk-up,GR,1,baseline-arm64-s1-bulk-up-gr-r1-20260924T102238Z,2026-09-24T10:24:46Z,cpu_s_per_gb_cli,14.1504669008,s/GB
s1,bulk-up,GR,1,baseline-arm64-s1-bulk-up-gr-r1-20260924T102238Z,2026-09-24T10:24:46Z,cpu_s_per_gb_srv,4.90638249532,s/GB
s1,bulk-up,GR,1,baseline-arm64-s1-bulk-up-gr-r1-20260924T102238Z,2026-09-24T10:24:46Z,cpu_s_per_gb_total,19.0568493961,s/GB
s1,bulk-up,GR,1,baseline-arm64-s1-bulk-up-gr-r1-20260924T102238Z,2026-09-24T10:24:46Z,rss_kb_cli,53172,kB
s1,bulk-up,GR,1,baseline-arm64-s1-bulk-up-gr-r1-20260924T102238Z,2026-09-24T10:24:46Z,rss_kb_srv,19572,kB
s1,bulk-up,GR,1,baseline-arm64-s1-bulk-up-gr-r1-20260924T102238Z,2026-09-24T10:24:46Z,hwm_kb_cli,53172,kB
s1,bulk-up,GR,1,baseline-arm64-s1-bulk-up-gr-r1-20260924T102238Z,2026-09-24T10:24:46Z,hwm_kb_srv,19572,kB
s1,bulk-up,GR,1,baseline-arm64-s1-bulk-up-gr-r1-20260924T102238Z,2026-09-24T10:24:46Z,out_segs_cli,1561963,segments
s1,bulk-up,GR,1,baseline-arm64-s1-bulk-up-gr-r1-20260924T102238Z,2026-09-24T10:24:46Z,out_segs_srv,311088,segments
s1,bulk-up,GR,1,baseline-arm64-s1-bulk-up-gr-r1-20260924T102238Z,2026-09-24T10:24:46Z,retrans_pct_cli,7.90089137835,% of OutSegs
s1,bulk-up,GR,1,baseline-arm64-s1-bulk-up-gr-r1-20260924T102238Z,2026-09-24T10:24:46Z,retrans_pct_srv,0.000642904901507,% of OutSegs
s1,bulk-up,GR,1,baseline-arm64-s1-bulk-up-gr-r1-20260924T102238Z,2026-09-24T10:24:46Z,retrans_segs_cli,123409,segments
s1,bulk-up,GR,1,baseline-arm64-s1-bulk-up-gr-r1-20260924T102238Z,2026-09-24T10:24:46Z,retrans_segs_srv,2,segments
s1,bulk-up,GR,1,baseline-arm64-s1-bulk-up-gr-r1-20260924T102238Z,2026-09-24T10:24:46Z,fast_retrans_segs_cli,103116,segments
s1,bulk-up,GR,1,baseline-arm64-s1-bulk-up-gr-r1-20260924T102238Z,2026-09-24T10:24:46Z,fast_retrans_segs_srv,0,segments
s1,bulk-up,GR,1,baseline-arm64-s1-bulk-up-gr-r1-20260924T102238Z,2026-09-24T10:24:46Z,early_retrans_segs_cli,4157,segments
s1,bulk-up,GR,1,baseline-arm64-s1-bulk-up-gr-r1-20260924T102238Z,2026-09-24T10:24:46Z,early_retrans_segs_srv,0,segments
s1,bulk-up,GR,1,baseline-arm64-s1-bulk-up-gr-r1-20260924T102238Z,2026-09-24T10:24:46Z,lost_segs_cli,16136,segments
s1,bulk-up,GR,1,baseline-arm64-s1-bulk-up-gr-r1-20260924T102238Z,2026-09-24T10:24:46Z,lost_segs_srv,2,segments
s1,bulk-up,GR,1,baseline-arm64-s1-bulk-up-gr-r1-20260924T102238Z,2026-09-24T10:24:46Z,repeat_segs_cli,2,segments
s1,bulk-up,GR,1,baseline-arm64-s1-bulk-up-gr-r1-20260924T102238Z,2026-09-24T10:24:46Z,repeat_segs_srv,7334,segments
s1,bulk-up,RG,1,baseline-arm64-s1-bulk-up-rg-r1-20260924T102238Z,2026-09-24T10:25:34Z,goodput_mbit_s,731.730836764,Mbit/s
s1,bulk-up,RG,1,baseline-arm64-s1-bulk-up-rg-r1-20260924T102238Z,2026-09-24T10:25:34Z,tcp_retransmits,97,segments
s1,bulk-up,RG,1,baseline-arm64-s1-bulk-up-rg-r1-20260924T102238Z,2026-09-24T10:25:34Z,cpu_s_per_gb_cli,9.23765298034,s/GB
s1,bulk-up,RG,1,baseline-arm64-s1-bulk-up-rg-r1-20260924T102238Z,2026-09-24T10:25:34Z,cpu_s_per_gb_srv,8.4564676603,s/GB
s1,bulk-up,RG,1,baseline-arm64-s1-bulk-up-rg-r1-20260924T102238Z,2026-09-24T10:25:34Z,cpu_s_per_gb_total,17.6941206406,s/GB
s1,bulk-up,RG,1,baseline-arm64-s1-bulk-up-rg-r1-20260924T102238Z,2026-09-24T10:25:34Z,rss_kb_cli,31012,kB
s1,bulk-up,RG,1,baseline-arm64-s1-bulk-up-rg-r1-20260924T102238Z,2026-09-24T10:25:34Z,rss_kb_srv,38932,kB
s1,bulk-up,RG,1,baseline-arm64-s1-bulk-up-rg-r1-20260924T102238Z,2026-09-24T10:25:34Z,hwm_kb_cli,31012,kB
s1,bulk-up,RG,1,baseline-arm64-s1-bulk-up-rg-r1-20260924T102238Z,2026-09-24T10:25:34Z,hwm_kb_srv,38932,kB
s1,bulk-up,RG,1,baseline-arm64-s1-bulk-up-rg-r1-20260924T102238Z,2026-09-24T10:25:34Z,out_segs_cli,1548747,segments
s1,bulk-up,RG,1,baseline-arm64-s1-bulk-up-rg-r1-20260924T102238Z,2026-09-24T10:25:34Z,out_segs_srv,25252,segments
s1,bulk-up,RG,1,baseline-arm64-s1-bulk-up-rg-r1-20260924T102238Z,2026-09-24T10:25:34Z,retrans_pct_cli,0.516804875167,% of OutSegs
s1,bulk-up,RG,1,baseline-arm64-s1-bulk-up-rg-r1-20260924T102238Z,2026-09-24T10:25:34Z,retrans_pct_srv,0.0158403294789,% of OutSegs
s1,bulk-up,RG,1,baseline-arm64-s1-bulk-up-rg-r1-20260924T102238Z,2026-09-24T10:25:34Z,retrans_segs_cli,8004,segments
s1,bulk-up,RG,1,baseline-arm64-s1-bulk-up-rg-r1-20260924T102238Z,2026-09-24T10:25:34Z,retrans_segs_srv,4,segments
s1,bulk-up,RG,1,baseline-arm64-s1-bulk-up-rg-r1-20260924T102238Z,2026-09-24T10:25:34Z,fast_retrans_segs_cli,0,segments
s1,bulk-up,RG,1,baseline-arm64-s1-bulk-up-rg-r1-20260924T102238Z,2026-09-24T10:25:34Z,fast_retrans_segs_srv,0,segments
s1,bulk-up,RG,1,baseline-arm64-s1-bulk-up-rg-r1-20260924T102238Z,2026-09-24T10:25:34Z,early_retrans_segs_cli,0,segments
s1,bulk-up,RG,1,baseline-arm64-s1-bulk-up-rg-r1-20260924T102238Z,2026-09-24T10:25:34Z,early_retrans_segs_srv,0,segments
s1,bulk-up,RG,1,baseline-arm64-s1-bulk-up-rg-r1-20260924T102238Z,2026-09-24T10:25:34Z,lost_segs_cli,8004,segments
s1,bulk-up,RG,1,baseline-arm64-s1-bulk-up-rg-r1-20260924T102238Z,2026-09-24T10:25:34Z,lost_segs_srv,4,segments
s1,bulk-up,RG,1,baseline-arm64-s1-bulk-up-rg-r1-20260924T102238Z,2026-09-24T10:25:34Z,repeat_segs_cli,4,segments
s1,bulk-up,RG,1,baseline-arm64-s1-bulk-up-rg-r1-20260924T102238Z,2026-09-24T10:25:34Z,repeat_segs_srv,8004,segments
s1,bulk-up,GG,2,baseline-arm64-s1-bulk-up-gg-r2-20260924T102238Z,2026-09-24T10:26:22Z,goodput_mbit_s,603.166684033,Mbit/s
s1,bulk-up,GG,2,baseline-arm64-s1-bulk-up-gg-r2-20260924T102238Z,2026-09-24T10:26:22Z,tcp_retransmits,84,segments
s1,bulk-up,GG,2,baseline-arm64-s1-bulk-up-gg-r2-20260924T102238Z,2026-09-24T10:26:22Z,cpu_s_per_gb_cli,14.8277498234,s/GB
s1,bulk-up,GG,2,baseline-arm64-s1-bulk-up-gg-r2-20260924T102238Z,2026-09-24T10:26:22Z,cpu_s_per_gb_srv,8.19637691493,s/GB
s1,bulk-up,GG,2,baseline-arm64-s1-bulk-up-gg-r2-20260924T102238Z,2026-09-24T10:26:22Z,cpu_s_per_gb_total,23.0241267384,s/GB
s1,bulk-up,GG,2,baseline-arm64-s1-bulk-up-gg-r2-20260924T102238Z,2026-09-24T10:26:22Z,rss_kb_cli,54908,kB
s1,bulk-up,GG,2,baseline-arm64-s1-bulk-up-gg-r2-20260924T102238Z,2026-09-24T10:26:22Z,rss_kb_srv,58408,kB
s1,bulk-up,GG,2,baseline-arm64-s1-bulk-up-gg-r2-20260924T102238Z,2026-09-24T10:26:22Z,hwm_kb_cli,56712,kB
s1,bulk-up,GG,2,baseline-arm64-s1-bulk-up-gg-r2-20260924T102238Z,2026-09-24T10:26:22Z,hwm_kb_srv,59848,kB
s1,bulk-up,GG,2,baseline-arm64-s1-bulk-up-gg-r2-20260924T102238Z,2026-09-24T10:26:22Z,out_segs_cli,1482907,segments
s1,bulk-up,GG,2,baseline-arm64-s1-bulk-up-gg-r2-20260924T102238Z,2026-09-24T10:26:22Z,out_segs_srv,223659,segments
s1,bulk-up,GG,2,baseline-arm64-s1-bulk-up-gg-r2-20260924T102238Z,2026-09-24T10:26:22Z,retrans_pct_cli,10.9857867014,% of OutSegs
s1,bulk-up,GG,2,baseline-arm64-s1-bulk-up-gg-r2-20260924T102238Z,2026-09-24T10:26:22Z,retrans_pct_srv,0,% of OutSegs
s1,bulk-up,GG,2,baseline-arm64-s1-bulk-up-gg-r2-20260924T102238Z,2026-09-24T10:26:22Z,retrans_segs_cli,162909,segments
s1,bulk-up,GG,2,baseline-arm64-s1-bulk-up-gg-r2-20260924T102238Z,2026-09-24T10:26:22Z,retrans_segs_srv,0,segments
s1,bulk-up,GG,2,baseline-arm64-s1-bulk-up-gg-r2-20260924T102238Z,2026-09-24T10:26:22Z,fast_retrans_segs_cli,126838,segments
s1,bulk-up,GG,2,baseline-arm64-s1-bulk-up-gg-r2-20260924T102238Z,2026-09-24T10:26:22Z,fast_retrans_segs_srv,0,segments
s1,bulk-up,GG,2,baseline-arm64-s1-bulk-up-gg-r2-20260924T102238Z,2026-09-24T10:26:22Z,early_retrans_segs_cli,3413,segments
s1,bulk-up,GG,2,baseline-arm64-s1-bulk-up-gg-r2-20260924T102238Z,2026-09-24T10:26:22Z,early_retrans_segs_srv,0,segments
s1,bulk-up,GG,2,baseline-arm64-s1-bulk-up-gg-r2-20260924T102238Z,2026-09-24T10:26:22Z,lost_segs_cli,32658,segments
s1,bulk-up,GG,2,baseline-arm64-s1-bulk-up-gg-r2-20260924T102238Z,2026-09-24T10:26:22Z,lost_segs_srv,0,segments
s1,bulk-up,GG,2,baseline-arm64-s1-bulk-up-gg-r2-20260924T102238Z,2026-09-24T10:26:22Z,repeat_segs_cli,1,segments
s1,bulk-up,GG,2,baseline-arm64-s1-bulk-up-gg-r2-20260924T102238Z,2026-09-24T10:26:22Z,repeat_segs_srv,9399,segments
s1,bulk-up,RR,2,baseline-arm64-s1-bulk-up-rr-r2-20260924T102238Z,2026-09-24T10:27:09Z,goodput_mbit_s,999.046876285,Mbit/s
s1,bulk-up,RR,2,baseline-arm64-s1-bulk-up-rr-r2-20260924T102238Z,2026-09-24T10:27:09Z,tcp_retransmits,41,segments
s1,bulk-up,RR,2,baseline-arm64-s1-bulk-up-rr-r2-20260924T102238Z,2026-09-24T10:27:09Z,cpu_s_per_gb_cli,8.47132225855,s/GB
s1,bulk-up,RR,2,baseline-arm64-s1-bulk-up-rr-r2-20260924T102238Z,2026-09-24T10:27:09Z,cpu_s_per_gb_srv,4.56794834452,s/GB
s1,bulk-up,RR,2,baseline-arm64-s1-bulk-up-rr-r2-20260924T102238Z,2026-09-24T10:27:09Z,cpu_s_per_gb_total,13.0392706031,s/GB
s1,bulk-up,RR,2,baseline-arm64-s1-bulk-up-rr-r2-20260924T102238Z,2026-09-24T10:27:09Z,rss_kb_cli,28696,kB
s1,bulk-up,RR,2,baseline-arm64-s1-bulk-up-rr-r2-20260924T102238Z,2026-09-24T10:27:09Z,rss_kb_srv,16652,kB
s1,bulk-up,RR,2,baseline-arm64-s1-bulk-up-rr-r2-20260924T102238Z,2026-09-24T10:27:09Z,hwm_kb_cli,31568,kB
s1,bulk-up,RR,2,baseline-arm64-s1-bulk-up-rr-r2-20260924T102238Z,2026-09-24T10:27:09Z,hwm_kb_srv,16652,kB
s1,bulk-up,RR,2,baseline-arm64-s1-bulk-up-rr-r2-20260924T102238Z,2026-09-24T10:27:09Z,out_segs_cli,2159121,segments
s1,bulk-up,RR,2,baseline-arm64-s1-bulk-up-rr-r2-20260924T102238Z,2026-09-24T10:27:09Z,out_segs_srv,35302,segments
s1,bulk-up,RR,2,baseline-arm64-s1-bulk-up-rr-r2-20260924T102238Z,2026-09-24T10:27:09Z,retrans_pct_cli,0,% of OutSegs
s1,bulk-up,RR,2,baseline-arm64-s1-bulk-up-rr-r2-20260924T102238Z,2026-09-24T10:27:09Z,retrans_pct_srv,0,% of OutSegs
s1,bulk-up,RR,2,baseline-arm64-s1-bulk-up-rr-r2-20260924T102238Z,2026-09-24T10:27:09Z,retrans_segs_cli,0,segments
s1,bulk-up,RR,2,baseline-arm64-s1-bulk-up-rr-r2-20260924T102238Z,2026-09-24T10:27:09Z,retrans_segs_srv,0,segments
s1,bulk-up,RR,2,baseline-arm64-s1-bulk-up-rr-r2-20260924T102238Z,2026-09-24T10:27:09Z,fast_retrans_segs_cli,0,segments
s1,bulk-up,RR,2,baseline-arm64-s1-bulk-up-rr-r2-20260924T102238Z,2026-09-24T10:27:09Z,fast_retrans_segs_srv,0,segments
s1,bulk-up,RR,2,baseline-arm64-s1-bulk-up-rr-r2-20260924T102238Z,2026-09-24T10:27:09Z,early_retrans_segs_cli,0,segments
s1,bulk-up,RR,2,baseline-arm64-s1-bulk-up-rr-r2-20260924T102238Z,2026-09-24T10:27:09Z,early_retrans_segs_srv,0,segments
s1,bulk-up,RR,2,baseline-arm64-s1-bulk-up-rr-r2-20260924T102238Z,2026-09-24T10:27:09Z,lost_segs_cli,0,segments
s1,bulk-up,RR,2,baseline-arm64-s1-bulk-up-rr-r2-20260924T102238Z,2026-09-24T10:27:09Z,lost_segs_srv,0,segments
s1,bulk-up,RR,2,baseline-arm64-s1-bulk-up-rr-r2-20260924T102238Z,2026-09-24T10:27:09Z,repeat_segs_cli,0,segments
s1,bulk-up,RR,2,baseline-arm64-s1-bulk-up-rr-r2-20260924T102238Z,2026-09-24T10:27:09Z,repeat_segs_srv,0,segments
s1,bulk-up,GR,2,baseline-arm64-s1-bulk-up-gr-r2-20260924T102238Z,2026-09-24T10:27:57Z,goodput_mbit_s,767.38265743,Mbit/s
s1,bulk-up,GR,2,baseline-arm64-s1-bulk-up-gr-r2-20260924T102238Z,2026-09-24T10:27:57Z,tcp_retransmits,132,segments
s1,bulk-up,GR,2,baseline-arm64-s1-bulk-up-gr-r2-20260924T102238Z,2026-09-24T10:27:57Z,cpu_s_per_gb_cli,12.1396870009,s/GB
s1,bulk-up,GR,2,baseline-arm64-s1-bulk-up-gr-r2-20260924T102238Z,2026-09-24T10:27:57Z,cpu_s_per_gb_srv,4.68595045678,s/GB
s1,bulk-up,GR,2,baseline-arm64-s1-bulk-up-gr-r2-20260924T102238Z,2026-09-24T10:27:57Z,cpu_s_per_gb_total,16.8256374577,s/GB
s1,bulk-up,GR,2,baseline-arm64-s1-bulk-up-gr-r2-20260924T102238Z,2026-09-24T10:27:57Z,rss_kb_cli,53132,kB
s1,bulk-up,GR,2,baseline-arm64-s1-bulk-up-gr-r2-20260924T102238Z,2026-09-24T10:27:57Z,rss_kb_srv,17628,kB
s1,bulk-up,GR,2,baseline-arm64-s1-bulk-up-gr-r2-20260924T102238Z,2026-09-24T10:27:57Z,hwm_kb_cli,54252,kB
s1,bulk-up,GR,2,baseline-arm64-s1-bulk-up-gr-r2-20260924T102238Z,2026-09-24T10:27:57Z,hwm_kb_srv,20212,kB
s1,bulk-up,GR,2,baseline-arm64-s1-bulk-up-gr-r2-20260924T102238Z,2026-09-24T10:27:57Z,out_segs_cli,1825585,segments
s1,bulk-up,GR,2,baseline-arm64-s1-bulk-up-gr-r2-20260924T102238Z,2026-09-24T10:27:57Z,out_segs_srv,252026,segments
s1,bulk-up,GR,2,baseline-arm64-s1-bulk-up-gr-r2-20260924T102238Z,2026-09-24T10:27:57Z,retrans_pct_cli,5.07579762104,% of OutSegs
s1,bulk-up,GR,2,baseline-arm64-s1-bulk-up-gr-r2-20260924T102238Z,2026-09-24T10:27:57Z,retrans_pct_srv,0.000396784458746,% of OutSegs
s1,bulk-up,GR,2,baseline-arm64-s1-bulk-up-gr-r2-20260924T102238Z,2026-09-24T10:27:57Z,retrans_segs_cli,92663,segments
s1,bulk-up,GR,2,baseline-arm64-s1-bulk-up-gr-r2-20260924T102238Z,2026-09-24T10:27:57Z,retrans_segs_srv,1,segments
s1,bulk-up,GR,2,baseline-arm64-s1-bulk-up-gr-r2-20260924T102238Z,2026-09-24T10:27:57Z,fast_retrans_segs_cli,76761,segments
s1,bulk-up,GR,2,baseline-arm64-s1-bulk-up-gr-r2-20260924T102238Z,2026-09-24T10:27:57Z,fast_retrans_segs_srv,0,segments
s1,bulk-up,GR,2,baseline-arm64-s1-bulk-up-gr-r2-20260924T102238Z,2026-09-24T10:27:57Z,early_retrans_segs_cli,1707,segments
s1,bulk-up,GR,2,baseline-arm64-s1-bulk-up-gr-r2-20260924T102238Z,2026-09-24T10:27:57Z,early_retrans_segs_srv,0,segments
s1,bulk-up,GR,2,baseline-arm64-s1-bulk-up-gr-r2-20260924T102238Z,2026-09-24T10:27:57Z,lost_segs_cli,14195,segments
s1,bulk-up,GR,2,baseline-arm64-s1-bulk-up-gr-r2-20260924T102238Z,2026-09-24T10:27:57Z,lost_segs_srv,1,segments
s1,bulk-up,GR,2,baseline-arm64-s1-bulk-up-gr-r2-20260924T102238Z,2026-09-24T10:27:57Z,repeat_segs_cli,1,segments
s1,bulk-up,GR,2,baseline-arm64-s1-bulk-up-gr-r2-20260924T102238Z,2026-09-24T10:27:57Z,repeat_segs_srv,7071,segments
s1,bulk-up,RG,2,baseline-arm64-s1-bulk-up-rg-r2-20260924T102238Z,2026-09-24T10:28:45Z,goodput_mbit_s,733.575928059,Mbit/s
s1,bulk-up,RG,2,baseline-arm64-s1-bulk-up-rg-r2-20260924T102238Z,2026-09-24T10:28:45Z,tcp_retransmits,74,segments
s1,bulk-up,RG,2,baseline-arm64-s1-bulk-up-rg-r2-20260924T102238Z,2026-09-24T10:28:45Z,cpu_s_per_gb_cli,9.25122009256,s/GB
s1,bulk-up,RG,2,baseline-arm64-s1-bulk-up-rg-r2-20260924T102238Z,2026-09-24T10:28:45Z,cpu_s_per_gb_srv,8.58068381007,s/GB
s1,bulk-up,RG,2,baseline-arm64-s1-bulk-up-rg-r2-20260924T102238Z,2026-09-24T10:28:45Z,cpu_s_per_gb_total,17.8319039026,s/GB
s1,bulk-up,RG,2,baseline-arm64-s1-bulk-up-rg-r2-20260924T102238Z,2026-09-24T10:28:45Z,rss_kb_cli,29748,kB
s1,bulk-up,RG,2,baseline-arm64-s1-bulk-up-rg-r2-20260924T102238Z,2026-09-24T10:28:45Z,rss_kb_srv,34356,kB
s1,bulk-up,RG,2,baseline-arm64-s1-bulk-up-rg-r2-20260924T102238Z,2026-09-24T10:28:45Z,hwm_kb_cli,31468,kB
s1,bulk-up,RG,2,baseline-arm64-s1-bulk-up-rg-r2-20260924T102238Z,2026-09-24T10:28:45Z,hwm_kb_srv,35840,kB
s1,bulk-up,RG,2,baseline-arm64-s1-bulk-up-rg-r2-20260924T102238Z,2026-09-24T10:28:45Z,out_segs_cli,1541112,segments
s1,bulk-up,RG,2,baseline-arm64-s1-bulk-up-rg-r2-20260924T102238Z,2026-09-24T10:28:45Z,out_segs_srv,25484,segments
s1,bulk-up,RG,2,baseline-arm64-s1-bulk-up-rg-r2-20260924T102238Z,2026-09-24T10:28:45Z,retrans_pct_cli,0.374404975109,% of OutSegs
s1,bulk-up,RG,2,baseline-arm64-s1-bulk-up-rg-r2-20260924T102238Z,2026-09-24T10:28:45Z,retrans_pct_srv,0.0078480615288,% of OutSegs
s1,bulk-up,RG,2,baseline-arm64-s1-bulk-up-rg-r2-20260924T102238Z,2026-09-24T10:28:45Z,retrans_segs_cli,5770,segments
s1,bulk-up,RG,2,baseline-arm64-s1-bulk-up-rg-r2-20260924T102238Z,2026-09-24T10:28:45Z,retrans_segs_srv,2,segments
s1,bulk-up,RG,2,baseline-arm64-s1-bulk-up-rg-r2-20260924T102238Z,2026-09-24T10:28:45Z,fast_retrans_segs_cli,0,segments
s1,bulk-up,RG,2,baseline-arm64-s1-bulk-up-rg-r2-20260924T102238Z,2026-09-24T10:28:45Z,fast_retrans_segs_srv,0,segments
s1,bulk-up,RG,2,baseline-arm64-s1-bulk-up-rg-r2-20260924T102238Z,2026-09-24T10:28:45Z,early_retrans_segs_cli,0,segments
s1,bulk-up,RG,2,baseline-arm64-s1-bulk-up-rg-r2-20260924T102238Z,2026-09-24T10:28:45Z,early_retrans_segs_srv,0,segments
s1,bulk-up,RG,2,baseline-arm64-s1-bulk-up-rg-r2-20260924T102238Z,2026-09-24T10:28:45Z,lost_segs_cli,5770,segments
s1,bulk-up,RG,2,baseline-arm64-s1-bulk-up-rg-r2-20260924T102238Z,2026-09-24T10:28:45Z,lost_segs_srv,2,segments
s1,bulk-up,RG,2,baseline-arm64-s1-bulk-up-rg-r2-20260924T102238Z,2026-09-24T10:28:45Z,repeat_segs_cli,2,segments
s1,bulk-up,RG,2,baseline-arm64-s1-bulk-up-rg-r2-20260924T102238Z,2026-09-24T10:28:45Z,repeat_segs_srv,4477,segments
s1,bulk-up,GG,3,baseline-arm64-s1-bulk-up-gg-r3-20260924T102238Z,2026-09-24T10:29:33Z,goodput_mbit_s,587.051501447,Mbit/s
s1,bulk-up,GG,3,baseline-arm64-s1-bulk-up-gg-r3-20260924T102238Z,2026-09-24T10:29:33Z,tcp_retransmits,80,segments
s1,bulk-up,GG,3,baseline-arm64-s1-bulk-up-gg-r3-20260924T102238Z,2026-09-24T10:29:33Z,cpu_s_per_gb_cli,15.3160197412,s/GB
s1,bulk-up,GG,3,baseline-arm64-s1-bulk-up-gg-r3-20260924T102238Z,2026-09-24T10:29:33Z,cpu_s_per_gb_srv,8.40064605915,s/GB
s1,bulk-up,GG,3,baseline-arm64-s1-bulk-up-gg-r3-20260924T102238Z,2026-09-24T10:29:33Z,cpu_s_per_gb_total,23.7166658004,s/GB
s1,bulk-up,GG,3,baseline-arm64-s1-bulk-up-gg-r3-20260924T102238Z,2026-09-24T10:29:33Z,rss_kb_cli,59224,kB
s1,bulk-up,GG,3,baseline-arm64-s1-bulk-up-gg-r3-20260924T102238Z,2026-09-24T10:29:33Z,rss_kb_srv,55344,kB
s1,bulk-up,GG,3,baseline-arm64-s1-bulk-up-gg-r3-20260924T102238Z,2026-09-24T10:29:33Z,hwm_kb_cli,63964,kB
s1,bulk-up,GG,3,baseline-arm64-s1-bulk-up-gg-r3-20260924T102238Z,2026-09-24T10:29:33Z,hwm_kb_srv,61412,kB
s1,bulk-up,GG,3,baseline-arm64-s1-bulk-up-gg-r3-20260924T102238Z,2026-09-24T10:29:33Z,out_segs_cli,1470402,segments
s1,bulk-up,GG,3,baseline-arm64-s1-bulk-up-gg-r3-20260924T102238Z,2026-09-24T10:29:33Z,out_segs_srv,228739,segments
s1,bulk-up,GG,3,baseline-arm64-s1-bulk-up-gg-r3-20260924T102238Z,2026-09-24T10:29:33Z,retrans_pct_cli,13.7699078211,% of OutSegs
s1,bulk-up,GG,3,baseline-arm64-s1-bulk-up-gg-r3-20260924T102238Z,2026-09-24T10:29:33Z,retrans_pct_srv,0.000437179492784,% of OutSegs
s1,bulk-up,GG,3,baseline-arm64-s1-bulk-up-gg-r3-20260924T102238Z,2026-09-24T10:29:33Z,retrans_segs_cli,202473,segments
s1,bulk-up,GG,3,baseline-arm64-s1-bulk-up-gg-r3-20260924T102238Z,2026-09-24T10:29:33Z,retrans_segs_srv,1,segments
s1,bulk-up,GG,3,baseline-arm64-s1-bulk-up-gg-r3-20260924T102238Z,2026-09-24T10:29:33Z,fast_retrans_segs_cli,142970,segments
s1,bulk-up,GG,3,baseline-arm64-s1-bulk-up-gg-r3-20260924T102238Z,2026-09-24T10:29:33Z,fast_retrans_segs_srv,0,segments
s1,bulk-up,GG,3,baseline-arm64-s1-bulk-up-gg-r3-20260924T102238Z,2026-09-24T10:29:33Z,early_retrans_segs_cli,6216,segments
s1,bulk-up,GG,3,baseline-arm64-s1-bulk-up-gg-r3-20260924T102238Z,2026-09-24T10:29:33Z,early_retrans_segs_srv,0,segments
s1,bulk-up,GG,3,baseline-arm64-s1-bulk-up-gg-r3-20260924T102238Z,2026-09-24T10:29:33Z,lost_segs_cli,53287,segments
s1,bulk-up,GG,3,baseline-arm64-s1-bulk-up-gg-r3-20260924T102238Z,2026-09-24T10:29:33Z,lost_segs_srv,1,segments
s1,bulk-up,GG,3,baseline-arm64-s1-bulk-up-gg-r3-20260924T102238Z,2026-09-24T10:29:33Z,repeat_segs_cli,1,segments
s1,bulk-up,GG,3,baseline-arm64-s1-bulk-up-gg-r3-20260924T102238Z,2026-09-24T10:29:33Z,repeat_segs_srv,15729,segments
s1,bulk-up,RR,3,baseline-arm64-s1-bulk-up-rr-r3-20260924T102238Z,2026-09-24T10:30:20Z,goodput_mbit_s,1060.27296829,Mbit/s
s1,bulk-up,RR,3,baseline-arm64-s1-bulk-up-rr-r3-20260924T102238Z,2026-09-24T10:30:20Z,tcp_retransmits,52,segments
s1,bulk-up,RR,3,baseline-arm64-s1-bulk-up-rr-r3-20260924T102238Z,2026-09-24T10:30:20Z,cpu_s_per_gb_cli,8.19590385426,s/GB
s1,bulk-up,RR,3,baseline-arm64-s1-bulk-up-rr-r3-20260924T102238Z,2026-09-24T10:30:20Z,cpu_s_per_gb_srv,4.36385676916,s/GB
s1,bulk-up,RR,3,baseline-arm64-s1-bulk-up-rr-r3-20260924T102238Z,2026-09-24T10:30:20Z,cpu_s_per_gb_total,12.5597606234,s/GB
s1,bulk-up,RR,3,baseline-arm64-s1-bulk-up-rr-r3-20260924T102238Z,2026-09-24T10:30:20Z,rss_kb_cli,29932,kB
s1,bulk-up,RR,3,baseline-arm64-s1-bulk-up-rr-r3-20260924T102238Z,2026-09-24T10:30:20Z,rss_kb_srv,19112,kB
s1,bulk-up,RR,3,baseline-arm64-s1-bulk-up-rr-r3-20260924T102238Z,2026-09-24T10:30:20Z,hwm_kb_cli,30720,kB
s1,bulk-up,RR,3,baseline-arm64-s1-bulk-up-rr-r3-20260924T102238Z,2026-09-24T10:30:20Z,hwm_kb_srv,19112,kB
s1,bulk-up,RR,3,baseline-arm64-s1-bulk-up-rr-r3-20260924T102238Z,2026-09-24T10:30:20Z,out_segs_cli,2255697,segments
s1,bulk-up,RR,3,baseline-arm64-s1-bulk-up-rr-r3-20260924T102238Z,2026-09-24T10:30:20Z,out_segs_srv,36928,segments
s1,bulk-up,RR,3,baseline-arm64-s1-bulk-up-rr-r3-20260924T102238Z,2026-09-24T10:30:20Z,retrans_pct_cli,0,% of OutSegs
s1,bulk-up,RR,3,baseline-arm64-s1-bulk-up-rr-r3-20260924T102238Z,2026-09-24T10:30:20Z,retrans_pct_srv,0,% of OutSegs
s1,bulk-up,RR,3,baseline-arm64-s1-bulk-up-rr-r3-20260924T102238Z,2026-09-24T10:30:20Z,retrans_segs_cli,0,segments
s1,bulk-up,RR,3,baseline-arm64-s1-bulk-up-rr-r3-20260924T102238Z,2026-09-24T10:30:20Z,retrans_segs_srv,0,segments
s1,bulk-up,RR,3,baseline-arm64-s1-bulk-up-rr-r3-20260924T102238Z,2026-09-24T10:30:20Z,fast_retrans_segs_cli,0,segments
s1,bulk-up,RR,3,baseline-arm64-s1-bulk-up-rr-r3-20260924T102238Z,2026-09-24T10:30:20Z,fast_retrans_segs_srv,0,segments
s1,bulk-up,RR,3,baseline-arm64-s1-bulk-up-rr-r3-20260924T102238Z,2026-09-24T10:30:20Z,early_retrans_segs_cli,0,segments
s1,bulk-up,RR,3,baseline-arm64-s1-bulk-up-rr-r3-20260924T102238Z,2026-09-24T10:30:20Z,early_retrans_segs_srv,0,segments
s1,bulk-up,RR,3,baseline-arm64-s1-bulk-up-rr-r3-20260924T102238Z,2026-09-24T10:30:20Z,lost_segs_cli,0,segments
s1,bulk-up,RR,3,baseline-arm64-s1-bulk-up-rr-r3-20260924T102238Z,2026-09-24T10:30:20Z,lost_segs_srv,0,segments
s1,bulk-up,RR,3,baseline-arm64-s1-bulk-up-rr-r3-20260924T102238Z,2026-09-24T10:30:20Z,repeat_segs_cli,0,segments
s1,bulk-up,RR,3,baseline-arm64-s1-bulk-up-rr-r3-20260924T102238Z,2026-09-24T10:30:20Z,repeat_segs_srv,0,segments
s1,bulk-up,GR,3,baseline-arm64-s1-bulk-up-gr-r3-20260924T102238Z,2026-09-24T10:31:07Z,goodput_mbit_s,764.95145654,Mbit/s
s1,bulk-up,GR,3,baseline-arm64-s1-bulk-up-gr-r3-20260924T102238Z,2026-09-24T10:31:07Z,tcp_retransmits,87,segments
s1,bulk-up,GR,3,baseline-arm64-s1-bulk-up-gr-r3-20260924T102238Z,2026-09-24T10:31:07Z,cpu_s_per_gb_cli,12.11272244,s/GB
s1,bulk-up,GR,3,baseline-arm64-s1-bulk-up-gr-r3-20260924T102238Z,2026-09-24T10:31:07Z,cpu_s_per_gb_srv,4.595201996,s/GB
s1,bulk-up,GR,3,baseline-arm64-s1-bulk-up-gr-r3-20260924T102238Z,2026-09-24T10:31:07Z,cpu_s_per_gb_total,16.707924436,s/GB
s1,bulk-up,GR,3,baseline-arm64-s1-bulk-up-gr-r3-20260924T102238Z,2026-09-24T10:31:07Z,rss_kb_cli,55012,kB
s1,bulk-up,GR,3,baseline-arm64-s1-bulk-up-gr-r3-20260924T102238Z,2026-09-24T10:31:07Z,rss_kb_srv,18008,kB
s1,bulk-up,GR,3,baseline-arm64-s1-bulk-up-gr-r3-20260924T102238Z,2026-09-24T10:31:07Z,hwm_kb_cli,55012,kB
s1,bulk-up,GR,3,baseline-arm64-s1-bulk-up-gr-r3-20260924T102238Z,2026-09-24T10:31:07Z,hwm_kb_srv,18552,kB
s1,bulk-up,GR,3,baseline-arm64-s1-bulk-up-gr-r3-20260924T102238Z,2026-09-24T10:31:07Z,out_segs_cli,1788240,segments
s1,bulk-up,GR,3,baseline-arm64-s1-bulk-up-gr-r3-20260924T102238Z,2026-09-24T10:31:07Z,out_segs_srv,251770,segments
s1,bulk-up,GR,3,baseline-arm64-s1-bulk-up-gr-r3-20260924T102238Z,2026-09-24T10:31:07Z,retrans_pct_cli,6.01915850221,% of OutSegs
s1,bulk-up,GR,3,baseline-arm64-s1-bulk-up-gr-r3-20260924T102238Z,2026-09-24T10:31:07Z,retrans_pct_srv,0.0003971879096,% of OutSegs
s1,bulk-up,GR,3,baseline-arm64-s1-bulk-up-gr-r3-20260924T102238Z,2026-09-24T10:31:07Z,retrans_segs_cli,107637,segments
s1,bulk-up,GR,3,baseline-arm64-s1-bulk-up-gr-r3-20260924T102238Z,2026-09-24T10:31:07Z,retrans_segs_srv,1,segments
s1,bulk-up,GR,3,baseline-arm64-s1-bulk-up-gr-r3-20260924T102238Z,2026-09-24T10:31:07Z,fast_retrans_segs_cli,90548,segments
s1,bulk-up,GR,3,baseline-arm64-s1-bulk-up-gr-r3-20260924T102238Z,2026-09-24T10:31:07Z,fast_retrans_segs_srv,0,segments
s1,bulk-up,GR,3,baseline-arm64-s1-bulk-up-gr-r3-20260924T102238Z,2026-09-24T10:31:07Z,early_retrans_segs_cli,2614,segments
s1,bulk-up,GR,3,baseline-arm64-s1-bulk-up-gr-r3-20260924T102238Z,2026-09-24T10:31:07Z,early_retrans_segs_srv,0,segments
s1,bulk-up,GR,3,baseline-arm64-s1-bulk-up-gr-r3-20260924T102238Z,2026-09-24T10:31:07Z,lost_segs_cli,14475,segments
s1,bulk-up,GR,3,baseline-arm64-s1-bulk-up-gr-r3-20260924T102238Z,2026-09-24T10:31:07Z,lost_segs_srv,1,segments
s1,bulk-up,GR,3,baseline-arm64-s1-bulk-up-gr-r3-20260924T102238Z,2026-09-24T10:31:07Z,repeat_segs_cli,1,segments
s1,bulk-up,GR,3,baseline-arm64-s1-bulk-up-gr-r3-20260924T102238Z,2026-09-24T10:31:07Z,repeat_segs_srv,10038,segments
s1,bulk-up,RG,3,baseline-arm64-s1-bulk-up-rg-r3-20260924T102238Z,2026-09-24T10:31:54Z,goodput_mbit_s,754.451854251,Mbit/s
s1,bulk-up,RG,3,baseline-arm64-s1-bulk-up-rg-r3-20260924T102238Z,2026-09-24T10:31:54Z,tcp_retransmits,95,segments
s1,bulk-up,RG,3,baseline-arm64-s1-bulk-up-rg-r3-20260924T102238Z,2026-09-24T10:31:54Z,cpu_s_per_gb_cli,9.04903867763,s/GB
s1,bulk-up,RG,3,baseline-arm64-s1-bulk-up-rg-r3-20260924T102238Z,2026-09-24T10:31:54Z,cpu_s_per_gb_srv,8.23796491215,s/GB
s1,bulk-up,RG,3,baseline-arm64-s1-bulk-up-rg-r3-20260924T102238Z,2026-09-24T10:31:54Z,cpu_s_per_gb_total,17.2870035898,s/GB
s1,bulk-up,RG,3,baseline-arm64-s1-bulk-up-rg-r3-20260924T102238Z,2026-09-24T10:31:54Z,rss_kb_cli,27908,kB
s1,bulk-up,RG,3,baseline-arm64-s1-bulk-up-rg-r3-20260924T102238Z,2026-09-24T10:31:54Z,rss_kb_srv,37612,kB
s1,bulk-up,RG,3,baseline-arm64-s1-bulk-up-rg-r3-20260924T102238Z,2026-09-24T10:31:54Z,hwm_kb_cli,30848,kB
s1,bulk-up,RG,3,baseline-arm64-s1-bulk-up-rg-r3-20260924T102238Z,2026-09-24T10:31:54Z,hwm_kb_srv,40848,kB
s1,bulk-up,RG,3,baseline-arm64-s1-bulk-up-rg-r3-20260924T102238Z,2026-09-24T10:31:54Z,out_segs_cli,1604938,segments
s1,bulk-up,RG,3,baseline-arm64-s1-bulk-up-rg-r3-20260924T102238Z,2026-09-24T10:31:54Z,out_segs_srv,25833,segments
s1,bulk-up,RG,3,baseline-arm64-s1-bulk-up-rg-r3-20260924T102238Z,2026-09-24T10:31:54Z,retrans_pct_cli,0.291163895428,% of OutSegs
s1,bulk-up,RG,3,baseline-arm64-s1-bulk-up-rg-r3-20260924T102238Z,2026-09-24T10:31:54Z,retrans_pct_srv,0,% of OutSegs
s1,bulk-up,RG,3,baseline-arm64-s1-bulk-up-rg-r3-20260924T102238Z,2026-09-24T10:31:54Z,retrans_segs_cli,4673,segments
s1,bulk-up,RG,3,baseline-arm64-s1-bulk-up-rg-r3-20260924T102238Z,2026-09-24T10:31:54Z,retrans_segs_srv,0,segments
s1,bulk-up,RG,3,baseline-arm64-s1-bulk-up-rg-r3-20260924T102238Z,2026-09-24T10:31:54Z,fast_retrans_segs_cli,0,segments
s1,bulk-up,RG,3,baseline-arm64-s1-bulk-up-rg-r3-20260924T102238Z,2026-09-24T10:31:54Z,fast_retrans_segs_srv,0,segments
s1,bulk-up,RG,3,baseline-arm64-s1-bulk-up-rg-r3-20260924T102238Z,2026-09-24T10:31:54Z,early_retrans_segs_cli,0,segments
s1,bulk-up,RG,3,baseline-arm64-s1-bulk-up-rg-r3-20260924T102238Z,2026-09-24T10:31:54Z,early_retrans_segs_srv,0,segments
s1,bulk-up,RG,3,baseline-arm64-s1-bulk-up-rg-r3-20260924T102238Z,2026-09-24T10:31:54Z,lost_segs_cli,4673,segments
s1,bulk-up,RG,3,baseline-arm64-s1-bulk-up-rg-r3-20260924T102238Z,2026-09-24T10:31:54Z,lost_segs_srv,0,segments
s1,bulk-up,RG,3,baseline-arm64-s1-bulk-up-rg-r3-20260924T102238Z,2026-09-24T10:31:54Z,repeat_segs_cli,0,segments
s1,bulk-up,RG,3,baseline-arm64-s1-bulk-up-rg-r3-20260924T102238Z,2026-09-24T10:31:54Z,repeat_segs_srv,4673,segments
s1,bulk-up,GG,4,baseline-arm64-s1-bulk-up-gg-r4-20260924T102238Z,2026-09-24T10:32:41Z,goodput_mbit_s,542.162896386,Mbit/s
s1,bulk-up,GG,4,baseline-arm64-s1-bulk-up-gg-r4-20260924T102238Z,2026-09-24T10:32:41Z,tcp_retransmits,148,segments
s1,bulk-up,GG,4,baseline-arm64-s1-bulk-up-gg-r4-20260924T102238Z,2026-09-24T10:32:41Z,cpu_s_per_gb_cli,16.125916536,s/GB
s1,bulk-up,GG,4,baseline-arm64-s1-bulk-up-gg-r4-20260924T102238Z,2026-09-24T10:32:41Z,cpu_s_per_gb_srv,8.7818777295,s/GB
s1,bulk-up,GG,4,baseline-arm64-s1-bulk-up-gg-r4-20260924T102238Z,2026-09-24T10:32:41Z,cpu_s_per_gb_total,24.9077942655,s/GB
s1,bulk-up,GG,4,baseline-arm64-s1-bulk-up-gg-r4-20260924T102238Z,2026-09-24T10:32:41Z,rss_kb_cli,57756,kB
s1,bulk-up,GG,4,baseline-arm64-s1-bulk-up-gg-r4-20260924T102238Z,2026-09-24T10:32:41Z,rss_kb_srv,57840,kB
s1,bulk-up,GG,4,baseline-arm64-s1-bulk-up-gg-r4-20260924T102238Z,2026-09-24T10:32:41Z,hwm_kb_cli,57756,kB
s1,bulk-up,GG,4,baseline-arm64-s1-bulk-up-gg-r4-20260924T102238Z,2026-09-24T10:32:41Z,hwm_kb_srv,58252,kB
s1,bulk-up,GG,4,baseline-arm64-s1-bulk-up-gg-r4-20260924T102238Z,2026-09-24T10:32:41Z,out_segs_cli,1344830,segments
s1,bulk-up,GG,4,baseline-arm64-s1-bulk-up-gg-r4-20260924T102238Z,2026-09-24T10:32:41Z,out_segs_srv,245029,segments
s1,bulk-up,GG,4,baseline-arm64-s1-bulk-up-gg-r4-20260924T102238Z,2026-09-24T10:32:41Z,retrans_pct_cli,13.2212249875,% of OutSegs
s1,bulk-up,GG,4,baseline-arm64-s1-bulk-up-gg-r4-20260924T102238Z,2026-09-24T10:32:41Z,retrans_pct_srv,0.000816229915643,% of OutSegs
s1,bulk-up,GG,4,baseline-arm64-s1-bulk-up-gg-r4-20260924T102238Z,2026-09-24T10:32:41Z,retrans_segs_cli,177803,segments
s1,bulk-up,GG,4,baseline-arm64-s1-bulk-up-gg-r4-20260924T102238Z,2026-09-24T10:32:41Z,retrans_segs_srv,2,segments
s1,bulk-up,GG,4,baseline-arm64-s1-bulk-up-gg-r4-20260924T102238Z,2026-09-24T10:32:41Z,fast_retrans_segs_cli,138817,segments
s1,bulk-up,GG,4,baseline-arm64-s1-bulk-up-gg-r4-20260924T102238Z,2026-09-24T10:32:41Z,fast_retrans_segs_srv,0,segments
s1,bulk-up,GG,4,baseline-arm64-s1-bulk-up-gg-r4-20260924T102238Z,2026-09-24T10:32:41Z,early_retrans_segs_cli,4956,segments
s1,bulk-up,GG,4,baseline-arm64-s1-bulk-up-gg-r4-20260924T102238Z,2026-09-24T10:32:41Z,early_retrans_segs_srv,0,segments
s1,bulk-up,GG,4,baseline-arm64-s1-bulk-up-gg-r4-20260924T102238Z,2026-09-24T10:32:41Z,lost_segs_cli,34030,segments
s1,bulk-up,GG,4,baseline-arm64-s1-bulk-up-gg-r4-20260924T102238Z,2026-09-24T10:32:41Z,lost_segs_srv,2,segments
s1,bulk-up,GG,4,baseline-arm64-s1-bulk-up-gg-r4-20260924T102238Z,2026-09-24T10:32:41Z,repeat_segs_cli,2,segments
s1,bulk-up,GG,4,baseline-arm64-s1-bulk-up-gg-r4-20260924T102238Z,2026-09-24T10:32:41Z,repeat_segs_srv,7800,segments
s1,bulk-up,RR,4,baseline-arm64-s1-bulk-up-rr-r4-20260924T102238Z,2026-09-24T10:33:28Z,goodput_mbit_s,1011.00298384,Mbit/s
s1,bulk-up,RR,4,baseline-arm64-s1-bulk-up-rr-r4-20260924T102238Z,2026-09-24T10:33:28Z,tcp_retransmits,66,segments
s1,bulk-up,RR,4,baseline-arm64-s1-bulk-up-rr-r4-20260924T102238Z,2026-09-24T10:33:28Z,cpu_s_per_gb_cli,8.39799066202,s/GB
s1,bulk-up,RR,4,baseline-arm64-s1-bulk-up-rr-r4-20260924T102238Z,2026-09-24T10:33:28Z,cpu_s_per_gb_srv,4.49765208795,s/GB
s1,bulk-up,RR,4,baseline-arm64-s1-bulk-up-rr-r4-20260924T102238Z,2026-09-24T10:33:28Z,cpu_s_per_gb_total,12.89564275,s/GB
s1,bulk-up,RR,4,baseline-arm64-s1-bulk-up-rr-r4-20260924T102238Z,2026-09-24T10:33:28Z,rss_kb_cli,27348,kB
s1,bulk-up,RR,4,baseline-arm64-s1-bulk-up-rr-r4-20260924T102238Z,2026-09-24T10:33:28Z,rss_kb_srv,16648,kB
s1,bulk-up,RR,4,baseline-arm64-s1-bulk-up-rr-r4-20260924T102238Z,2026-09-24T10:33:28Z,hwm_kb_cli,30628,kB
s1,bulk-up,RR,4,baseline-arm64-s1-bulk-up-rr-r4-20260924T102238Z,2026-09-24T10:33:28Z,hwm_kb_srv,16648,kB
s1,bulk-up,RR,4,baseline-arm64-s1-bulk-up-rr-r4-20260924T102238Z,2026-09-24T10:33:28Z,out_segs_cli,2150569,segments
s1,bulk-up,RR,4,baseline-arm64-s1-bulk-up-rr-r4-20260924T102238Z,2026-09-24T10:33:28Z,out_segs_srv,35181,segments
s1,bulk-up,RR,4,baseline-arm64-s1-bulk-up-rr-r4-20260924T102238Z,2026-09-24T10:33:28Z,retrans_pct_cli,0,% of OutSegs
s1,bulk-up,RR,4,baseline-arm64-s1-bulk-up-rr-r4-20260924T102238Z,2026-09-24T10:33:28Z,retrans_pct_srv,0,% of OutSegs
s1,bulk-up,RR,4,baseline-arm64-s1-bulk-up-rr-r4-20260924T102238Z,2026-09-24T10:33:28Z,retrans_segs_cli,0,segments
s1,bulk-up,RR,4,baseline-arm64-s1-bulk-up-rr-r4-20260924T102238Z,2026-09-24T10:33:28Z,retrans_segs_srv,0,segments
s1,bulk-up,RR,4,baseline-arm64-s1-bulk-up-rr-r4-20260924T102238Z,2026-09-24T10:33:28Z,fast_retrans_segs_cli,0,segments
s1,bulk-up,RR,4,baseline-arm64-s1-bulk-up-rr-r4-20260924T102238Z,2026-09-24T10:33:28Z,fast_retrans_segs_srv,0,segments
s1,bulk-up,RR,4,baseline-arm64-s1-bulk-up-rr-r4-20260924T102238Z,2026-09-24T10:33:28Z,early_retrans_segs_cli,0,segments
s1,bulk-up,RR,4,baseline-arm64-s1-bulk-up-rr-r4-20260924T102238Z,2026-09-24T10:33:28Z,early_retrans_segs_srv,0,segments
s1,bulk-up,RR,4,baseline-arm64-s1-bulk-up-rr-r4-20260924T102238Z,2026-09-24T10:33:28Z,lost_segs_cli,0,segments
s1,bulk-up,RR,4,baseline-arm64-s1-bulk-up-rr-r4-20260924T102238Z,2026-09-24T10:33:28Z,lost_segs_srv,0,segments
s1,bulk-up,RR,4,baseline-arm64-s1-bulk-up-rr-r4-20260924T102238Z,2026-09-24T10:33:28Z,repeat_segs_cli,0,segments
s1,bulk-up,RR,4,baseline-arm64-s1-bulk-up-rr-r4-20260924T102238Z,2026-09-24T10:33:28Z,repeat_segs_srv,0,segments
s1,bulk-up,GR,4,baseline-arm64-s1-bulk-up-gr-r4-20260924T102238Z,2026-09-24T10:34:16Z,goodput_mbit_s,744.233179194,Mbit/s
s1,bulk-up,GR,4,baseline-arm64-s1-bulk-up-gr-r4-20260924T102238Z,2026-09-24T10:34:16Z,tcp_retransmits,97,segments
s1,bulk-up,GR,4,baseline-arm64-s1-bulk-up-gr-r4-20260924T102238Z,2026-09-24T10:34:16Z,cpu_s_per_gb_cli,12.3940710032,s/GB
s1,bulk-up,GR,4,baseline-arm64-s1-bulk-up-gr-r4-20260924T102238Z,2026-09-24T10:34:16Z,cpu_s_per_gb_srv,4.64912030259,s/GB
s1,bulk-up,GR,4,baseline-arm64-s1-bulk-up-gr-r4-20260924T102238Z,2026-09-24T10:34:16Z,cpu_s_per_gb_total,17.0431913058,s/GB
s1,bulk-up,GR,4,baseline-arm64-s1-bulk-up-gr-r4-20260924T102238Z,2026-09-24T10:34:16Z,rss_kb_cli,52868,kB
s1,bulk-up,GR,4,baseline-arm64-s1-bulk-up-gr-r4-20260924T102238Z,2026-09-24T10:34:16Z,rss_kb_srv,17104,kB
s1,bulk-up,GR,4,baseline-arm64-s1-bulk-up-gr-r4-20260924T102238Z,2026-09-24T10:34:16Z,hwm_kb_cli,52868,kB
s1,bulk-up,GR,4,baseline-arm64-s1-bulk-up-gr-r4-20260924T102238Z,2026-09-24T10:34:16Z,hwm_kb_srv,18676,kB
s1,bulk-up,GR,4,baseline-arm64-s1-bulk-up-gr-r4-20260924T102238Z,2026-09-24T10:34:16Z,out_segs_cli,1771383,segments
s1,bulk-up,GR,4,baseline-arm64-s1-bulk-up-gr-r4-20260924T102238Z,2026-09-24T10:34:16Z,out_segs_srv,251907,segments
s1,bulk-up,GR,4,baseline-arm64-s1-bulk-up-gr-r4-20260924T102238Z,2026-09-24T10:34:16Z,retrans_pct_cli,5.16720551117,% of OutSegs
s1,bulk-up,GR,4,baseline-arm64-s1-bulk-up-gr-r4-20260924T102238Z,2026-09-24T10:34:16Z,retrans_pct_srv,0.000396971898359,% of OutSegs
s1,bulk-up,GR,4,baseline-arm64-s1-bulk-up-gr-r4-20260924T102238Z,2026-09-24T10:34:16Z,retrans_segs_cli,91531,segments
s1,bulk-up,GR,4,baseline-arm64-s1-bulk-up-gr-r4-20260924T102238Z,2026-09-24T10:34:16Z,retrans_segs_srv,1,segments
s1,bulk-up,GR,4,baseline-arm64-s1-bulk-up-gr-r4-20260924T102238Z,2026-09-24T10:34:16Z,fast_retrans_segs_cli,80200,segments
s1,bulk-up,GR,4,baseline-arm64-s1-bulk-up-gr-r4-20260924T102238Z,2026-09-24T10:34:16Z,fast_retrans_segs_srv,0,segments
s1,bulk-up,GR,4,baseline-arm64-s1-bulk-up-gr-r4-20260924T102238Z,2026-09-24T10:34:16Z,early_retrans_segs_cli,2484,segments
s1,bulk-up,GR,4,baseline-arm64-s1-bulk-up-gr-r4-20260924T102238Z,2026-09-24T10:34:16Z,early_retrans_segs_srv,0,segments
s1,bulk-up,GR,4,baseline-arm64-s1-bulk-up-gr-r4-20260924T102238Z,2026-09-24T10:34:16Z,lost_segs_cli,8847,segments
s1,bulk-up,GR,4,baseline-arm64-s1-bulk-up-gr-r4-20260924T102238Z,2026-09-24T10:34:16Z,lost_segs_srv,1,segments
s1,bulk-up,GR,4,baseline-arm64-s1-bulk-up-gr-r4-20260924T102238Z,2026-09-24T10:34:16Z,repeat_segs_cli,1,segments
s1,bulk-up,GR,4,baseline-arm64-s1-bulk-up-gr-r4-20260924T102238Z,2026-09-24T10:34:16Z,repeat_segs_srv,3558,segments
s1,bulk-up,RG,4,baseline-arm64-s1-bulk-up-rg-r4-20260924T102238Z,2026-09-24T10:35:03Z,goodput_mbit_s,732.928263001,Mbit/s
s1,bulk-up,RG,4,baseline-arm64-s1-bulk-up-rg-r4-20260924T102238Z,2026-09-24T10:35:03Z,tcp_retransmits,79,segments
s1,bulk-up,RG,4,baseline-arm64-s1-bulk-up-rg-r4-20260924T102238Z,2026-09-24T10:35:03Z,cpu_s_per_gb_cli,9.1692372968,s/GB
s1,bulk-up,RG,4,baseline-arm64-s1-bulk-up-rg-r4-20260924T102238Z,2026-09-24T10:35:03Z,cpu_s_per_gb_srv,8.55831845251,s/GB
s1,bulk-up,RG,4,baseline-arm64-s1-bulk-up-rg-r4-20260924T102238Z,2026-09-24T10:35:03Z,cpu_s_per_gb_total,17.7275557493,s/GB
s1,bulk-up,RG,4,baseline-arm64-s1-bulk-up-rg-r4-20260924T102238Z,2026-09-24T10:35:03Z,rss_kb_cli,27132,kB
s1,bulk-up,RG,4,baseline-arm64-s1-bulk-up-rg-r4-20260924T102238Z,2026-09-24T10:35:03Z,rss_kb_srv,35948,kB
s1,bulk-up,RG,4,baseline-arm64-s1-bulk-up-rg-r4-20260924T102238Z,2026-09-24T10:35:03Z,hwm_kb_cli,30704,kB
s1,bulk-up,RG,4,baseline-arm64-s1-bulk-up-rg-r4-20260924T102238Z,2026-09-24T10:35:03Z,hwm_kb_srv,37048,kB
s1,bulk-up,RG,4,baseline-arm64-s1-bulk-up-rg-r4-20260924T102238Z,2026-09-24T10:35:03Z,out_segs_cli,1551536,segments
s1,bulk-up,RG,4,baseline-arm64-s1-bulk-up-rg-r4-20260924T102238Z,2026-09-24T10:35:03Z,out_segs_srv,25416,segments
s1,bulk-up,RG,4,baseline-arm64-s1-bulk-up-rg-r4-20260924T102238Z,2026-09-24T10:35:03Z,retrans_pct_cli,0.375241051448,% of OutSegs
s1,bulk-up,RG,4,baseline-arm64-s1-bulk-up-rg-r4-20260924T102238Z,2026-09-24T10:35:03Z,retrans_pct_srv,0.00786905886056,% of OutSegs
s1,bulk-up,RG,4,baseline-arm64-s1-bulk-up-rg-r4-20260924T102238Z,2026-09-24T10:35:03Z,retrans_segs_cli,5822,segments
s1,bulk-up,RG,4,baseline-arm64-s1-bulk-up-rg-r4-20260924T102238Z,2026-09-24T10:35:03Z,retrans_segs_srv,2,segments
s1,bulk-up,RG,4,baseline-arm64-s1-bulk-up-rg-r4-20260924T102238Z,2026-09-24T10:35:03Z,fast_retrans_segs_cli,0,segments
s1,bulk-up,RG,4,baseline-arm64-s1-bulk-up-rg-r4-20260924T102238Z,2026-09-24T10:35:03Z,fast_retrans_segs_srv,0,segments
s1,bulk-up,RG,4,baseline-arm64-s1-bulk-up-rg-r4-20260924T102238Z,2026-09-24T10:35:03Z,early_retrans_segs_cli,0,segments
s1,bulk-up,RG,4,baseline-arm64-s1-bulk-up-rg-r4-20260924T102238Z,2026-09-24T10:35:03Z,early_retrans_segs_srv,0,segments
s1,bulk-up,RG,4,baseline-arm64-s1-bulk-up-rg-r4-20260924T102238Z,2026-09-24T10:35:03Z,lost_segs_cli,5822,segments
s1,bulk-up,RG,4,baseline-arm64-s1-bulk-up-rg-r4-20260924T102238Z,2026-09-24T10:35:03Z,lost_segs_srv,2,segments
s1,bulk-up,RG,4,baseline-arm64-s1-bulk-up-rg-r4-20260924T102238Z,2026-09-24T10:35:03Z,repeat_segs_cli,2,segments
s1,bulk-up,RG,4,baseline-arm64-s1-bulk-up-rg-r4-20260924T102238Z,2026-09-24T10:35:03Z,repeat_segs_srv,5822,segments
s1,bulk-up,GG,5,baseline-arm64-s1-bulk-up-gg-r5-20260924T102238Z,2026-09-24T10:35:50Z,goodput_mbit_s,472.601909941,Mbit/s
s1,bulk-up,GG,5,baseline-arm64-s1-bulk-up-gg-r5-20260924T102238Z,2026-09-24T10:35:50Z,tcp_retransmits,128,segments
s1,bulk-up,GG,5,baseline-arm64-s1-bulk-up-gg-r5-20260924T102238Z,2026-09-24T10:35:50Z,cpu_s_per_gb_cli,17.5757014656,s/GB
s1,bulk-up,GG,5,baseline-arm64-s1-bulk-up-gg-r5-20260924T102238Z,2026-09-24T10:35:50Z,cpu_s_per_gb_srv,9.65521202324,s/GB
s1,bulk-up,GG,5,baseline-arm64-s1-bulk-up-gg-r5-20260924T102238Z,2026-09-24T10:35:50Z,cpu_s_per_gb_total,27.2309134889,s/GB
s1,bulk-up,GG,5,baseline-arm64-s1-bulk-up-gg-r5-20260924T102238Z,2026-09-24T10:35:50Z,rss_kb_cli,57776,kB
s1,bulk-up,GG,5,baseline-arm64-s1-bulk-up-gg-r5-20260924T102238Z,2026-09-24T10:35:50Z,rss_kb_srv,66728,kB
s1,bulk-up,GG,5,baseline-arm64-s1-bulk-up-gg-r5-20260924T102238Z,2026-09-24T10:35:50Z,hwm_kb_cli,60600,kB
s1,bulk-up,GG,5,baseline-arm64-s1-bulk-up-gg-r5-20260924T102238Z,2026-09-24T10:35:50Z,hwm_kb_srv,75384,kB
s1,bulk-up,GG,5,baseline-arm64-s1-bulk-up-gg-r5-20260924T102238Z,2026-09-24T10:35:50Z,out_segs_cli,1237816,segments
s1,bulk-up,GG,5,baseline-arm64-s1-bulk-up-gg-r5-20260924T102238Z,2026-09-24T10:35:50Z,out_segs_srv,226095,segments
s1,bulk-up,GG,5,baseline-arm64-s1-bulk-up-gg-r5-20260924T102238Z,2026-09-24T10:35:50Z,retrans_pct_cli,17.8831102523,% of OutSegs
s1,bulk-up,GG,5,baseline-arm64-s1-bulk-up-gg-r5-20260924T102238Z,2026-09-24T10:35:50Z,retrans_pct_srv,0.0022114597846,% of OutSegs
s1,bulk-up,GG,5,baseline-arm64-s1-bulk-up-gg-r5-20260924T102238Z,2026-09-24T10:35:50Z,retrans_segs_cli,221360,segments
s1,bulk-up,GG,5,baseline-arm64-s1-bulk-up-gg-r5-20260924T102238Z,2026-09-24T10:35:50Z,retrans_segs_srv,5,segments
s1,bulk-up,GG,5,baseline-arm64-s1-bulk-up-gg-r5-20260924T102238Z,2026-09-24T10:35:50Z,fast_retrans_segs_cli,124739,segments
s1,bulk-up,GG,5,baseline-arm64-s1-bulk-up-gg-r5-20260924T102238Z,2026-09-24T10:35:50Z,fast_retrans_segs_srv,0,segments
s1,bulk-up,GG,5,baseline-arm64-s1-bulk-up-gg-r5-20260924T102238Z,2026-09-24T10:35:50Z,early_retrans_segs_cli,4345,segments
s1,bulk-up,GG,5,baseline-arm64-s1-bulk-up-gg-r5-20260924T102238Z,2026-09-24T10:35:50Z,early_retrans_segs_srv,0,segments
s1,bulk-up,GG,5,baseline-arm64-s1-bulk-up-gg-r5-20260924T102238Z,2026-09-24T10:35:50Z,lost_segs_cli,92276,segments
s1,bulk-up,GG,5,baseline-arm64-s1-bulk-up-gg-r5-20260924T102238Z,2026-09-24T10:35:50Z,lost_segs_srv,5,segments
s1,bulk-up,GG,5,baseline-arm64-s1-bulk-up-gg-r5-20260924T102238Z,2026-09-24T10:35:50Z,repeat_segs_cli,6,segments
s1,bulk-up,GG,5,baseline-arm64-s1-bulk-up-gg-r5-20260924T102238Z,2026-09-24T10:35:50Z,repeat_segs_srv,41062,segments
s1,bulk-up,RR,5,baseline-arm64-s1-bulk-up-rr-r5-20260924T102238Z,2026-09-24T10:36:38Z,goodput_mbit_s,1022.45429531,Mbit/s
s1,bulk-up,RR,5,baseline-arm64-s1-bulk-up-rr-r5-20260924T102238Z,2026-09-24T10:36:38Z,tcp_retransmits,48,segments
s1,bulk-up,RR,5,baseline-arm64-s1-bulk-up-rr-r5-20260924T102238Z,2026-09-24T10:36:38Z,cpu_s_per_gb_cli,8.40234795587,s/GB
s1,bulk-up,RR,5,baseline-arm64-s1-bulk-up-rr-r5-20260924T102238Z,2026-09-24T10:36:38Z,cpu_s_per_gb_srv,4.59625644699,s/GB
s1,bulk-up,RR,5,baseline-arm64-s1-bulk-up-rr-r5-20260924T102238Z,2026-09-24T10:36:38Z,cpu_s_per_gb_total,12.9986044029,s/GB
s1,bulk-up,RR,5,baseline-arm64-s1-bulk-up-rr-r5-20260924T102238Z,2026-09-24T10:36:38Z,rss_kb_cli,30920,kB
s1,bulk-up,RR,5,baseline-arm64-s1-bulk-up-rr-r5-20260924T102238Z,2026-09-24T10:36:38Z,rss_kb_srv,19880,kB
s1,bulk-up,RR,5,baseline-arm64-s1-bulk-up-rr-r5-20260924T102238Z,2026-09-24T10:36:38Z,hwm_kb_cli,31400,kB
s1,bulk-up,RR,5,baseline-arm64-s1-bulk-up-rr-r5-20260924T102238Z,2026-09-24T10:36:38Z,hwm_kb_srv,19880,kB
s1,bulk-up,RR,5,baseline-arm64-s1-bulk-up-rr-r5-20260924T102238Z,2026-09-24T10:36:38Z,out_segs_cli,2194518,segments
s1,bulk-up,RR,5,baseline-arm64-s1-bulk-up-rr-r5-20260924T102238Z,2026-09-24T10:36:38Z,out_segs_srv,36024,segments
s1,bulk-up,RR,5,baseline-arm64-s1-bulk-up-rr-r5-20260924T102238Z,2026-09-24T10:36:38Z,retrans_pct_cli,0,% of OutSegs
s1,bulk-up,RR,5,baseline-arm64-s1-bulk-up-rr-r5-20260924T102238Z,2026-09-24T10:36:38Z,retrans_pct_srv,0.00277592715967,% of OutSegs
s1,bulk-up,RR,5,baseline-arm64-s1-bulk-up-rr-r5-20260924T102238Z,2026-09-24T10:36:38Z,retrans_segs_cli,0,segments
s1,bulk-up,RR,5,baseline-arm64-s1-bulk-up-rr-r5-20260924T102238Z,2026-09-24T10:36:38Z,retrans_segs_srv,1,segments
s1,bulk-up,RR,5,baseline-arm64-s1-bulk-up-rr-r5-20260924T102238Z,2026-09-24T10:36:38Z,fast_retrans_segs_cli,0,segments
s1,bulk-up,RR,5,baseline-arm64-s1-bulk-up-rr-r5-20260924T102238Z,2026-09-24T10:36:38Z,fast_retrans_segs_srv,0,segments
s1,bulk-up,RR,5,baseline-arm64-s1-bulk-up-rr-r5-20260924T102238Z,2026-09-24T10:36:38Z,early_retrans_segs_cli,0,segments
s1,bulk-up,RR,5,baseline-arm64-s1-bulk-up-rr-r5-20260924T102238Z,2026-09-24T10:36:38Z,early_retrans_segs_srv,0,segments
s1,bulk-up,RR,5,baseline-arm64-s1-bulk-up-rr-r5-20260924T102238Z,2026-09-24T10:36:38Z,lost_segs_cli,0,segments
s1,bulk-up,RR,5,baseline-arm64-s1-bulk-up-rr-r5-20260924T102238Z,2026-09-24T10:36:38Z,lost_segs_srv,1,segments
s1,bulk-up,RR,5,baseline-arm64-s1-bulk-up-rr-r5-20260924T102238Z,2026-09-24T10:36:38Z,repeat_segs_cli,1,segments
s1,bulk-up,RR,5,baseline-arm64-s1-bulk-up-rr-r5-20260924T102238Z,2026-09-24T10:36:38Z,repeat_segs_srv,0,segments
s1,bulk-up,GR,5,baseline-arm64-s1-bulk-up-gr-r5-20260924T102238Z,2026-09-24T10:37:25Z,goodput_mbit_s,806.629544065,Mbit/s
s1,bulk-up,GR,5,baseline-arm64-s1-bulk-up-gr-r5-20260924T102238Z,2026-09-24T10:37:25Z,tcp_retransmits,104,segments
s1,bulk-up,GR,5,baseline-arm64-s1-bulk-up-gr-r5-20260924T102238Z,2026-09-24T10:37:25Z,cpu_s_per_gb_cli,11.3042757546,s/GB
s1,bulk-up,GR,5,baseline-arm64-s1-bulk-up-gr-r5-20260924T102238Z,2026-09-24T10:37:25Z,cpu_s_per_gb_srv,4.47708816072,s/GB
s1,bulk-up,GR,5,baseline-arm64-s1-bulk-up-gr-r5-20260924T102238Z,2026-09-24T10:37:25Z,cpu_s_per_gb_total,15.7813639154,s/GB
s1,bulk-up,GR,5,baseline-arm64-s1-bulk-up-gr-r5-20260924T102238Z,2026-09-24T10:37:25Z,rss_kb_cli,52528,kB
s1,bulk-up,GR,5,baseline-arm64-s1-bulk-up-gr-r5-20260924T102238Z,2026-09-24T10:37:25Z,rss_kb_srv,16536,kB
s1,bulk-up,GR,5,baseline-arm64-s1-bulk-up-gr-r5-20260924T102238Z,2026-09-24T10:37:25Z,hwm_kb_cli,54552,kB
s1,bulk-up,GR,5,baseline-arm64-s1-bulk-up-gr-r5-20260924T102238Z,2026-09-24T10:37:25Z,hwm_kb_srv,18248,kB
s1,bulk-up,GR,5,baseline-arm64-s1-bulk-up-gr-r5-20260924T102238Z,2026-09-24T10:37:25Z,out_segs_cli,1837969,segments
s1,bulk-up,GR,5,baseline-arm64-s1-bulk-up-gr-r5-20260924T102238Z,2026-09-24T10:37:25Z,out_segs_srv,230323,segments
s1,bulk-up,GR,5,baseline-arm64-s1-bulk-up-gr-r5-20260924T102238Z,2026-09-24T10:37:25Z,retrans_pct_cli,3.81720257523,% of OutSegs
s1,bulk-up,GR,5,baseline-arm64-s1-bulk-up-gr-r5-20260924T102238Z,2026-09-24T10:37:25Z,retrans_pct_srv,0.000434172878957,% of OutSegs
s1,bulk-up,GR,5,baseline-arm64-s1-bulk-up-gr-r5-20260924T102238Z,2026-09-24T10:37:25Z,retrans_segs_cli,70159,segments
s1,bulk-up,GR,5,baseline-arm64-s1-bulk-up-gr-r5-20260924T102238Z,2026-09-24T10:37:25Z,retrans_segs_srv,1,segments
s1,bulk-up,GR,5,baseline-arm64-s1-bulk-up-gr-r5-20260924T102238Z,2026-09-24T10:37:25Z,fast_retrans_segs_cli,63413,segments
s1,bulk-up,GR,5,baseline-arm64-s1-bulk-up-gr-r5-20260924T102238Z,2026-09-24T10:37:25Z,fast_retrans_segs_srv,0,segments
s1,bulk-up,GR,5,baseline-arm64-s1-bulk-up-gr-r5-20260924T102238Z,2026-09-24T10:37:25Z,early_retrans_segs_cli,1772,segments
s1,bulk-up,GR,5,baseline-arm64-s1-bulk-up-gr-r5-20260924T102238Z,2026-09-24T10:37:25Z,early_retrans_segs_srv,0,segments
s1,bulk-up,GR,5,baseline-arm64-s1-bulk-up-gr-r5-20260924T102238Z,2026-09-24T10:37:25Z,lost_segs_cli,4974,segments
s1,bulk-up,GR,5,baseline-arm64-s1-bulk-up-gr-r5-20260924T102238Z,2026-09-24T10:37:25Z,lost_segs_srv,1,segments
s1,bulk-up,GR,5,baseline-arm64-s1-bulk-up-gr-r5-20260924T102238Z,2026-09-24T10:37:25Z,repeat_segs_cli,1,segments
s1,bulk-up,GR,5,baseline-arm64-s1-bulk-up-gr-r5-20260924T102238Z,2026-09-24T10:37:25Z,repeat_segs_srv,2692,segments
s1,bulk-up,RG,5,baseline-arm64-s1-bulk-up-rg-r5-20260924T102238Z,2026-09-24T10:38:13Z,goodput_mbit_s,718.152496852,Mbit/s
s1,bulk-up,RG,5,baseline-arm64-s1-bulk-up-rg-r5-20260924T102238Z,2026-09-24T10:38:13Z,tcp_retransmits,77,segments
s1,bulk-up,RG,5,baseline-arm64-s1-bulk-up-rg-r5-20260924T102238Z,2026-09-24T10:38:13Z,cpu_s_per_gb_cli,9.40602664942,s/GB
s1,bulk-up,RG,5,baseline-arm64-s1-bulk-up-rg-r5-20260924T102238Z,2026-09-24T10:38:13Z,cpu_s_per_gb_srv,8.64397718108,s/GB
s1,bulk-up,RG,5,baseline-arm64-s1-bulk-up-rg-r5-20260924T102238Z,2026-09-24T10:38:13Z,cpu_s_per_gb_total,18.0500038305,s/GB
s1,bulk-up,RG,5,baseline-arm64-s1-bulk-up-rg-r5-20260924T102238Z,2026-09-24T10:38:13Z,rss_kb_cli,29520,kB
s1,bulk-up,RG,5,baseline-arm64-s1-bulk-up-rg-r5-20260924T102238Z,2026-09-24T10:38:13Z,rss_kb_srv,54100,kB
s1,bulk-up,RG,5,baseline-arm64-s1-bulk-up-rg-r5-20260924T102238Z,2026-09-24T10:38:13Z,hwm_kb_cli,30736,kB
s1,bulk-up,RG,5,baseline-arm64-s1-bulk-up-rg-r5-20260924T102238Z,2026-09-24T10:38:13Z,hwm_kb_srv,56052,kB
s1,bulk-up,RG,5,baseline-arm64-s1-bulk-up-rg-r5-20260924T102238Z,2026-09-24T10:38:13Z,out_segs_cli,1535503,segments
s1,bulk-up,RG,5,baseline-arm64-s1-bulk-up-rg-r5-20260924T102238Z,2026-09-24T10:38:13Z,out_segs_srv,29786,segments
s1,bulk-up,RG,5,baseline-arm64-s1-bulk-up-rg-r5-20260924T102238Z,2026-09-24T10:38:13Z,retrans_pct_cli,0.435948350475,% of OutSegs
s1,bulk-up,RG,5,baseline-arm64-s1-bulk-up-rg-r5-20260924T102238Z,2026-09-24T10:38:13Z,retrans_pct_srv,0,% of OutSegs
s1,bulk-up,RG,5,baseline-arm64-s1-bulk-up-rg-r5-20260924T102238Z,2026-09-24T10:38:13Z,retrans_segs_cli,6694,segments
s1,bulk-up,RG,5,baseline-arm64-s1-bulk-up-rg-r5-20260924T102238Z,2026-09-24T10:38:13Z,retrans_segs_srv,0,segments
s1,bulk-up,RG,5,baseline-arm64-s1-bulk-up-rg-r5-20260924T102238Z,2026-09-24T10:38:13Z,fast_retrans_segs_cli,1348,segments
s1,bulk-up,RG,5,baseline-arm64-s1-bulk-up-rg-r5-20260924T102238Z,2026-09-24T10:38:13Z,fast_retrans_segs_srv,0,segments
s1,bulk-up,RG,5,baseline-arm64-s1-bulk-up-rg-r5-20260924T102238Z,2026-09-24T10:38:13Z,early_retrans_segs_cli,0,segments
s1,bulk-up,RG,5,baseline-arm64-s1-bulk-up-rg-r5-20260924T102238Z,2026-09-24T10:38:13Z,early_retrans_segs_srv,0,segments
s1,bulk-up,RG,5,baseline-arm64-s1-bulk-up-rg-r5-20260924T102238Z,2026-09-24T10:38:13Z,lost_segs_cli,5346,segments
s1,bulk-up,RG,5,baseline-arm64-s1-bulk-up-rg-r5-20260924T102238Z,2026-09-24T10:38:13Z,lost_segs_srv,0,segments
s1,bulk-up,RG,5,baseline-arm64-s1-bulk-up-rg-r5-20260924T102238Z,2026-09-24T10:38:13Z,repeat_segs_cli,0,segments
s1,bulk-up,RG,5,baseline-arm64-s1-bulk-up-rg-r5-20260924T102238Z,2026-09-24T10:38:13Z,repeat_segs_srv,4765,segments
s1,bulk-down,GG,1,baseline-arm64-s1-bulk-down-gg-r1-20260924T103944Z,2026-09-24T10:40:17Z,goodput_mbit_s,625.776608736,Mbit/s
s1,bulk-down,GG,1,baseline-arm64-s1-bulk-down-gg-r1-20260924T103944Z,2026-09-24T10:40:17Z,tcp_retransmits,131,segments
s1,bulk-down,GG,1,baseline-arm64-s1-bulk-down-gg-r1-20260924T103944Z,2026-09-24T10:40:17Z,cpu_s_per_gb_cli,7.58720786578,s/GB
s1,bulk-down,GG,1,baseline-arm64-s1-bulk-down-gg-r1-20260924T103944Z,2026-09-24T10:40:17Z,cpu_s_per_gb_srv,14.1581006088,s/GB
s1,bulk-down,GG,1,baseline-arm64-s1-bulk-down-gg-r1-20260924T103944Z,2026-09-24T10:40:17Z,cpu_s_per_gb_total,21.7453084746,s/GB
s1,bulk-down,GG,1,baseline-arm64-s1-bulk-down-gg-r1-20260924T103944Z,2026-09-24T10:40:17Z,rss_kb_cli,57592,kB
s1,bulk-down,GG,1,baseline-arm64-s1-bulk-down-gg-r1-20260924T103944Z,2026-09-24T10:40:17Z,rss_kb_srv,57072,kB
s1,bulk-down,GG,1,baseline-arm64-s1-bulk-down-gg-r1-20260924T103944Z,2026-09-24T10:40:17Z,hwm_kb_cli,57592,kB
s1,bulk-down,GG,1,baseline-arm64-s1-bulk-down-gg-r1-20260924T103944Z,2026-09-24T10:40:17Z,hwm_kb_srv,57072,kB
s1,bulk-down,GG,1,baseline-arm64-s1-bulk-down-gg-r1-20260924T103944Z,2026-09-24T10:40:17Z,out_segs_cli,241936,segments
s1,bulk-down,GG,1,baseline-arm64-s1-bulk-down-gg-r1-20260924T103944Z,2026-09-24T10:40:17Z,out_segs_srv,1423391,segments
s1,bulk-down,GG,1,baseline-arm64-s1-bulk-down-gg-r1-20260924T103944Z,2026-09-24T10:40:17Z,retrans_pct_cli,0.000413332451557,% of OutSegs
s1,bulk-down,GG,1,baseline-arm64-s1-bulk-down-gg-r1-20260924T103944Z,2026-09-24T10:40:17Z,retrans_pct_srv,9.26133437685,% of OutSegs
s1,bulk-down,GG,1,baseline-arm64-s1-bulk-down-gg-r1-20260924T103944Z,2026-09-24T10:40:17Z,retrans_segs_cli,1,segments
s1,bulk-down,GG,1,baseline-arm64-s1-bulk-down-gg-r1-20260924T103944Z,2026-09-24T10:40:17Z,retrans_segs_srv,131825,segments
s1,bulk-down,GG,1,baseline-arm64-s1-bulk-down-gg-r1-20260924T103944Z,2026-09-24T10:40:17Z,fast_retrans_segs_cli,0,segments
s1,bulk-down,GG,1,baseline-arm64-s1-bulk-down-gg-r1-20260924T103944Z,2026-09-24T10:40:17Z,fast_retrans_segs_srv,96322,segments
s1,bulk-down,GG,1,baseline-arm64-s1-bulk-down-gg-r1-20260924T103944Z,2026-09-24T10:40:17Z,early_retrans_segs_cli,0,segments
s1,bulk-down,GG,1,baseline-arm64-s1-bulk-down-gg-r1-20260924T103944Z,2026-09-24T10:40:17Z,early_retrans_segs_srv,3121,segments
s1,bulk-down,GG,1,baseline-arm64-s1-bulk-down-gg-r1-20260924T103944Z,2026-09-24T10:40:17Z,lost_segs_cli,1,segments
s1,bulk-down,GG,1,baseline-arm64-s1-bulk-down-gg-r1-20260924T103944Z,2026-09-24T10:40:17Z,lost_segs_srv,32382,segments
s1,bulk-down,GG,1,baseline-arm64-s1-bulk-down-gg-r1-20260924T103944Z,2026-09-24T10:40:17Z,repeat_segs_cli,12056,segments
s1,bulk-down,GG,1,baseline-arm64-s1-bulk-down-gg-r1-20260924T103944Z,2026-09-24T10:40:17Z,repeat_segs_srv,1,segments
s1,bulk-down,RR,1,baseline-arm64-s1-bulk-down-rr-r1-20260924T103944Z,2026-09-24T10:41:05Z,goodput_mbit_s,1028.30614297,Mbit/s
s1,bulk-down,RR,1,baseline-arm64-s1-bulk-down-rr-r1-20260924T103944Z,2026-09-24T10:41:05Z,tcp_retransmits,55,segments
s1,bulk-down,RR,1,baseline-arm64-s1-bulk-down-rr-r1-20260924T103944Z,2026-09-24T10:41:05Z,cpu_s_per_gb_cli,4.43822736829,s/GB
s1,bulk-down,RR,1,baseline-arm64-s1-bulk-down-rr-r1-20260924T103944Z,2026-09-24T10:41:05Z,cpu_s_per_gb_srv,8.44858005602,s/GB
s1,bulk-down,RR,1,baseline-arm64-s1-bulk-down-rr-r1-20260924T103944Z,2026-09-24T10:41:05Z,cpu_s_per_gb_total,12.8868074243,s/GB
s1,bulk-down,RR,1,baseline-arm64-s1-bulk-down-rr-r1-20260924T103944Z,2026-09-24T10:41:05Z,rss_kb_cli,15508,kB
s1,bulk-down,RR,1,baseline-arm64-s1-bulk-down-rr-r1-20260924T103944Z,2026-09-24T10:41:05Z,rss_kb_srv,26208,kB
s1,bulk-down,RR,1,baseline-arm64-s1-bulk-down-rr-r1-20260924T103944Z,2026-09-24T10:41:05Z,hwm_kb_cli,20676,kB
s1,bulk-down,RR,1,baseline-arm64-s1-bulk-down-rr-r1-20260924T103944Z,2026-09-24T10:41:05Z,hwm_kb_srv,30552,kB
s1,bulk-down,RR,1,baseline-arm64-s1-bulk-down-rr-r1-20260924T103944Z,2026-09-24T10:41:05Z,out_segs_cli,39504,segments
s1,bulk-down,RR,1,baseline-arm64-s1-bulk-down-rr-r1-20260924T103944Z,2026-09-24T10:41:05Z,out_segs_srv,2033585,segments
s1,bulk-down,RR,1,baseline-arm64-s1-bulk-down-rr-r1-20260924T103944Z,2026-09-24T10:41:05Z,retrans_pct_cli,0,% of OutSegs
s1,bulk-down,RR,1,baseline-arm64-s1-bulk-down-rr-r1-20260924T103944Z,2026-09-24T10:41:05Z,retrans_pct_srv,0,% of OutSegs
s1,bulk-down,RR,1,baseline-arm64-s1-bulk-down-rr-r1-20260924T103944Z,2026-09-24T10:41:05Z,retrans_segs_cli,0,segments
s1,bulk-down,RR,1,baseline-arm64-s1-bulk-down-rr-r1-20260924T103944Z,2026-09-24T10:41:05Z,retrans_segs_srv,0,segments
s1,bulk-down,RR,1,baseline-arm64-s1-bulk-down-rr-r1-20260924T103944Z,2026-09-24T10:41:05Z,fast_retrans_segs_cli,0,segments
s1,bulk-down,RR,1,baseline-arm64-s1-bulk-down-rr-r1-20260924T103944Z,2026-09-24T10:41:05Z,fast_retrans_segs_srv,0,segments
s1,bulk-down,RR,1,baseline-arm64-s1-bulk-down-rr-r1-20260924T103944Z,2026-09-24T10:41:05Z,early_retrans_segs_cli,0,segments
s1,bulk-down,RR,1,baseline-arm64-s1-bulk-down-rr-r1-20260924T103944Z,2026-09-24T10:41:05Z,early_retrans_segs_srv,0,segments
s1,bulk-down,RR,1,baseline-arm64-s1-bulk-down-rr-r1-20260924T103944Z,2026-09-24T10:41:05Z,lost_segs_cli,0,segments
s1,bulk-down,RR,1,baseline-arm64-s1-bulk-down-rr-r1-20260924T103944Z,2026-09-24T10:41:05Z,lost_segs_srv,0,segments
s1,bulk-down,RR,1,baseline-arm64-s1-bulk-down-rr-r1-20260924T103944Z,2026-09-24T10:41:05Z,repeat_segs_cli,0,segments
s1,bulk-down,RR,1,baseline-arm64-s1-bulk-down-rr-r1-20260924T103944Z,2026-09-24T10:41:05Z,repeat_segs_srv,0,segments
s1,bulk-down,GR,1,baseline-arm64-s1-bulk-down-gr-r1-20260924T103944Z,2026-09-24T10:41:52Z,goodput_mbit_s,727.607541247,Mbit/s
s1,bulk-down,GR,1,baseline-arm64-s1-bulk-down-gr-r1-20260924T103944Z,2026-09-24T10:41:52Z,tcp_retransmits,95,segments
s1,bulk-down,GR,1,baseline-arm64-s1-bulk-down-gr-r1-20260924T103944Z,2026-09-24T10:41:52Z,cpu_s_per_gb_cli,8.49359745697,s/GB
s1,bulk-down,GR,1,baseline-arm64-s1-bulk-down-gr-r1-20260924T103944Z,2026-09-24T10:41:52Z,cpu_s_per_gb_srv,9.35670088787,s/GB
s1,bulk-down,GR,1,baseline-arm64-s1-bulk-down-gr-r1-20260924T103944Z,2026-09-24T10:41:52Z,cpu_s_per_gb_total,17.8502983448,s/GB
s1,bulk-down,GR,1,baseline-arm64-s1-bulk-down-gr-r1-20260924T103944Z,2026-09-24T10:41:52Z,rss_kb_cli,32844,kB
s1,bulk-down,GR,1,baseline-arm64-s1-bulk-down-gr-r1-20260924T103944Z,2026-09-24T10:41:52Z,rss_kb_srv,28060,kB
s1,bulk-down,GR,1,baseline-arm64-s1-bulk-down-gr-r1-20260924T103944Z,2026-09-24T10:41:52Z,hwm_kb_cli,38100,kB
s1,bulk-down,GR,1,baseline-arm64-s1-bulk-down-gr-r1-20260924T103944Z,2026-09-24T10:41:52Z,hwm_kb_srv,30232,kB
s1,bulk-down,GR,1,baseline-arm64-s1-bulk-down-gr-r1-20260924T103944Z,2026-09-24T10:41:52Z,out_segs_cli,27647,segments
s1,bulk-down,GR,1,baseline-arm64-s1-bulk-down-gr-r1-20260924T103944Z,2026-09-24T10:41:52Z,out_segs_srv,1389179,segments
s1,bulk-down,GR,1,baseline-arm64-s1-bulk-down-gr-r1-20260924T103944Z,2026-09-24T10:41:52Z,retrans_pct_cli,0.0036170289724,% of OutSegs
s1,bulk-down,GR,1,baseline-arm64-s1-bulk-down-gr-r1-20260924T103944Z,2026-09-24T10:41:52Z,retrans_pct_srv,0.163189912891,% of OutSegs
s1,bulk-down,GR,1,baseline-arm64-s1-bulk-down-gr-r1-20260924T103944Z,2026-09-24T10:41:52Z,retrans_segs_cli,1,segments
s1,bulk-down,GR,1,baseline-arm64-s1-bulk-down-gr-r1-20260924T103944Z,2026-09-24T10:41:52Z,retrans_segs_srv,2267,segments
s1,bulk-down,GR,1,baseline-arm64-s1-bulk-down-gr-r1-20260924T103944Z,2026-09-24T10:41:52Z,fast_retrans_segs_cli,0,segments
s1,bulk-down,GR,1,baseline-arm64-s1-bulk-down-gr-r1-20260924T103944Z,2026-09-24T10:41:52Z,fast_retrans_segs_srv,0,segments
s1,bulk-down,GR,1,baseline-arm64-s1-bulk-down-gr-r1-20260924T103944Z,2026-09-24T10:41:52Z,early_retrans_segs_cli,0,segments
s1,bulk-down,GR,1,baseline-arm64-s1-bulk-down-gr-r1-20260924T103944Z,2026-09-24T10:41:52Z,early_retrans_segs_srv,0,segments
s1,bulk-down,GR,1,baseline-arm64-s1-bulk-down-gr-r1-20260924T103944Z,2026-09-24T10:41:52Z,lost_segs_cli,1,segments
s1,bulk-down,GR,1,baseline-arm64-s1-bulk-down-gr-r1-20260924T103944Z,2026-09-24T10:41:52Z,lost_segs_srv,2267,segments
s1,bulk-down,GR,1,baseline-arm64-s1-bulk-down-gr-r1-20260924T103944Z,2026-09-24T10:41:52Z,repeat_segs_cli,2267,segments
s1,bulk-down,GR,1,baseline-arm64-s1-bulk-down-gr-r1-20260924T103944Z,2026-09-24T10:41:52Z,repeat_segs_srv,1,segments
s1,bulk-down,RG,1,baseline-arm64-s1-bulk-down-rg-r1-20260924T103944Z,2026-09-24T10:42:40Z,goodput_mbit_s,707.37665558,Mbit/s
s1,bulk-down,RG,1,baseline-arm64-s1-bulk-down-rg-r1-20260924T103944Z,2026-09-24T10:42:40Z,tcp_retransmits,119,segments
s1,bulk-down,RG,1,baseline-arm64-s1-bulk-down-rg-r1-20260924T103944Z,2026-09-24T10:42:40Z,cpu_s_per_gb_cli,4.63124378972,s/GB
s1,bulk-down,RG,1,baseline-arm64-s1-bulk-down-rg-r1-20260924T103944Z,2026-09-24T10:42:40Z,cpu_s_per_gb_srv,13.2773631481,s/GB
s1,bulk-down,RG,1,baseline-arm64-s1-bulk-down-rg-r1-20260924T103944Z,2026-09-24T10:42:40Z,cpu_s_per_gb_total,17.9086069378,s/GB
s1,bulk-down,RG,1,baseline-arm64-s1-bulk-down-rg-r1-20260924T103944Z,2026-09-24T10:42:40Z,rss_kb_cli,16184,kB
s1,bulk-down,RG,1,baseline-arm64-s1-bulk-down-rg-r1-20260924T103944Z,2026-09-24T10:42:40Z,rss_kb_srv,51876,kB
s1,bulk-down,RG,1,baseline-arm64-s1-bulk-down-rg-r1-20260924T103944Z,2026-09-24T10:42:40Z,hwm_kb_cli,18472,kB
s1,bulk-down,RG,1,baseline-arm64-s1-bulk-down-rg-r1-20260924T103944Z,2026-09-24T10:42:40Z,hwm_kb_srv,52752,kB
s1,bulk-down,RG,1,baseline-arm64-s1-bulk-down-rg-r1-20260924T103944Z,2026-09-24T10:42:40Z,out_segs_cli,329086,segments
s1,bulk-down,RG,1,baseline-arm64-s1-bulk-down-rg-r1-20260924T103944Z,2026-09-24T10:42:40Z,out_segs_srv,1505647,segments
s1,bulk-down,RG,1,baseline-arm64-s1-bulk-down-rg-r1-20260924T103944Z,2026-09-24T10:42:40Z,retrans_pct_cli,0.000607743872422,% of OutSegs
s1,bulk-down,RG,1,baseline-arm64-s1-bulk-down-rg-r1-20260924T103944Z,2026-09-24T10:42:40Z,retrans_pct_srv,6.58261863505,% of OutSegs
s1,bulk-down,RG,1,baseline-arm64-s1-bulk-down-rg-r1-20260924T103944Z,2026-09-24T10:42:40Z,retrans_segs_cli,2,segments
s1,bulk-down,RG,1,baseline-arm64-s1-bulk-down-rg-r1-20260924T103944Z,2026-09-24T10:42:40Z,retrans_segs_srv,99111,segments
s1,bulk-down,RG,1,baseline-arm64-s1-bulk-down-rg-r1-20260924T103944Z,2026-09-24T10:42:40Z,fast_retrans_segs_cli,0,segments
s1,bulk-down,RG,1,baseline-arm64-s1-bulk-down-rg-r1-20260924T103944Z,2026-09-24T10:42:40Z,fast_retrans_segs_srv,83965,segments
s1,bulk-down,RG,1,baseline-arm64-s1-bulk-down-rg-r1-20260924T103944Z,2026-09-24T10:42:40Z,early_retrans_segs_cli,0,segments
s1,bulk-down,RG,1,baseline-arm64-s1-bulk-down-rg-r1-20260924T103944Z,2026-09-24T10:42:40Z,early_retrans_segs_srv,2208,segments
s1,bulk-down,RG,1,baseline-arm64-s1-bulk-down-rg-r1-20260924T103944Z,2026-09-24T10:42:40Z,lost_segs_cli,2,segments
s1,bulk-down,RG,1,baseline-arm64-s1-bulk-down-rg-r1-20260924T103944Z,2026-09-24T10:42:40Z,lost_segs_srv,12938,segments
s1,bulk-down,RG,1,baseline-arm64-s1-bulk-down-rg-r1-20260924T103944Z,2026-09-24T10:42:40Z,repeat_segs_cli,6877,segments
s1,bulk-down,RG,1,baseline-arm64-s1-bulk-down-rg-r1-20260924T103944Z,2026-09-24T10:42:40Z,repeat_segs_srv,2,segments
s1,bulk-down,GG,2,baseline-arm64-s1-bulk-down-gg-r2-20260924T103944Z,2026-09-24T10:43:27Z,goodput_mbit_s,599.103448272,Mbit/s
s1,bulk-down,GG,2,baseline-arm64-s1-bulk-down-gg-r2-20260924T103944Z,2026-09-24T10:43:27Z,tcp_retransmits,119,segments
s1,bulk-down,GG,2,baseline-arm64-s1-bulk-down-gg-r2-20260924T103944Z,2026-09-24T10:43:27Z,cpu_s_per_gb_cli,7.8183433938,s/GB
s1,bulk-down,GG,2,baseline-arm64-s1-bulk-down-gg-r2-20260924T103944Z,2026-09-24T10:43:27Z,cpu_s_per_gb_srv,14.8621967503,s/GB
s1,bulk-down,GG,2,baseline-arm64-s1-bulk-down-gg-r2-20260924T103944Z,2026-09-24T10:43:27Z,cpu_s_per_gb_total,22.6805401441,s/GB
s1,bulk-down,GG,2,baseline-arm64-s1-bulk-down-gg-r2-20260924T103944Z,2026-09-24T10:43:27Z,rss_kb_cli,58604,kB
s1,bulk-down,GG,2,baseline-arm64-s1-bulk-down-gg-r2-20260924T103944Z,2026-09-24T10:43:27Z,rss_kb_srv,57352,kB
s1,bulk-down,GG,2,baseline-arm64-s1-bulk-down-gg-r2-20260924T103944Z,2026-09-24T10:43:27Z,hwm_kb_cli,60972,kB
s1,bulk-down,GG,2,baseline-arm64-s1-bulk-down-gg-r2-20260924T103944Z,2026-09-24T10:43:27Z,hwm_kb_srv,57352,kB
s1,bulk-down,GG,2,baseline-arm64-s1-bulk-down-gg-r2-20260924T103944Z,2026-09-24T10:43:27Z,out_segs_cli,260492,segments
s1,bulk-down,GG,2,baseline-arm64-s1-bulk-down-gg-r2-20260924T103944Z,2026-09-24T10:43:27Z,out_segs_srv,1346220,segments
s1,bulk-down,GG,2,baseline-arm64-s1-bulk-down-gg-r2-20260924T103944Z,2026-09-24T10:43:27Z,retrans_pct_cli,0.00191944474302,% of OutSegs
s1,bulk-down,GG,2,baseline-arm64-s1-bulk-down-gg-r2-20260924T103944Z,2026-09-24T10:43:27Z,retrans_pct_srv,11.8283044376,% of OutSegs
s1,bulk-down,GG,2,baseline-arm64-s1-bulk-down-gg-r2-20260924T103944Z,2026-09-24T10:43:27Z,retrans_segs_cli,5,segments
s1,bulk-down,GG,2,baseline-arm64-s1-bulk-down-gg-r2-20260924T103944Z,2026-09-24T10:43:27Z,retrans_segs_srv,159235,segments
s1,bulk-down,GG,2,baseline-arm64-s1-bulk-down-gg-r2-20260924T103944Z,2026-09-24T10:43:27Z,fast_retrans_segs_cli,0,segments
s1,bulk-down,GG,2,baseline-arm64-s1-bulk-down-gg-r2-20260924T103944Z,2026-09-24T10:43:27Z,fast_retrans_segs_srv,115014,segments
s1,bulk-down,GG,2,baseline-arm64-s1-bulk-down-gg-r2-20260924T103944Z,2026-09-24T10:43:27Z,early_retrans_segs_cli,0,segments
s1,bulk-down,GG,2,baseline-arm64-s1-bulk-down-gg-r2-20260924T103944Z,2026-09-24T10:43:27Z,early_retrans_segs_srv,2785,segments
s1,bulk-down,GG,2,baseline-arm64-s1-bulk-down-gg-r2-20260924T103944Z,2026-09-24T10:43:27Z,lost_segs_cli,5,segments
s1,bulk-down,GG,2,baseline-arm64-s1-bulk-down-gg-r2-20260924T103944Z,2026-09-24T10:43:27Z,lost_segs_srv,41436,segments
s1,bulk-down,GG,2,baseline-arm64-s1-bulk-down-gg-r2-20260924T103944Z,2026-09-24T10:43:27Z,repeat_segs_cli,17311,segments
s1,bulk-down,GG,2,baseline-arm64-s1-bulk-down-gg-r2-20260924T103944Z,2026-09-24T10:43:27Z,repeat_segs_srv,4,segments
s1,bulk-down,RR,2,baseline-arm64-s1-bulk-down-rr-r2-20260924T103944Z,2026-09-24T10:44:14Z,goodput_mbit_s,986.204071396,Mbit/s
s1,bulk-down,RR,2,baseline-arm64-s1-bulk-down-rr-r2-20260924T103944Z,2026-09-24T10:44:14Z,tcp_retransmits,36,segments
s1,bulk-down,RR,2,baseline-arm64-s1-bulk-down-rr-r2-20260924T103944Z,2026-09-24T10:44:14Z,cpu_s_per_gb_cli,4.48191438439,s/GB
s1,bulk-down,RR,2,baseline-arm64-s1-bulk-down-rr-r2-20260924T103944Z,2026-09-24T10:44:14Z,cpu_s_per_gb_srv,8.56228168818,s/GB
s1,bulk-down,RR,2,baseline-arm64-s1-bulk-down-rr-r2-20260924T103944Z,2026-09-24T10:44:14Z,cpu_s_per_gb_total,13.0441960726,s/GB
s1,bulk-down,RR,2,baseline-arm64-s1-bulk-down-rr-r2-20260924T103944Z,2026-09-24T10:44:14Z,rss_kb_cli,10048,kB
s1,bulk-down,RR,2,baseline-arm64-s1-bulk-down-rr-r2-20260924T103944Z,2026-09-24T10:44:14Z,rss_kb_srv,28124,kB
s1,bulk-down,RR,2,baseline-arm64-s1-bulk-down-rr-r2-20260924T103944Z,2026-09-24T10:44:14Z,hwm_kb_cli,12256,kB
s1,bulk-down,RR,2,baseline-arm64-s1-bulk-down-rr-r2-20260924T103944Z,2026-09-24T10:44:14Z,hwm_kb_srv,30768,kB
s1,bulk-down,RR,2,baseline-arm64-s1-bulk-down-rr-r2-20260924T103944Z,2026-09-24T10:44:14Z,out_segs_cli,37433,segments
s1,bulk-down,RR,2,baseline-arm64-s1-bulk-down-rr-r2-20260924T103944Z,2026-09-24T10:44:14Z,out_segs_srv,1911732,segments
s1,bulk-down,RR,2,baseline-arm64-s1-bulk-down-rr-r2-20260924T103944Z,2026-09-24T10:44:14Z,retrans_pct_cli,0,% of OutSegs
s1,bulk-down,RR,2,baseline-arm64-s1-bulk-down-rr-r2-20260924T103944Z,2026-09-24T10:44:14Z,retrans_pct_srv,0,% of OutSegs
s1,bulk-down,RR,2,baseline-arm64-s1-bulk-down-rr-r2-20260924T103944Z,2026-09-24T10:44:14Z,retrans_segs_cli,0,segments
s1,bulk-down,RR,2,baseline-arm64-s1-bulk-down-rr-r2-20260924T103944Z,2026-09-24T10:44:14Z,retrans_segs_srv,0,segments
s1,bulk-down,RR,2,baseline-arm64-s1-bulk-down-rr-r2-20260924T103944Z,2026-09-24T10:44:14Z,fast_retrans_segs_cli,0,segments
s1,bulk-down,RR,2,baseline-arm64-s1-bulk-down-rr-r2-20260924T103944Z,2026-09-24T10:44:14Z,fast_retrans_segs_srv,0,segments
s1,bulk-down,RR,2,baseline-arm64-s1-bulk-down-rr-r2-20260924T103944Z,2026-09-24T10:44:14Z,early_retrans_segs_cli,0,segments
s1,bulk-down,RR,2,baseline-arm64-s1-bulk-down-rr-r2-20260924T103944Z,2026-09-24T10:44:14Z,early_retrans_segs_srv,0,segments
s1,bulk-down,RR,2,baseline-arm64-s1-bulk-down-rr-r2-20260924T103944Z,2026-09-24T10:44:14Z,lost_segs_cli,0,segments
s1,bulk-down,RR,2,baseline-arm64-s1-bulk-down-rr-r2-20260924T103944Z,2026-09-24T10:44:14Z,lost_segs_srv,0,segments
s1,bulk-down,RR,2,baseline-arm64-s1-bulk-down-rr-r2-20260924T103944Z,2026-09-24T10:44:14Z,repeat_segs_cli,0,segments
s1,bulk-down,RR,2,baseline-arm64-s1-bulk-down-rr-r2-20260924T103944Z,2026-09-24T10:44:14Z,repeat_segs_srv,0,segments
s1,bulk-down,GR,2,baseline-arm64-s1-bulk-down-gr-r2-20260924T103944Z,2026-09-24T10:45:01Z,goodput_mbit_s,752.938919126,Mbit/s
s1,bulk-down,GR,2,baseline-arm64-s1-bulk-down-gr-r2-20260924T103944Z,2026-09-24T10:45:01Z,tcp_retransmits,105,segments
s1,bulk-down,GR,2,baseline-arm64-s1-bulk-down-gr-r2-20260924T103944Z,2026-09-24T10:45:01Z,cpu_s_per_gb_cli,8.21855952917,s/GB
s1,bulk-down,GR,2,baseline-arm64-s1-bulk-down-gr-r2-20260924T103944Z,2026-09-24T10:45:01Z,cpu_s_per_gb_srv,9.11107278121,s/GB
s1,bulk-down,GR,2,baseline-arm64-s1-bulk-down-gr-r2-20260924T103944Z,2026-09-24T10:45:01Z,cpu_s_per_gb_total,17.3296323104,s/GB
s1,bulk-down,GR,2,baseline-arm64-s1-bulk-down-gr-r2-20260924T103944Z,2026-09-24T10:45:01Z,rss_kb_cli,37388,kB
s1,bulk-down,GR,2,baseline-arm64-s1-bulk-down-gr-r2-20260924T103944Z,2026-09-24T10:45:01Z,rss_kb_srv,27064,kB
s1,bulk-down,GR,2,baseline-arm64-s1-bulk-down-gr-r2-20260924T103944Z,2026-09-24T10:45:01Z,hwm_kb_cli,37388,kB
s1,bulk-down,GR,2,baseline-arm64-s1-bulk-down-gr-r2-20260924T103944Z,2026-09-24T10:45:01Z,hwm_kb_srv,30432,kB
s1,bulk-down,GR,2,baseline-arm64-s1-bulk-down-gr-r2-20260924T103944Z,2026-09-24T10:45:01Z,out_segs_cli,28728,segments
s1,bulk-down,GR,2,baseline-arm64-s1-bulk-down-gr-r2-20260924T103944Z,2026-09-24T10:45:01Z,out_segs_srv,1467461,segments
s1,bulk-down,GR,2,baseline-arm64-s1-bulk-down-gr-r2-20260924T103944Z,2026-09-24T10:45:01Z,retrans_pct_cli,0,% of OutSegs
s1,bulk-down,GR,2,baseline-arm64-s1-bulk-down-gr-r2-20260924T103944Z,2026-09-24T10:45:01Z,retrans_pct_srv,0.124909622811,% of OutSegs
s1,bulk-down,GR,2,baseline-arm64-s1-bulk-down-gr-r2-20260924T103944Z,2026-09-24T10:45:01Z,retrans_segs_cli,0,segments
s1,bulk-down,GR,2,baseline-arm64-s1-bulk-down-gr-r2-20260924T103944Z,2026-09-24T10:45:01Z,retrans_segs_srv,1833,segments
s1,bulk-down,GR,2,baseline-arm64-s1-bulk-down-gr-r2-20260924T103944Z,2026-09-24T10:45:01Z,fast_retrans_segs_cli,0,segments
s1,bulk-down,GR,2,baseline-arm64-s1-bulk-down-gr-r2-20260924T103944Z,2026-09-24T10:45:01Z,fast_retrans_segs_srv,0,segments
s1,bulk-down,GR,2,baseline-arm64-s1-bulk-down-gr-r2-20260924T103944Z,2026-09-24T10:45:01Z,early_retrans_segs_cli,0,segments
s1,bulk-down,GR,2,baseline-arm64-s1-bulk-down-gr-r2-20260924T103944Z,2026-09-24T10:45:01Z,early_retrans_segs_srv,0,segments
s1,bulk-down,GR,2,baseline-arm64-s1-bulk-down-gr-r2-20260924T103944Z,2026-09-24T10:45:01Z,lost_segs_cli,0,segments
s1,bulk-down,GR,2,baseline-arm64-s1-bulk-down-gr-r2-20260924T103944Z,2026-09-24T10:45:01Z,lost_segs_srv,1833,segments
s1,bulk-down,GR,2,baseline-arm64-s1-bulk-down-gr-r2-20260924T103944Z,2026-09-24T10:45:01Z,repeat_segs_cli,2887,segments
s1,bulk-down,GR,2,baseline-arm64-s1-bulk-down-gr-r2-20260924T103944Z,2026-09-24T10:45:01Z,repeat_segs_srv,0,segments
s1,bulk-down,RG,2,baseline-arm64-s1-bulk-down-rg-r2-20260924T103944Z,2026-09-24T10:45:48Z,goodput_mbit_s,789.660637701,Mbit/s
s1,bulk-down,RG,2,baseline-arm64-s1-bulk-down-rg-r2-20260924T103944Z,2026-09-24T10:45:48Z,tcp_retransmits,100,segments
s1,bulk-down,RG,2,baseline-arm64-s1-bulk-down-rg-r2-20260924T103944Z,2026-09-24T10:45:48Z,cpu_s_per_gb_cli,4.5489650681,s/GB
s1,bulk-down,RG,2,baseline-arm64-s1-bulk-down-rg-r2-20260924T103944Z,2026-09-24T10:45:48Z,cpu_s_per_gb_srv,11.4838572488,s/GB
s1,bulk-down,RG,2,baseline-arm64-s1-bulk-down-rg-r2-20260924T103944Z,2026-09-24T10:45:48Z,cpu_s_per_gb_total,16.0328223168,s/GB
s1,bulk-down,RG,2,baseline-arm64-s1-bulk-down-rg-r2-20260924T103944Z,2026-09-24T10:45:48Z,rss_kb_cli,14440,kB
s1,bulk-down,RG,2,baseline-arm64-s1-bulk-down-rg-r2-20260924T103944Z,2026-09-24T10:45:48Z,rss_kb_srv,50440,kB
s1,bulk-down,RG,2,baseline-arm64-s1-bulk-down-rg-r2-20260924T103944Z,2026-09-24T10:45:48Z,hwm_kb_cli,17768,kB
s1,bulk-down,RG,2,baseline-arm64-s1-bulk-down-rg-r2-20260924T103944Z,2026-09-24T10:45:48Z,hwm_kb_srv,53648,kB
s1,bulk-down,RG,2,baseline-arm64-s1-bulk-down-rg-r2-20260924T103944Z,2026-09-24T10:45:48Z,out_segs_cli,252536,segments
s1,bulk-down,RG,2,baseline-arm64-s1-bulk-down-rg-r2-20260924T103944Z,2026-09-24T10:45:48Z,out_segs_srv,1641985,segments
s1,bulk-down,RG,2,baseline-arm64-s1-bulk-down-rg-r2-20260924T103944Z,2026-09-24T10:45:48Z,retrans_pct_cli,0,% of OutSegs
s1,bulk-down,RG,2,baseline-arm64-s1-bulk-down-rg-r2-20260924T103944Z,2026-09-24T10:45:48Z,retrans_pct_srv,4.71989695399,% of OutSegs
s1,bulk-down,RG,2,baseline-arm64-s1-bulk-down-rg-r2-20260924T103944Z,2026-09-24T10:45:48Z,retrans_segs_cli,0,segments
s1,bulk-down,RG,2,baseline-arm64-s1-bulk-down-rg-r2-20260924T103944Z,2026-09-24T10:45:48Z,retrans_segs_srv,77500,segments
s1,bulk-down,RG,2,baseline-arm64-s1-bulk-down-rg-r2-20260924T103944Z,2026-09-24T10:45:48Z,fast_retrans_segs_cli,0,segments
s1,bulk-down,RG,2,baseline-arm64-s1-bulk-down-rg-r2-20260924T103944Z,2026-09-24T10:45:48Z,fast_retrans_segs_srv,65323,segments
s1,bulk-down,RG,2,baseline-arm64-s1-bulk-down-rg-r2-20260924T103944Z,2026-09-24T10:45:48Z,early_retrans_segs_cli,0,segments
s1,bulk-down,RG,2,baseline-arm64-s1-bulk-down-rg-r2-20260924T103944Z,2026-09-24T10:45:48Z,early_retrans_segs_srv,1390,segments
s1,bulk-down,RG,2,baseline-arm64-s1-bulk-down-rg-r2-20260924T103944Z,2026-09-24T10:45:48Z,lost_segs_cli,0,segments
s1,bulk-down,RG,2,baseline-arm64-s1-bulk-down-rg-r2-20260924T103944Z,2026-09-24T10:45:48Z,lost_segs_srv,10787,segments
s1,bulk-down,RG,2,baseline-arm64-s1-bulk-down-rg-r2-20260924T103944Z,2026-09-24T10:45:48Z,repeat_segs_cli,5442,segments
s1,bulk-down,RG,2,baseline-arm64-s1-bulk-down-rg-r2-20260924T103944Z,2026-09-24T10:45:48Z,repeat_segs_srv,0,segments
s1,bulk-down,GG,3,baseline-arm64-s1-bulk-down-gg-r3-20260924T103944Z,2026-09-24T10:46:35Z,goodput_mbit_s,543.938601151,Mbit/s
s1,bulk-down,GG,3,baseline-arm64-s1-bulk-down-gg-r3-20260924T103944Z,2026-09-24T10:46:35Z,tcp_retransmits,127,segments
s1,bulk-down,GG,3,baseline-arm64-s1-bulk-down-gg-r3-20260924T103944Z,2026-09-24T10:46:35Z,cpu_s_per_gb_cli,8.59639730798,s/GB
s1,bulk-down,GG,3,baseline-arm64-s1-bulk-down-gg-r3-20260924T103944Z,2026-09-24T10:46:35Z,cpu_s_per_gb_srv,16.3471267884,s/GB
s1,bulk-down,GG,3,baseline-arm64-s1-bulk-down-gg-r3-20260924T103944Z,2026-09-24T10:46:35Z,cpu_s_per_gb_total,24.9435240964,s/GB
s1,bulk-down,GG,3,baseline-arm64-s1-bulk-down-gg-r3-20260924T103944Z,2026-09-24T10:46:35Z,rss_kb_cli,56380,kB
s1,bulk-down,GG,3,baseline-arm64-s1-bulk-down-gg-r3-20260924T103944Z,2026-09-24T10:46:35Z,rss_kb_srv,55992,kB
s1,bulk-down,GG,3,baseline-arm64-s1-bulk-down-gg-r3-20260924T103944Z,2026-09-24T10:46:35Z,hwm_kb_cli,60100,kB
s1,bulk-down,GG,3,baseline-arm64-s1-bulk-down-gg-r3-20260924T103944Z,2026-09-24T10:46:35Z,hwm_kb_srv,55992,kB
s1,bulk-down,GG,3,baseline-arm64-s1-bulk-down-gg-r3-20260924T103944Z,2026-09-24T10:46:35Z,out_segs_cli,265085,segments
s1,bulk-down,GG,3,baseline-arm64-s1-bulk-down-gg-r3-20260924T103944Z,2026-09-24T10:46:35Z,out_segs_srv,1370159,segments
s1,bulk-down,GG,3,baseline-arm64-s1-bulk-down-gg-r3-20260924T103944Z,2026-09-24T10:46:35Z,retrans_pct_cli,0.000377237489862,% of OutSegs
s1,bulk-down,GG,3,baseline-arm64-s1-bulk-down-gg-r3-20260924T103944Z,2026-09-24T10:46:35Z,retrans_pct_srv,11.7592191855,% of OutSegs
s1,bulk-down,GG,3,baseline-arm64-s1-bulk-down-gg-r3-20260924T103944Z,2026-09-24T10:46:35Z,retrans_segs_cli,1,segments
s1,bulk-down,GG,3,baseline-arm64-s1-bulk-down-gg-r3-20260924T103944Z,2026-09-24T10:46:35Z,retrans_segs_srv,161120,segments
s1,bulk-down,GG,3,baseline-arm64-s1-bulk-down-gg-r3-20260924T103944Z,2026-09-24T10:46:35Z,fast_retrans_segs_cli,0,segments
s1,bulk-down,GG,3,baseline-arm64-s1-bulk-down-gg-r3-20260924T103944Z,2026-09-24T10:46:35Z,fast_retrans_segs_srv,119667,segments
s1,bulk-down,GG,3,baseline-arm64-s1-bulk-down-gg-r3-20260924T103944Z,2026-09-24T10:46:35Z,early_retrans_segs_cli,0,segments
s1,bulk-down,GG,3,baseline-arm64-s1-bulk-down-gg-r3-20260924T103944Z,2026-09-24T10:46:35Z,early_retrans_segs_srv,5145,segments
s1,bulk-down,GG,3,baseline-arm64-s1-bulk-down-gg-r3-20260924T103944Z,2026-09-24T10:46:35Z,lost_segs_cli,1,segments
s1,bulk-down,GG,3,baseline-arm64-s1-bulk-down-gg-r3-20260924T103944Z,2026-09-24T10:46:35Z,lost_segs_srv,36308,segments
s1,bulk-down,GG,3,baseline-arm64-s1-bulk-down-gg-r3-20260924T103944Z,2026-09-24T10:46:35Z,repeat_segs_cli,14936,segments
s1,bulk-down,GG,3,baseline-arm64-s1-bulk-down-gg-r3-20260924T103944Z,2026-09-24T10:46:35Z,repeat_segs_srv,1,segments
s1,bulk-down,RR,3,baseline-arm64-s1-bulk-down-rr-r3-20260924T103944Z,2026-09-24T10:47:23Z,goodput_mbit_s,1022.88506969,Mbit/s
s1,bulk-down,RR,3,baseline-arm64-s1-bulk-down-rr-r3-20260924T103944Z,2026-09-24T10:47:23Z,tcp_retransmits,54,segments
s1,bulk-down,RR,3,baseline-arm64-s1-bulk-down-rr-r3-20260924T103944Z,2026-09-24T10:47:23Z,cpu_s_per_gb_cli,4.32892862434,s/GB
s1,bulk-down,RR,3,baseline-arm64-s1-bulk-down-rr-r3-20260924T103944Z,2026-09-24T10:47:23Z,cpu_s_per_gb_srv,8.44277949409,s/GB
s1,bulk-down,RR,3,baseline-arm64-s1-bulk-down-rr-r3-20260924T103944Z,2026-09-24T10:47:23Z,cpu_s_per_gb_total,12.7717081184,s/GB
s1,bulk-down,RR,3,baseline-arm64-s1-bulk-down-rr-r3-20260924T103944Z,2026-09-24T10:47:23Z,rss_kb_cli,11700,kB
s1,bulk-down,RR,3,baseline-arm64-s1-bulk-down-rr-r3-20260924T103944Z,2026-09-24T10:47:23Z,rss_kb_srv,25680,kB
s1,bulk-down,RR,3,baseline-arm64-s1-bulk-down-rr-r3-20260924T103944Z,2026-09-24T10:47:23Z,hwm_kb_cli,12088,kB
s1,bulk-down,RR,3,baseline-arm64-s1-bulk-down-rr-r3-20260924T103944Z,2026-09-24T10:47:23Z,hwm_kb_srv,30320,kB
s1,bulk-down,RR,3,baseline-arm64-s1-bulk-down-rr-r3-20260924T103944Z,2026-09-24T10:47:23Z,out_segs_cli,39180,segments
s1,bulk-down,RR,3,baseline-arm64-s1-bulk-down-rr-r3-20260924T103944Z,2026-09-24T10:47:23Z,out_segs_srv,1979554,segments
s1,bulk-down,RR,3,baseline-arm64-s1-bulk-down-rr-r3-20260924T103944Z,2026-09-24T10:47:23Z,retrans_pct_cli,0,% of OutSegs
s1,bulk-down,RR,3,baseline-arm64-s1-bulk-down-rr-r3-20260924T103944Z,2026-09-24T10:47:23Z,retrans_pct_srv,0,% of OutSegs
s1,bulk-down,RR,3,baseline-arm64-s1-bulk-down-rr-r3-20260924T103944Z,2026-09-24T10:47:23Z,retrans_segs_cli,0,segments
s1,bulk-down,RR,3,baseline-arm64-s1-bulk-down-rr-r3-20260924T103944Z,2026-09-24T10:47:23Z,retrans_segs_srv,0,segments
s1,bulk-down,RR,3,baseline-arm64-s1-bulk-down-rr-r3-20260924T103944Z,2026-09-24T10:47:23Z,fast_retrans_segs_cli,0,segments
s1,bulk-down,RR,3,baseline-arm64-s1-bulk-down-rr-r3-20260924T103944Z,2026-09-24T10:47:23Z,fast_retrans_segs_srv,0,segments
s1,bulk-down,RR,3,baseline-arm64-s1-bulk-down-rr-r3-20260924T103944Z,2026-09-24T10:47:23Z,early_retrans_segs_cli,0,segments
s1,bulk-down,RR,3,baseline-arm64-s1-bulk-down-rr-r3-20260924T103944Z,2026-09-24T10:47:23Z,early_retrans_segs_srv,0,segments
s1,bulk-down,RR,3,baseline-arm64-s1-bulk-down-rr-r3-20260924T103944Z,2026-09-24T10:47:23Z,lost_segs_cli,0,segments
s1,bulk-down,RR,3,baseline-arm64-s1-bulk-down-rr-r3-20260924T103944Z,2026-09-24T10:47:23Z,lost_segs_srv,0,segments
s1,bulk-down,RR,3,baseline-arm64-s1-bulk-down-rr-r3-20260924T103944Z,2026-09-24T10:47:23Z,repeat_segs_cli,0,segments
s1,bulk-down,RR,3,baseline-arm64-s1-bulk-down-rr-r3-20260924T103944Z,2026-09-24T10:47:23Z,repeat_segs_srv,0,segments
s1,bulk-down,GR,3,baseline-arm64-s1-bulk-down-gr-r3-20260924T103944Z,2026-09-24T10:48:10Z,goodput_mbit_s,731.910695633,Mbit/s
s1,bulk-down,GR,3,baseline-arm64-s1-bulk-down-gr-r3-20260924T103944Z,2026-09-24T10:48:10Z,tcp_retransmits,73,segments
s1,bulk-down,GR,3,baseline-arm64-s1-bulk-down-gr-r3-20260924T103944Z,2026-09-24T10:48:10Z,cpu_s_per_gb_cli,8.39452005731,s/GB
s1,bulk-down,GR,3,baseline-arm64-s1-bulk-down-gr-r3-20260924T103944Z,2026-09-24T10:48:10Z,cpu_s_per_gb_srv,9.29080995926,s/GB
s1,bulk-down,GR,3,baseline-arm64-s1-bulk-down-gr-r3-20260924T103944Z,2026-09-24T10:48:10Z,cpu_s_per_gb_total,17.6853300166,s/GB
s1,bulk-down,GR,3,baseline-arm64-s1-bulk-down-gr-r3-20260924T103944Z,2026-09-24T10:48:10Z,rss_kb_cli,36252,kB
s1,bulk-down,GR,3,baseline-arm64-s1-bulk-down-gr-r3-20260924T103944Z,2026-09-24T10:48:10Z,rss_kb_srv,28744,kB
s1,bulk-down,GR,3,baseline-arm64-s1-bulk-down-gr-r3-20260924T103944Z,2026-09-24T10:48:10Z,hwm_kb_cli,38320,kB
s1,bulk-down,GR,3,baseline-arm64-s1-bulk-down-gr-r3-20260924T103944Z,2026-09-24T10:48:10Z,hwm_kb_srv,30240,kB
s1,bulk-down,GR,3,baseline-arm64-s1-bulk-down-gr-r3-20260924T103944Z,2026-09-24T10:48:10Z,out_segs_cli,28068,segments
s1,bulk-down,GR,3,baseline-arm64-s1-bulk-down-gr-r3-20260924T103944Z,2026-09-24T10:48:10Z,out_segs_srv,1425362,segments
s1,bulk-down,GR,3,baseline-arm64-s1-bulk-down-gr-r3-20260924T103944Z,2026-09-24T10:48:10Z,retrans_pct_cli,0.0106883283454,% of OutSegs
s1,bulk-down,GR,3,baseline-arm64-s1-bulk-down-gr-r3-20260924T103944Z,2026-09-24T10:48:10Z,retrans_pct_srv,0.31627053338,% of OutSegs
s1,bulk-down,GR,3,baseline-arm64-s1-bulk-down-gr-r3-20260924T103944Z,2026-09-24T10:48:10Z,retrans_segs_cli,3,segments
s1,bulk-down,GR,3,baseline-arm64-s1-bulk-down-gr-r3-20260924T103944Z,2026-09-24T10:48:10Z,retrans_segs_srv,4508,segments
s1,bulk-down,GR,3,baseline-arm64-s1-bulk-down-gr-r3-20260924T103944Z,2026-09-24T10:48:10Z,fast_retrans_segs_cli,0,segments
s1,bulk-down,GR,3,baseline-arm64-s1-bulk-down-gr-r3-20260924T103944Z,2026-09-24T10:48:10Z,fast_retrans_segs_srv,0,segments
s1,bulk-down,GR,3,baseline-arm64-s1-bulk-down-gr-r3-20260924T103944Z,2026-09-24T10:48:10Z,early_retrans_segs_cli,0,segments
s1,bulk-down,GR,3,baseline-arm64-s1-bulk-down-gr-r3-20260924T103944Z,2026-09-24T10:48:10Z,early_retrans_segs_srv,0,segments
s1,bulk-down,GR,3,baseline-arm64-s1-bulk-down-gr-r3-20260924T103944Z,2026-09-24T10:48:10Z,lost_segs_cli,3,segments
s1,bulk-down,GR,3,baseline-arm64-s1-bulk-down-gr-r3-20260924T103944Z,2026-09-24T10:48:10Z,lost_segs_srv,4508,segments
s1,bulk-down,GR,3,baseline-arm64-s1-bulk-down-gr-r3-20260924T103944Z,2026-09-24T10:48:10Z,repeat_segs_cli,4508,segments
s1,bulk-down,GR,3,baseline-arm64-s1-bulk-down-gr-r3-20260924T103944Z,2026-09-24T10:48:10Z,repeat_segs_srv,3,segments
s1,bulk-down,RG,3,baseline-arm64-s1-bulk-down-rg-r3-20260924T103944Z,2026-09-24T10:48:57Z,goodput_mbit_s,762.405682287,Mbit/s
s1,bulk-down,RG,3,baseline-arm64-s1-bulk-down-rg-r3-20260924T103944Z,2026-09-24T10:48:57Z,tcp_retransmits,123,segments
s1,bulk-down,RG,3,baseline-arm64-s1-bulk-down-rg-r3-20260924T103944Z,2026-09-24T10:48:57Z,cpu_s_per_gb_cli,4.58046999916,s/GB
s1,bulk-down,RG,3,baseline-arm64-s1-bulk-down-rg-r3-20260924T103944Z,2026-09-24T10:48:57Z,cpu_s_per_gb_srv,12.1516248775,s/GB
s1,bulk-down,RG,3,baseline-arm64-s1-bulk-down-rg-r3-20260924T103944Z,2026-09-24T10:48:57Z,cpu_s_per_gb_total,16.7320948767,s/GB
s1,bulk-down,RG,3,baseline-arm64-s1-bulk-down-rg-r3-20260924T103944Z,2026-09-24T10:48:57Z,rss_kb_cli,16684,kB
s1,bulk-down,RG,3,baseline-arm64-s1-bulk-down-rg-r3-20260924T103944Z,2026-09-24T10:48:57Z,rss_kb_srv,53956,kB
s1,bulk-down,RG,3,baseline-arm64-s1-bulk-down-rg-r3-20260924T103944Z,2026-09-24T10:48:57Z,hwm_kb_cli,20096,kB
s1,bulk-down,RG,3,baseline-arm64-s1-bulk-down-rg-r3-20260924T103944Z,2026-09-24T10:48:57Z,hwm_kb_srv,55716,kB
s1,bulk-down,RG,3,baseline-arm64-s1-bulk-down-rg-r3-20260924T103944Z,2026-09-24T10:48:57Z,out_segs_cli,271055,segments
s1,bulk-down,RG,3,baseline-arm64-s1-bulk-down-rg-r3-20260924T103944Z,2026-09-24T10:48:57Z,out_segs_srv,1631345,segments
s1,bulk-down,RG,3,baseline-arm64-s1-bulk-down-rg-r3-20260924T103944Z,2026-09-24T10:48:57Z,retrans_pct_cli,0.00073785763037,% of OutSegs
s1,bulk-down,RG,3,baseline-arm64-s1-bulk-down-rg-r3-20260924T103944Z,2026-09-24T10:48:57Z,retrans_pct_srv,4.66872427353,% of OutSegs
s1,bulk-down,RG,3,baseline-arm64-s1-bulk-down-rg-r3-20260924T103944Z,2026-09-24T10:48:57Z,retrans_segs_cli,2,segments
s1,bulk-down,RG,3,baseline-arm64-s1-bulk-down-rg-r3-20260924T103944Z,2026-09-24T10:48:57Z,retrans_segs_srv,76163,segments
s1,bulk-down,RG,3,baseline-arm64-s1-bulk-down-rg-r3-20260924T103944Z,2026-09-24T10:48:57Z,fast_retrans_segs_cli,0,segments
s1,bulk-down,RG,3,baseline-arm64-s1-bulk-down-rg-r3-20260924T103944Z,2026-09-24T10:48:57Z,fast_retrans_segs_srv,64292,segments
s1,bulk-down,RG,3,baseline-arm64-s1-bulk-down-rg-r3-20260924T103944Z,2026-09-24T10:48:57Z,early_retrans_segs_cli,0,segments
s1,bulk-down,RG,3,baseline-arm64-s1-bulk-down-rg-r3-20260924T103944Z,2026-09-24T10:48:57Z,early_retrans_segs_srv,1907,segments
s1,bulk-down,RG,3,baseline-arm64-s1-bulk-down-rg-r3-20260924T103944Z,2026-09-24T10:48:57Z,lost_segs_cli,2,segments
s1,bulk-down,RG,3,baseline-arm64-s1-bulk-down-rg-r3-20260924T103944Z,2026-09-24T10:48:57Z,lost_segs_srv,9964,segments
s1,bulk-down,RG,3,baseline-arm64-s1-bulk-down-rg-r3-20260924T103944Z,2026-09-24T10:48:57Z,repeat_segs_cli,6345,segments
s1,bulk-down,RG,3,baseline-arm64-s1-bulk-down-rg-r3-20260924T103944Z,2026-09-24T10:48:57Z,repeat_segs_srv,2,segments
s1,bulk-down,GG,4,baseline-arm64-s1-bulk-down-gg-r4-20260924T103944Z,2026-09-24T10:49:44Z,goodput_mbit_s,569.338344923,Mbit/s
s1,bulk-down,GG,4,baseline-arm64-s1-bulk-down-gg-r4-20260924T103944Z,2026-09-24T10:49:44Z,tcp_retransmits,95,segments
s1,bulk-down,GG,4,baseline-arm64-s1-bulk-down-gg-r4-20260924T103944Z,2026-09-24T10:49:44Z,cpu_s_per_gb_cli,8.29052909741,s/GB
s1,bulk-down,GG,4,baseline-arm64-s1-bulk-down-gg-r4-20260924T103944Z,2026-09-24T10:49:44Z,cpu_s_per_gb_srv,15.5342032495,s/GB
s1,bulk-down,GG,4,baseline-arm64-s1-bulk-down-gg-r4-20260924T103944Z,2026-09-24T10:49:44Z,cpu_s_per_gb_total,23.8247323469,s/GB
s1,bulk-down,GG,4,baseline-arm64-s1-bulk-down-gg-r4-20260924T103944Z,2026-09-24T10:49:44Z,rss_kb_cli,58036,kB
s1,bulk-down,GG,4,baseline-arm64-s1-bulk-down-gg-r4-20260924T103944Z,2026-09-24T10:49:44Z,rss_kb_srv,59524,kB
s1,bulk-down,GG,4,baseline-arm64-s1-bulk-down-gg-r4-20260924T103944Z,2026-09-24T10:49:44Z,hwm_kb_cli,65408,kB
s1,bulk-down,GG,4,baseline-arm64-s1-bulk-down-gg-r4-20260924T103944Z,2026-09-24T10:49:44Z,hwm_kb_srv,59524,kB
s1,bulk-down,GG,4,baseline-arm64-s1-bulk-down-gg-r4-20260924T103944Z,2026-09-24T10:49:44Z,out_segs_cli,238857,segments
s1,bulk-down,GG,4,baseline-arm64-s1-bulk-down-gg-r4-20260924T103944Z,2026-09-24T10:49:44Z,out_segs_srv,1298102,segments
s1,bulk-down,GG,4,baseline-arm64-s1-bulk-down-gg-r4-20260924T103944Z,2026-09-24T10:49:44Z,retrans_pct_cli,0.00125598161243,% of OutSegs
s1,bulk-down,GG,4,baseline-arm64-s1-bulk-down-gg-r4-20260924T103944Z,2026-09-24T10:49:44Z,retrans_pct_srv,13.2861670346,% of OutSegs
s1,bulk-down,GG,4,baseline-arm64-s1-bulk-down-gg-r4-20260924T103944Z,2026-09-24T10:49:44Z,retrans_segs_cli,3,segments
s1,bulk-down,GG,4,baseline-arm64-s1-bulk-down-gg-r4-20260924T103944Z,2026-09-24T10:49:44Z,retrans_segs_srv,172468,segments
s1,bulk-down,GG,4,baseline-arm64-s1-bulk-down-gg-r4-20260924T103944Z,2026-09-24T10:49:44Z,fast_retrans_segs_cli,0,segments
s1,bulk-down,GG,4,baseline-arm64-s1-bulk-down-gg-r4-20260924T103944Z,2026-09-24T10:49:44Z,fast_retrans_segs_srv,127564,segments
s1,bulk-down,GG,4,baseline-arm64-s1-bulk-down-gg-r4-20260924T103944Z,2026-09-24T10:49:44Z,early_retrans_segs_cli,0,segments
s1,bulk-down,GG,4,baseline-arm64-s1-bulk-down-gg-r4-20260924T103944Z,2026-09-24T10:49:44Z,early_retrans_segs_srv,6635,segments
s1,bulk-down,GG,4,baseline-arm64-s1-bulk-down-gg-r4-20260924T103944Z,2026-09-24T10:49:44Z,lost_segs_cli,3,segments
s1,bulk-down,GG,4,baseline-arm64-s1-bulk-down-gg-r4-20260924T103944Z,2026-09-24T10:49:44Z,lost_segs_srv,38269,segments
s1,bulk-down,GG,4,baseline-arm64-s1-bulk-down-gg-r4-20260924T103944Z,2026-09-24T10:49:44Z,repeat_segs_cli,10476,segments
s1,bulk-down,GG,4,baseline-arm64-s1-bulk-down-gg-r4-20260924T103944Z,2026-09-24T10:49:44Z,repeat_segs_srv,3,segments
s1,bulk-down,RR,4,baseline-arm64-s1-bulk-down-rr-r4-20260924T103944Z,2026-09-24T10:50:32Z,goodput_mbit_s,1019.36435839,Mbit/s
s1,bulk-down,RR,4,baseline-arm64-s1-bulk-down-rr-r4-20260924T103944Z,2026-09-24T10:50:32Z,tcp_retransmits,57,segments
s1,bulk-down,RR,4,baseline-arm64-s1-bulk-down-rr-r4-20260924T103944Z,2026-09-24T10:50:32Z,cpu_s_per_gb_cli,4.4971125053,s/GB
s1,bulk-down,RR,4,baseline-arm64-s1-bulk-down-rr-r4-20260924T103944Z,2026-09-24T10:50:32Z,cpu_s_per_gb_srv,8.43699117487,s/GB
s1,bulk-down,RR,4,baseline-arm64-s1-bulk-down-rr-r4-20260924T103944Z,2026-09-24T10:50:32Z,cpu_s_per_gb_total,12.9341036802,s/GB
s1,bulk-down,RR,4,baseline-arm64-s1-bulk-down-rr-r4-20260924T103944Z,2026-09-24T10:50:32Z,rss_kb_cli,9748,kB
s1,bulk-down,RR,4,baseline-arm64-s1-bulk-down-rr-r4-20260924T103944Z,2026-09-24T10:50:32Z,rss_kb_srv,23656,kB
s1,bulk-down,RR,4,baseline-arm64-s1-bulk-down-rr-r4-20260924T103944Z,2026-09-24T10:50:32Z,hwm_kb_cli,12444,kB
s1,bulk-down,RR,4,baseline-arm64-s1-bulk-down-rr-r4-20260924T103944Z,2026-09-24T10:50:32Z,hwm_kb_srv,30512,kB
s1,bulk-down,RR,4,baseline-arm64-s1-bulk-down-rr-r4-20260924T103944Z,2026-09-24T10:50:32Z,out_segs_cli,38987,segments
s1,bulk-down,RR,4,baseline-arm64-s1-bulk-down-rr-r4-20260924T103944Z,2026-09-24T10:50:32Z,out_segs_srv,1963633,segments
s1,bulk-down,RR,4,baseline-arm64-s1-bulk-down-rr-r4-20260924T103944Z,2026-09-24T10:50:32Z,retrans_pct_cli,0,% of OutSegs
s1,bulk-down,RR,4,baseline-arm64-s1-bulk-down-rr-r4-20260924T103944Z,2026-09-24T10:50:32Z,retrans_pct_srv,0,% of OutSegs
s1,bulk-down,RR,4,baseline-arm64-s1-bulk-down-rr-r4-20260924T103944Z,2026-09-24T10:50:32Z,retrans_segs_cli,0,segments
s1,bulk-down,RR,4,baseline-arm64-s1-bulk-down-rr-r4-20260924T103944Z,2026-09-24T10:50:32Z,retrans_segs_srv,0,segments
s1,bulk-down,RR,4,baseline-arm64-s1-bulk-down-rr-r4-20260924T103944Z,2026-09-24T10:50:32Z,fast_retrans_segs_cli,0,segments
s1,bulk-down,RR,4,baseline-arm64-s1-bulk-down-rr-r4-20260924T103944Z,2026-09-24T10:50:32Z,fast_retrans_segs_srv,0,segments
s1,bulk-down,RR,4,baseline-arm64-s1-bulk-down-rr-r4-20260924T103944Z,2026-09-24T10:50:32Z,early_retrans_segs_cli,0,segments
s1,bulk-down,RR,4,baseline-arm64-s1-bulk-down-rr-r4-20260924T103944Z,2026-09-24T10:50:32Z,early_retrans_segs_srv,0,segments
s1,bulk-down,RR,4,baseline-arm64-s1-bulk-down-rr-r4-20260924T103944Z,2026-09-24T10:50:32Z,lost_segs_cli,0,segments
s1,bulk-down,RR,4,baseline-arm64-s1-bulk-down-rr-r4-20260924T103944Z,2026-09-24T10:50:32Z,lost_segs_srv,0,segments
s1,bulk-down,RR,4,baseline-arm64-s1-bulk-down-rr-r4-20260924T103944Z,2026-09-24T10:50:32Z,repeat_segs_cli,0,segments
s1,bulk-down,RR,4,baseline-arm64-s1-bulk-down-rr-r4-20260924T103944Z,2026-09-24T10:50:32Z,repeat_segs_srv,0,segments
s1,bulk-down,GR,4,baseline-arm64-s1-bulk-down-gr-r4-20260924T103944Z,2026-09-24T10:51:19Z,goodput_mbit_s,759.028815748,Mbit/s
s1,bulk-down,GR,4,baseline-arm64-s1-bulk-down-gr-r4-20260924T103944Z,2026-09-24T10:51:19Z,tcp_retransmits,73,segments
s1,bulk-down,GR,4,baseline-arm64-s1-bulk-down-gr-r4-20260924T103944Z,2026-09-24T10:51:19Z,cpu_s_per_gb_cli,8.22121673603,s/GB
s1,bulk-down,GR,4,baseline-arm64-s1-bulk-down-gr-r4-20260924T103944Z,2026-09-24T10:51:19Z,cpu_s_per_gb_srv,9.074958474,s/GB
s1,bulk-down,GR,4,baseline-arm64-s1-bulk-down-gr-r4-20260924T103944Z,2026-09-24T10:51:19Z,cpu_s_per_gb_total,17.29617521,s/GB
s1,bulk-down,GR,4,baseline-arm64-s1-bulk-down-gr-r4-20260924T103944Z,2026-09-24T10:51:19Z,rss_kb_cli,33392,kB
s1,bulk-down,GR,4,baseline-arm64-s1-bulk-down-gr-r4-20260924T103944Z,2026-09-24T10:51:19Z,rss_kb_srv,30124,kB
s1,bulk-down,GR,4,baseline-arm64-s1-bulk-down-gr-r4-20260924T103944Z,2026-09-24T10:51:19Z,hwm_kb_cli,37916,kB
s1,bulk-down,GR,4,baseline-arm64-s1-bulk-down-gr-r4-20260924T103944Z,2026-09-24T10:51:19Z,hwm_kb_srv,31012,kB
s1,bulk-down,GR,4,baseline-arm64-s1-bulk-down-gr-r4-20260924T103944Z,2026-09-24T10:51:19Z,out_segs_cli,29166,segments
s1,bulk-down,GR,4,baseline-arm64-s1-bulk-down-gr-r4-20260924T103944Z,2026-09-24T10:51:19Z,out_segs_srv,1485687,segments
s1,bulk-down,GR,4,baseline-arm64-s1-bulk-down-gr-r4-20260924T103944Z,2026-09-24T10:51:19Z,retrans_pct_cli,0.00342864979771,% of OutSegs
s1,bulk-down,GR,4,baseline-arm64-s1-bulk-down-gr-r4-20260924T103944Z,2026-09-24T10:51:19Z,retrans_pct_srv,0.237937062113,% of OutSegs
s1,bulk-down,GR,4,baseline-arm64-s1-bulk-down-gr-r4-20260924T103944Z,2026-09-24T10:51:19Z,retrans_segs_cli,1,segments
s1,bulk-down,GR,4,baseline-arm64-s1-bulk-down-gr-r4-20260924T103944Z,2026-09-24T10:51:19Z,retrans_segs_srv,3535,segments
s1,bulk-down,GR,4,baseline-arm64-s1-bulk-down-gr-r4-20260924T103944Z,2026-09-24T10:51:19Z,fast_retrans_segs_cli,0,segments
s1,bulk-down,GR,4,baseline-arm64-s1-bulk-down-gr-r4-20260924T103944Z,2026-09-24T10:51:19Z,fast_retrans_segs_srv,0,segments
s1,bulk-down,GR,4,baseline-arm64-s1-bulk-down-gr-r4-20260924T103944Z,2026-09-24T10:51:19Z,early_retrans_segs_cli,0,segments
s1,bulk-down,GR,4,baseline-arm64-s1-bulk-down-gr-r4-20260924T103944Z,2026-09-24T10:51:19Z,early_retrans_segs_srv,0,segments
s1,bulk-down,GR,4,baseline-arm64-s1-bulk-down-gr-r4-20260924T103944Z,2026-09-24T10:51:19Z,lost_segs_cli,1,segments
s1,bulk-down,GR,4,baseline-arm64-s1-bulk-down-gr-r4-20260924T103944Z,2026-09-24T10:51:19Z,lost_segs_srv,3535,segments
s1,bulk-down,GR,4,baseline-arm64-s1-bulk-down-gr-r4-20260924T103944Z,2026-09-24T10:51:19Z,repeat_segs_cli,3838,segments
s1,bulk-down,GR,4,baseline-arm64-s1-bulk-down-gr-r4-20260924T103944Z,2026-09-24T10:51:19Z,repeat_segs_srv,1,segments
s1,bulk-down,RG,4,baseline-arm64-s1-bulk-down-rg-r4-20260924T103944Z,2026-09-24T10:52:07Z,goodput_mbit_s,668.102904217,Mbit/s
s1,bulk-down,RG,4,baseline-arm64-s1-bulk-down-rg-r4-20260924T103944Z,2026-09-24T10:52:07Z,tcp_retransmits,129,segments
s1,bulk-down,RG,4,baseline-arm64-s1-bulk-down-rg-r4-20260924T103944Z,2026-09-24T10:52:07Z,cpu_s_per_gb_cli,4.8795076065,s/GB
s1,bulk-down,RG,4,baseline-arm64-s1-bulk-down-rg-r4-20260924T103944Z,2026-09-24T10:52:07Z,cpu_s_per_gb_srv,14.0697458592,s/GB
s1,bulk-down,RG,4,baseline-arm64-s1-bulk-down-rg-r4-20260924T103944Z,2026-09-24T10:52:07Z,cpu_s_per_gb_total,18.9492534658,s/GB
s1,bulk-down,RG,4,baseline-arm64-s1-bulk-down-rg-r4-20260924T103944Z,2026-09-24T10:52:07Z,rss_kb_cli,16132,kB
s1,bulk-down,RG,4,baseline-arm64-s1-bulk-down-rg-r4-20260924T103944Z,2026-09-24T10:52:07Z,rss_kb_srv,57688,kB
s1,bulk-down,RG,4,baseline-arm64-s1-bulk-down-rg-r4-20260924T103944Z,2026-09-24T10:52:07Z,hwm_kb_cli,18720,kB
s1,bulk-down,RG,4,baseline-arm64-s1-bulk-down-rg-r4-20260924T103944Z,2026-09-24T10:52:07Z,hwm_kb_srv,63120,kB
s1,bulk-down,RG,4,baseline-arm64-s1-bulk-down-rg-r4-20260924T103944Z,2026-09-24T10:52:07Z,out_segs_cli,328142,segments
s1,bulk-down,RG,4,baseline-arm64-s1-bulk-down-rg-r4-20260924T103944Z,2026-09-24T10:52:07Z,out_segs_srv,1416370,segments
s1,bulk-down,RG,4,baseline-arm64-s1-bulk-down-rg-r4-20260924T103944Z,2026-09-24T10:52:07Z,retrans_pct_cli,0.000914238348032,% of OutSegs
s1,bulk-down,RG,4,baseline-arm64-s1-bulk-down-rg-r4-20260924T103944Z,2026-09-24T10:52:07Z,retrans_pct_srv,8.26344811031,% of OutSegs
s1,bulk-down,RG,4,baseline-arm64-s1-bulk-down-rg-r4-20260924T103944Z,2026-09-24T10:52:07Z,retrans_segs_cli,3,segments
s1,bulk-down,RG,4,baseline-arm64-s1-bulk-down-rg-r4-20260924T103944Z,2026-09-24T10:52:07Z,retrans_segs_srv,117041,segments
s1,bulk-down,RG,4,baseline-arm64-s1-bulk-down-rg-r4-20260924T103944Z,2026-09-24T10:52:07Z,fast_retrans_segs_cli,0,segments
s1,bulk-down,RG,4,baseline-arm64-s1-bulk-down-rg-r4-20260924T103944Z,2026-09-24T10:52:07Z,fast_retrans_segs_srv,90701,segments
s1,bulk-down,RG,4,baseline-arm64-s1-bulk-down-rg-r4-20260924T103944Z,2026-09-24T10:52:07Z,early_retrans_segs_cli,0,segments
s1,bulk-down,RG,4,baseline-arm64-s1-bulk-down-rg-r4-20260924T103944Z,2026-09-24T10:52:07Z,early_retrans_segs_srv,5409,segments
s1,bulk-down,RG,4,baseline-arm64-s1-bulk-down-rg-r4-20260924T103944Z,2026-09-24T10:52:07Z,lost_segs_cli,3,segments
s1,bulk-down,RG,4,baseline-arm64-s1-bulk-down-rg-r4-20260924T103944Z,2026-09-24T10:52:07Z,lost_segs_srv,20931,segments
s1,bulk-down,RG,4,baseline-arm64-s1-bulk-down-rg-r4-20260924T103944Z,2026-09-24T10:52:07Z,repeat_segs_cli,13005,segments
s1,bulk-down,RG,4,baseline-arm64-s1-bulk-down-rg-r4-20260924T103944Z,2026-09-24T10:52:07Z,repeat_segs_srv,3,segments
s1,bulk-down,GG,5,baseline-arm64-s1-bulk-down-gg-r5-20260924T103944Z,2026-09-24T10:52:55Z,goodput_mbit_s,527.643548729,Mbit/s
s1,bulk-down,GG,5,baseline-arm64-s1-bulk-down-gg-r5-20260924T103944Z,2026-09-24T10:52:55Z,tcp_retransmits,123,segments
s1,bulk-down,GG,5,baseline-arm64-s1-bulk-down-gg-r5-20260924T103944Z,2026-09-24T10:52:55Z,cpu_s_per_gb_cli,9.04398616433,s/GB
s1,bulk-down,GG,5,baseline-arm64-s1-bulk-down-gg-r5-20260924T103944Z,2026-09-24T10:52:55Z,cpu_s_per_gb_srv,17.0342304369,s/GB
s1,bulk-down,GG,5,baseline-arm64-s1-bulk-down-gg-r5-20260924T103944Z,2026-09-24T10:52:55Z,cpu_s_per_gb_total,26.0782166013,s/GB
s1,bulk-down,GG,5,baseline-arm64-s1-bulk-down-gg-r5-20260924T103944Z,2026-09-24T10:52:55Z,rss_kb_cli,60428,kB
s1,bulk-down,GG,5,baseline-arm64-s1-bulk-down-gg-r5-20260924T103944Z,2026-09-24T10:52:55Z,rss_kb_srv,58956,kB
s1,bulk-down,GG,5,baseline-arm64-s1-bulk-down-gg-r5-20260924T103944Z,2026-09-24T10:52:55Z,hwm_kb_cli,63984,kB
s1,bulk-down,GG,5,baseline-arm64-s1-bulk-down-gg-r5-20260924T103944Z,2026-09-24T10:52:55Z,hwm_kb_srv,61072,kB
s1,bulk-down,GG,5,baseline-arm64-s1-bulk-down-gg-r5-20260924T103944Z,2026-09-24T10:52:55Z,out_segs_cli,268488,segments
s1,bulk-down,GG,5,baseline-arm64-s1-bulk-down-gg-r5-20260924T103944Z,2026-09-24T10:52:55Z,out_segs_srv,1306203,segments
s1,bulk-down,GG,5,baseline-arm64-s1-bulk-down-gg-r5-20260924T103944Z,2026-09-24T10:52:55Z,retrans_pct_cli,0.00186228062334,% of OutSegs
s1,bulk-down,GG,5,baseline-arm64-s1-bulk-down-gg-r5-20260924T103944Z,2026-09-24T10:52:55Z,retrans_pct_srv,14.8070399471,% of OutSegs
s1,bulk-down,GG,5,baseline-arm64-s1-bulk-down-gg-r5-20260924T103944Z,2026-09-24T10:52:55Z,retrans_segs_cli,5,segments
s1,bulk-down,GG,5,baseline-arm64-s1-bulk-down-gg-r5-20260924T103944Z,2026-09-24T10:52:55Z,retrans_segs_srv,193410,segments
s1,bulk-down,GG,5,baseline-arm64-s1-bulk-down-gg-r5-20260924T103944Z,2026-09-24T10:52:55Z,fast_retrans_segs_cli,0,segments
s1,bulk-down,GG,5,baseline-arm64-s1-bulk-down-gg-r5-20260924T103944Z,2026-09-24T10:52:55Z,fast_retrans_segs_srv,142079,segments
s1,bulk-down,GG,5,baseline-arm64-s1-bulk-down-gg-r5-20260924T103944Z,2026-09-24T10:52:55Z,early_retrans_segs_cli,0,segments
s1,bulk-down,GG,5,baseline-arm64-s1-bulk-down-gg-r5-20260924T103944Z,2026-09-24T10:52:55Z,early_retrans_segs_srv,5167,segments
s1,bulk-down,GG,5,baseline-arm64-s1-bulk-down-gg-r5-20260924T103944Z,2026-09-24T10:52:55Z,lost_segs_cli,5,segments
s1,bulk-down,GG,5,baseline-arm64-s1-bulk-down-gg-r5-20260924T103944Z,2026-09-24T10:52:55Z,lost_segs_srv,46164,segments
s1,bulk-down,GG,5,baseline-arm64-s1-bulk-down-gg-r5-20260924T103944Z,2026-09-24T10:52:55Z,repeat_segs_cli,17508,segments
s1,bulk-down,GG,5,baseline-arm64-s1-bulk-down-gg-r5-20260924T103944Z,2026-09-24T10:52:55Z,repeat_segs_srv,5,segments
s1,bulk-down,RR,5,baseline-arm64-s1-bulk-down-rr-r5-20260924T103944Z,2026-09-24T10:53:42Z,goodput_mbit_s,1008.30760626,Mbit/s
s1,bulk-down,RR,5,baseline-arm64-s1-bulk-down-rr-r5-20260924T103944Z,2026-09-24T10:53:42Z,tcp_retransmits,41,segments
s1,bulk-down,RR,5,baseline-arm64-s1-bulk-down-rr-r5-20260924T103944Z,2026-09-24T10:53:42Z,cpu_s_per_gb_cli,4.49067939339,s/GB
s1,bulk-down,RR,5,baseline-arm64-s1-bulk-down-rr-r5-20260924T103944Z,2026-09-24T10:53:42Z,cpu_s_per_gb_srv,8.46564472218,s/GB
s1,bulk-down,RR,5,baseline-arm64-s1-bulk-down-rr-r5-20260924T103944Z,2026-09-24T10:53:42Z,cpu_s_per_gb_total,12.9563241156,s/GB
s1,bulk-down,RR,5,baseline-arm64-s1-bulk-down-rr-r5-20260924T103944Z,2026-09-24T10:53:42Z,rss_kb_cli,12824,kB
s1,bulk-down,RR,5,baseline-arm64-s1-bulk-down-rr-r5-20260924T103944Z,2026-09-24T10:53:42Z,rss_kb_srv,25832,kB
s1,bulk-down,RR,5,baseline-arm64-s1-bulk-down-rr-r5-20260924T103944Z,2026-09-24T10:53:42Z,hwm_kb_cli,12824,kB
s1,bulk-down,RR,5,baseline-arm64-s1-bulk-down-rr-r5-20260924T103944Z,2026-09-24T10:53:42Z,hwm_kb_srv,30616,kB
s1,bulk-down,RR,5,baseline-arm64-s1-bulk-down-rr-r5-20260924T103944Z,2026-09-24T10:53:42Z,out_segs_cli,38453,segments
s1,bulk-down,RR,5,baseline-arm64-s1-bulk-down-rr-r5-20260924T103944Z,2026-09-24T10:53:42Z,out_segs_srv,1966784,segments
s1,bulk-down,RR,5,baseline-arm64-s1-bulk-down-rr-r5-20260924T103944Z,2026-09-24T10:53:42Z,retrans_pct_cli,0,% of OutSegs
s1,bulk-down,RR,5,baseline-arm64-s1-bulk-down-rr-r5-20260924T103944Z,2026-09-24T10:53:42Z,retrans_pct_srv,0.283152598353,% of OutSegs
s1,bulk-down,RR,5,baseline-arm64-s1-bulk-down-rr-r5-20260924T103944Z,2026-09-24T10:53:42Z,retrans_segs_cli,0,segments
s1,bulk-down,RR,5,baseline-arm64-s1-bulk-down-rr-r5-20260924T103944Z,2026-09-24T10:53:42Z,retrans_segs_srv,5569,segments
s1,bulk-down,RR,5,baseline-arm64-s1-bulk-down-rr-r5-20260924T103944Z,2026-09-24T10:53:42Z,fast_retrans_segs_cli,0,segments
s1,bulk-down,RR,5,baseline-arm64-s1-bulk-down-rr-r5-20260924T103944Z,2026-09-24T10:53:42Z,fast_retrans_segs_srv,0,segments
s1,bulk-down,RR,5,baseline-arm64-s1-bulk-down-rr-r5-20260924T103944Z,2026-09-24T10:53:42Z,early_retrans_segs_cli,0,segments
s1,bulk-down,RR,5,baseline-arm64-s1-bulk-down-rr-r5-20260924T103944Z,2026-09-24T10:53:42Z,early_retrans_segs_srv,0,segments
s1,bulk-down,RR,5,baseline-arm64-s1-bulk-down-rr-r5-20260924T103944Z,2026-09-24T10:53:42Z,lost_segs_cli,0,segments
s1,bulk-down,RR,5,baseline-arm64-s1-bulk-down-rr-r5-20260924T103944Z,2026-09-24T10:53:42Z,lost_segs_srv,5569,segments
s1,bulk-down,RR,5,baseline-arm64-s1-bulk-down-rr-r5-20260924T103944Z,2026-09-24T10:53:42Z,repeat_segs_cli,3629,segments
s1,bulk-down,RR,5,baseline-arm64-s1-bulk-down-rr-r5-20260924T103944Z,2026-09-24T10:53:42Z,repeat_segs_srv,0,segments
s1,bulk-down,GR,5,baseline-arm64-s1-bulk-down-gr-r5-20260924T103944Z,2026-09-24T10:54:29Z,goodput_mbit_s,711.851230689,Mbit/s
s1,bulk-down,GR,5,baseline-arm64-s1-bulk-down-gr-r5-20260924T103944Z,2026-09-24T10:54:29Z,tcp_retransmits,82,segments
s1,bulk-down,GR,5,baseline-arm64-s1-bulk-down-gr-r5-20260924T103944Z,2026-09-24T10:54:29Z,cpu_s_per_gb_cli,8.71561531853,s/GB
s1,bulk-down,GR,5,baseline-arm64-s1-bulk-down-gr-r5-20260924T103944Z,2026-09-24T10:54:29Z,cpu_s_per_gb_srv,9.49108592714,s/GB
s1,bulk-down,GR,5,baseline-arm64-s1-bulk-down-gr-r5-20260924T103944Z,2026-09-24T10:54:29Z,cpu_s_per_gb_total,18.2067012457,s/GB
s1,bulk-down,GR,5,baseline-arm64-s1-bulk-down-gr-r5-20260924T103944Z,2026-09-24T10:54:29Z,rss_kb_cli,35100,kB
s1,bulk-down,GR,5,baseline-arm64-s1-bulk-down-gr-r5-20260924T103944Z,2026-09-24T10:54:29Z,rss_kb_srv,32132,kB
s1,bulk-down,GR,5,baseline-arm64-s1-bulk-down-gr-r5-20260924T103944Z,2026-09-24T10:54:29Z,hwm_kb_cli,37964,kB
s1,bulk-down,GR,5,baseline-arm64-s1-bulk-down-gr-r5-20260924T103944Z,2026-09-24T10:54:29Z,hwm_kb_srv,32132,kB
s1,bulk-down,GR,5,baseline-arm64-s1-bulk-down-gr-r5-20260924T103944Z,2026-09-24T10:54:29Z,out_segs_cli,27663,segments
s1,bulk-down,GR,5,baseline-arm64-s1-bulk-down-gr-r5-20260924T103944Z,2026-09-24T10:54:29Z,out_segs_srv,1403594,segments
s1,bulk-down,GR,5,baseline-arm64-s1-bulk-down-gr-r5-20260924T103944Z,2026-09-24T10:54:29Z,retrans_pct_cli,0.00361493691935,% of OutSegs
s1,bulk-down,GR,5,baseline-arm64-s1-bulk-down-gr-r5-20260924T103944Z,2026-09-24T10:54:29Z,retrans_pct_srv,0.238815497929,% of OutSegs
s1,bulk-down,GR,5,baseline-arm64-s1-bulk-down-gr-r5-20260924T103944Z,2026-09-24T10:54:29Z,retrans_segs_cli,1,segments
s1,bulk-down,GR,5,baseline-arm64-s1-bulk-down-gr-r5-20260924T103944Z,2026-09-24T10:54:29Z,retrans_segs_srv,3352,segments
s1,bulk-down,GR,5,baseline-arm64-s1-bulk-down-gr-r5-20260924T103944Z,2026-09-24T10:54:29Z,fast_retrans_segs_cli,0,segments
s1,bulk-down,GR,5,baseline-arm64-s1-bulk-down-gr-r5-20260924T103944Z,2026-09-24T10:54:29Z,fast_retrans_segs_srv,0,segments
s1,bulk-down,GR,5,baseline-arm64-s1-bulk-down-gr-r5-20260924T103944Z,2026-09-24T10:54:29Z,early_retrans_segs_cli,0,segments
s1,bulk-down,GR,5,baseline-arm64-s1-bulk-down-gr-r5-20260924T103944Z,2026-09-24T10:54:29Z,early_retrans_segs_srv,0,segments
s1,bulk-down,GR,5,baseline-arm64-s1-bulk-down-gr-r5-20260924T103944Z,2026-09-24T10:54:29Z,lost_segs_cli,1,segments
s1,bulk-down,GR,5,baseline-arm64-s1-bulk-down-gr-r5-20260924T103944Z,2026-09-24T10:54:29Z,lost_segs_srv,3352,segments
s1,bulk-down,GR,5,baseline-arm64-s1-bulk-down-gr-r5-20260924T103944Z,2026-09-24T10:54:29Z,repeat_segs_cli,3352,segments
s1,bulk-down,GR,5,baseline-arm64-s1-bulk-down-gr-r5-20260924T103944Z,2026-09-24T10:54:29Z,repeat_segs_srv,1,segments
s1,bulk-down,RG,5,baseline-arm64-s1-bulk-down-rg-r5-20260924T103944Z,2026-09-24T10:55:17Z,goodput_mbit_s,800.387345293,Mbit/s
s1,bulk-down,RG,5,baseline-arm64-s1-bulk-down-rg-r5-20260924T103944Z,2026-09-24T10:55:17Z,tcp_retransmits,101,segments
s1,bulk-down,RG,5,baseline-arm64-s1-bulk-down-rg-r5-20260924T103944Z,2026-09-24T10:55:17Z,cpu_s_per_gb_cli,4.32795471247,s/GB
s1,bulk-down,RG,5,baseline-arm64-s1-bulk-down-rg-r5-20260924T103944Z,2026-09-24T10:55:17Z,cpu_s_per_gb_srv,11.4545868372,s/GB
s1,bulk-down,RG,5,baseline-arm64-s1-bulk-down-rg-r5-20260924T103944Z,2026-09-24T10:55:17Z,cpu_s_per_gb_total,15.7825415496,s/GB
s1,bulk-down,RG,5,baseline-arm64-s1-bulk-down-rg-r5-20260924T103944Z,2026-09-24T10:55:17Z,rss_kb_cli,21308,kB
s1,bulk-down,RG,5,baseline-arm64-s1-bulk-down-rg-r5-20260924T103944Z,2026-09-24T10:55:17Z,rss_kb_srv,55332,kB
s1,bulk-down,RG,5,baseline-arm64-s1-bulk-down-rg-r5-20260924T103944Z,2026-09-24T10:55:17Z,hwm_kb_cli,24944,kB
s1,bulk-down,RG,5,baseline-arm64-s1-bulk-down-rg-r5-20260924T103944Z,2026-09-24T10:55:17Z,hwm_kb_srv,56256,kB
s1,bulk-down,RG,5,baseline-arm64-s1-bulk-down-rg-r5-20260924T103944Z,2026-09-24T10:55:17Z,out_segs_cli,245254,segments
s1,bulk-down,RG,5,baseline-arm64-s1-bulk-down-rg-r5-20260924T103944Z,2026-09-24T10:55:17Z,out_segs_srv,1635474,segments
s1,bulk-down,RG,5,baseline-arm64-s1-bulk-down-rg-r5-20260924T103944Z,2026-09-24T10:55:17Z,retrans_pct_cli,0.00122322163961,% of OutSegs
s1,bulk-down,RG,5,baseline-arm64-s1-bulk-down-rg-r5-20260924T103944Z,2026-09-24T10:55:17Z,retrans_pct_srv,5.01029059465,% of OutSegs
s1,bulk-down,RG,5,baseline-arm64-s1-bulk-down-rg-r5-20260924T103944Z,2026-09-24T10:55:17Z,retrans_segs_cli,3,segments
s1,bulk-down,RG,5,baseline-arm64-s1-bulk-down-rg-r5-20260924T103944Z,2026-09-24T10:55:17Z,retrans_segs_srv,81942,segments
s1,bulk-down,RG,5,baseline-arm64-s1-bulk-down-rg-r5-20260924T103944Z,2026-09-24T10:55:17Z,fast_retrans_segs_cli,0,segments
s1,bulk-down,RG,5,baseline-arm64-s1-bulk-down-rg-r5-20260924T103944Z,2026-09-24T10:55:17Z,fast_retrans_segs_srv,59043,segments
s1,bulk-down,RG,5,baseline-arm64-s1-bulk-down-rg-r5-20260924T103944Z,2026-09-24T10:55:17Z,early_retrans_segs_cli,0,segments
s1,bulk-down,RG,5,baseline-arm64-s1-bulk-down-rg-r5-20260924T103944Z,2026-09-24T10:55:17Z,early_retrans_segs_srv,1073,segments
s1,bulk-down,RG,5,baseline-arm64-s1-bulk-down-rg-r5-20260924T103944Z,2026-09-24T10:55:17Z,lost_segs_cli,3,segments
s1,bulk-down,RG,5,baseline-arm64-s1-bulk-down-rg-r5-20260924T103944Z,2026-09-24T10:55:17Z,lost_segs_srv,21826,segments
s1,bulk-down,RG,5,baseline-arm64-s1-bulk-down-rg-r5-20260924T103944Z,2026-09-24T10:55:17Z,repeat_segs_cli,17438,segments
s1,bulk-down,RG,5,baseline-arm64-s1-bulk-down-rg-r5-20260924T103944Z,2026-09-24T10:55:17Z,repeat_segs_srv,3,segments
s1,latency,GG,1,baseline-arm64-s1-latency-gg-r1-20260924T105648Z,2026-09-24T10:57:23Z,rtt_p50_ms,0.340991,ms
s1,latency,GG,1,baseline-arm64-s1-latency-gg-r1-20260924T105648Z,2026-09-24T10:57:23Z,rtt_p90_ms,0.465919,ms
s1,latency,GG,1,baseline-arm64-s1-latency-gg-r1-20260924T105648Z,2026-09-24T10:57:23Z,rtt_p99_ms,0.710655,ms
s1,latency,GG,1,baseline-arm64-s1-latency-gg-r1-20260924T105648Z,2026-09-24T10:57:23Z,rtt_max_ms,3.430177,ms
s1,latency,GG,1,baseline-arm64-s1-latency-gg-r1-20260924T105648Z,2026-09-24T10:57:23Z,rtt_errors,0,count
s1,latency,GG,1,baseline-arm64-s1-latency-gg-r1-20260924T105648Z,2026-09-24T10:57:23Z,cpu_s_cli,10.5,s
s1,latency,GG,1,baseline-arm64-s1-latency-gg-r1-20260924T105648Z,2026-09-24T10:57:23Z,cpu_s_srv,10.69,s
s1,latency,GG,1,baseline-arm64-s1-latency-gg-r1-20260924T105648Z,2026-09-24T10:57:23Z,rss_kb_cli,27156,kB
s1,latency,GG,1,baseline-arm64-s1-latency-gg-r1-20260924T105648Z,2026-09-24T10:57:23Z,rss_kb_srv,26896,kB
s1,latency,GG,1,baseline-arm64-s1-latency-gg-r1-20260924T105648Z,2026-09-24T10:57:23Z,hwm_kb_cli,27156,kB
s1,latency,GG,1,baseline-arm64-s1-latency-gg-r1-20260924T105648Z,2026-09-24T10:57:23Z,hwm_kb_srv,26896,kB
s1,latency,RR,1,baseline-arm64-s1-latency-rr-r1-20260924T105648Z,2026-09-24T10:58:09Z,rtt_p50_ms,0.232959,ms
s1,latency,RR,1,baseline-arm64-s1-latency-rr-r1-20260924T105648Z,2026-09-24T10:58:09Z,rtt_p90_ms,0.316415,ms
s1,latency,RR,1,baseline-arm64-s1-latency-rr-r1-20260924T105648Z,2026-09-24T10:58:09Z,rtt_p99_ms,0.519167,ms
s1,latency,RR,1,baseline-arm64-s1-latency-rr-r1-20260924T105648Z,2026-09-24T10:58:09Z,rtt_max_ms,3.604618,ms
s1,latency,RR,1,baseline-arm64-s1-latency-rr-r1-20260924T105648Z,2026-09-24T10:58:09Z,rtt_errors,0,count
s1,latency,RR,1,baseline-arm64-s1-latency-rr-r1-20260924T105648Z,2026-09-24T10:58:09Z,cpu_s_cli,9.73,s
s1,latency,RR,1,baseline-arm64-s1-latency-rr-r1-20260924T105648Z,2026-09-24T10:58:09Z,cpu_s_srv,8.64,s
s1,latency,RR,1,baseline-arm64-s1-latency-rr-r1-20260924T105648Z,2026-09-24T10:58:09Z,rss_kb_cli,4672,kB
s1,latency,RR,1,baseline-arm64-s1-latency-rr-r1-20260924T105648Z,2026-09-24T10:58:09Z,rss_kb_srv,4588,kB
s1,latency,RR,1,baseline-arm64-s1-latency-rr-r1-20260924T105648Z,2026-09-24T10:58:09Z,hwm_kb_cli,4672,kB
s1,latency,RR,1,baseline-arm64-s1-latency-rr-r1-20260924T105648Z,2026-09-24T10:58:09Z,hwm_kb_srv,4588,kB
s1,latency,GG,2,baseline-arm64-s1-latency-gg-r2-20260924T105648Z,2026-09-24T10:58:54Z,rtt_p50_ms,0.336895,ms
s1,latency,GG,2,baseline-arm64-s1-latency-gg-r2-20260924T105648Z,2026-09-24T10:58:54Z,rtt_p90_ms,0.457727,ms
s1,latency,GG,2,baseline-arm64-s1-latency-gg-r2-20260924T105648Z,2026-09-24T10:58:54Z,rtt_p99_ms,0.710655,ms
s1,latency,GG,2,baseline-arm64-s1-latency-gg-r2-20260924T105648Z,2026-09-24T10:58:54Z,rtt_max_ms,7.168595,ms
s1,latency,GG,2,baseline-arm64-s1-latency-gg-r2-20260924T105648Z,2026-09-24T10:58:54Z,rtt_errors,0,count
s1,latency,GG,2,baseline-arm64-s1-latency-gg-r2-20260924T105648Z,2026-09-24T10:58:54Z,cpu_s_cli,10.46,s
s1,latency,GG,2,baseline-arm64-s1-latency-gg-r2-20260924T105648Z,2026-09-24T10:58:54Z,cpu_s_srv,10.72,s
s1,latency,GG,2,baseline-arm64-s1-latency-gg-r2-20260924T105648Z,2026-09-24T10:58:54Z,rss_kb_cli,27144,kB
s1,latency,GG,2,baseline-arm64-s1-latency-gg-r2-20260924T105648Z,2026-09-24T10:58:54Z,rss_kb_srv,27228,kB
s1,latency,GG,2,baseline-arm64-s1-latency-gg-r2-20260924T105648Z,2026-09-24T10:58:54Z,hwm_kb_cli,27144,kB
s1,latency,GG,2,baseline-arm64-s1-latency-gg-r2-20260924T105648Z,2026-09-24T10:58:54Z,hwm_kb_srv,27228,kB
s1,latency,RR,2,baseline-arm64-s1-latency-rr-r2-20260924T105648Z,2026-09-24T10:59:40Z,rtt_p50_ms,0.225791,ms
s1,latency,RR,2,baseline-arm64-s1-latency-rr-r2-20260924T105648Z,2026-09-24T10:59:40Z,rtt_p90_ms,0.308223,ms
s1,latency,RR,2,baseline-arm64-s1-latency-rr-r2-20260924T105648Z,2026-09-24T10:59:40Z,rtt_p99_ms,0.508927,ms
s1,latency,RR,2,baseline-arm64-s1-latency-rr-r2-20260924T105648Z,2026-09-24T10:59:40Z,rtt_max_ms,3.621018,ms
s1,latency,RR,2,baseline-arm64-s1-latency-rr-r2-20260924T105648Z,2026-09-24T10:59:40Z,rtt_errors,0,count
s1,latency,RR,2,baseline-arm64-s1-latency-rr-r2-20260924T105648Z,2026-09-24T10:59:40Z,cpu_s_cli,9.71,s
s1,latency,RR,2,baseline-arm64-s1-latency-rr-r2-20260924T105648Z,2026-09-24T10:59:40Z,cpu_s_srv,8.61,s
s1,latency,RR,2,baseline-arm64-s1-latency-rr-r2-20260924T105648Z,2026-09-24T10:59:40Z,rss_kb_cli,4668,kB
s1,latency,RR,2,baseline-arm64-s1-latency-rr-r2-20260924T105648Z,2026-09-24T10:59:40Z,rss_kb_srv,4560,kB
s1,latency,RR,2,baseline-arm64-s1-latency-rr-r2-20260924T105648Z,2026-09-24T10:59:40Z,hwm_kb_cli,4668,kB
s1,latency,RR,2,baseline-arm64-s1-latency-rr-r2-20260924T105648Z,2026-09-24T10:59:40Z,hwm_kb_srv,4560,kB
s1,latency,GG,3,baseline-arm64-s1-latency-gg-r3-20260924T105648Z,2026-09-24T11:00:26Z,rtt_p50_ms,0.340991,ms
s1,latency,GG,3,baseline-arm64-s1-latency-gg-r3-20260924T105648Z,2026-09-24T11:00:26Z,rtt_p90_ms,0.465919,ms
s1,latency,GG,3,baseline-arm64-s1-latency-gg-r3-20260924T105648Z,2026-09-24T11:00:26Z,rtt_p99_ms,0.731135,ms
s1,latency,GG,3,baseline-arm64-s1-latency-gg-r3-20260924T105648Z,2026-09-24T11:00:26Z,rtt_max_ms,8.916844,ms
s1,latency,GG,3,baseline-arm64-s1-latency-gg-r3-20260924T105648Z,2026-09-24T11:00:26Z,rtt_errors,0,count
s1,latency,GG,3,baseline-arm64-s1-latency-gg-r3-20260924T105648Z,2026-09-24T11:00:26Z,cpu_s_cli,10.42,s
s1,latency,GG,3,baseline-arm64-s1-latency-gg-r3-20260924T105648Z,2026-09-24T11:00:26Z,cpu_s_srv,10.67,s
s1,latency,GG,3,baseline-arm64-s1-latency-gg-r3-20260924T105648Z,2026-09-24T11:00:26Z,rss_kb_cli,27104,kB
s1,latency,GG,3,baseline-arm64-s1-latency-gg-r3-20260924T105648Z,2026-09-24T11:00:26Z,rss_kb_srv,27112,kB
s1,latency,GG,3,baseline-arm64-s1-latency-gg-r3-20260924T105648Z,2026-09-24T11:00:26Z,hwm_kb_cli,27104,kB
s1,latency,GG,3,baseline-arm64-s1-latency-gg-r3-20260924T105648Z,2026-09-24T11:00:26Z,hwm_kb_srv,27112,kB
s1,latency,RR,3,baseline-arm64-s1-latency-rr-r3-20260924T105648Z,2026-09-24T11:01:11Z,rtt_p50_ms,0.229887,ms
s1,latency,RR,3,baseline-arm64-s1-latency-rr-r3-20260924T105648Z,2026-09-24T11:01:11Z,rtt_p90_ms,0.316415,ms
s1,latency,RR,3,baseline-arm64-s1-latency-rr-r3-20260924T105648Z,2026-09-24T11:01:11Z,rtt_p99_ms,0.519167,ms
s1,latency,RR,3,baseline-arm64-s1-latency-rr-r3-20260924T105648Z,2026-09-24T11:01:11Z,rtt_max_ms,3.90842,ms
s1,latency,RR,3,baseline-arm64-s1-latency-rr-r3-20260924T105648Z,2026-09-24T11:01:11Z,rtt_errors,0,count
s1,latency,RR,3,baseline-arm64-s1-latency-rr-r3-20260924T105648Z,2026-09-24T11:01:11Z,cpu_s_cli,9.73,s
s1,latency,RR,3,baseline-arm64-s1-latency-rr-r3-20260924T105648Z,2026-09-24T11:01:11Z,cpu_s_srv,8.67,s
s1,latency,RR,3,baseline-arm64-s1-latency-rr-r3-20260924T105648Z,2026-09-24T11:01:11Z,rss_kb_cli,4664,kB
s1,latency,RR,3,baseline-arm64-s1-latency-rr-r3-20260924T105648Z,2026-09-24T11:01:11Z,rss_kb_srv,4588,kB
s1,latency,RR,3,baseline-arm64-s1-latency-rr-r3-20260924T105648Z,2026-09-24T11:01:11Z,hwm_kb_cli,4664,kB
s1,latency,RR,3,baseline-arm64-s1-latency-rr-r3-20260924T105648Z,2026-09-24T11:01:11Z,hwm_kb_srv,4588,kB
s1,latency,GG,4,baseline-arm64-s1-latency-gg-r4-20260924T105648Z,2026-09-24T11:01:56Z,rtt_p50_ms,0.347135,ms
s1,latency,GG,4,baseline-arm64-s1-latency-gg-r4-20260924T105648Z,2026-09-24T11:01:56Z,rtt_p90_ms,0.472063,ms
s1,latency,GG,4,baseline-arm64-s1-latency-gg-r4-20260924T105648Z,2026-09-24T11:01:56Z,rtt_p99_ms,0.743423,ms
s1,latency,GG,4,baseline-arm64-s1-latency-gg-r4-20260924T105648Z,2026-09-24T11:01:56Z,rtt_max_ms,7.502477,ms
s1,latency,GG,4,baseline-arm64-s1-latency-gg-r4-20260924T105648Z,2026-09-24T11:01:56Z,rtt_errors,0,count
s1,latency,GG,4,baseline-arm64-s1-latency-gg-r4-20260924T105648Z,2026-09-24T11:01:56Z,cpu_s_cli,10.48,s
s1,latency,GG,4,baseline-arm64-s1-latency-gg-r4-20260924T105648Z,2026-09-24T11:01:56Z,cpu_s_srv,10.62,s
s1,latency,GG,4,baseline-arm64-s1-latency-gg-r4-20260924T105648Z,2026-09-24T11:01:56Z,rss_kb_cli,26880,kB
s1,latency,GG,4,baseline-arm64-s1-latency-gg-r4-20260924T105648Z,2026-09-24T11:01:56Z,rss_kb_srv,27320,kB
s1,latency,GG,4,baseline-arm64-s1-latency-gg-r4-20260924T105648Z,2026-09-24T11:01:56Z,hwm_kb_cli,26880,kB
s1,latency,GG,4,baseline-arm64-s1-latency-gg-r4-20260924T105648Z,2026-09-24T11:01:56Z,hwm_kb_srv,27320,kB
s1,latency,RR,4,baseline-arm64-s1-latency-rr-r4-20260924T105648Z,2026-09-24T11:02:42Z,rtt_p50_ms,0.230911,ms
s1,latency,RR,4,baseline-arm64-s1-latency-rr-r4-20260924T105648Z,2026-09-24T11:02:42Z,rtt_p90_ms,0.312319,ms
s1,latency,RR,4,baseline-arm64-s1-latency-rr-r4-20260924T105648Z,2026-09-24T11:02:42Z,rtt_p99_ms,0.526335,ms
s1,latency,RR,4,baseline-arm64-s1-latency-rr-r4-20260924T105648Z,2026-09-24T11:02:42Z,rtt_max_ms,4.668463,ms
s1,latency,RR,4,baseline-arm64-s1-latency-rr-r4-20260924T105648Z,2026-09-24T11:02:42Z,rtt_errors,0,count
s1,latency,RR,4,baseline-arm64-s1-latency-rr-r4-20260924T105648Z,2026-09-24T11:02:42Z,cpu_s_cli,9.75,s
s1,latency,RR,4,baseline-arm64-s1-latency-rr-r4-20260924T105648Z,2026-09-24T11:02:42Z,cpu_s_srv,8.65,s
s1,latency,RR,4,baseline-arm64-s1-latency-rr-r4-20260924T105648Z,2026-09-24T11:02:42Z,rss_kb_cli,4656,kB
s1,latency,RR,4,baseline-arm64-s1-latency-rr-r4-20260924T105648Z,2026-09-24T11:02:42Z,rss_kb_srv,4572,kB
s1,latency,RR,4,baseline-arm64-s1-latency-rr-r4-20260924T105648Z,2026-09-24T11:02:42Z,hwm_kb_cli,4656,kB
s1,latency,RR,4,baseline-arm64-s1-latency-rr-r4-20260924T105648Z,2026-09-24T11:02:42Z,hwm_kb_srv,4572,kB
s1,latency,GG,5,baseline-arm64-s1-latency-gg-r5-20260924T105648Z,2026-09-24T11:03:28Z,rtt_p50_ms,0.334847,ms
s1,latency,GG,5,baseline-arm64-s1-latency-gg-r5-20260924T105648Z,2026-09-24T11:03:28Z,rtt_p90_ms,0.455679,ms
s1,latency,GG,5,baseline-arm64-s1-latency-gg-r5-20260924T105648Z,2026-09-24T11:03:28Z,rtt_p99_ms,0.710655,ms
s1,latency,GG,5,baseline-arm64-s1-latency-gg-r5-20260924T105648Z,2026-09-24T11:03:28Z,rtt_max_ms,8.038919,ms
s1,latency,GG,5,baseline-arm64-s1-latency-gg-r5-20260924T105648Z,2026-09-24T11:03:28Z,rtt_errors,0,count
s1,latency,GG,5,baseline-arm64-s1-latency-gg-r5-20260924T105648Z,2026-09-24T11:03:28Z,cpu_s_cli,10.46,s
s1,latency,GG,5,baseline-arm64-s1-latency-gg-r5-20260924T105648Z,2026-09-24T11:03:28Z,cpu_s_srv,10.76,s
s1,latency,GG,5,baseline-arm64-s1-latency-gg-r5-20260924T105648Z,2026-09-24T11:03:28Z,rss_kb_cli,26924,kB
s1,latency,GG,5,baseline-arm64-s1-latency-gg-r5-20260924T105648Z,2026-09-24T11:03:28Z,rss_kb_srv,27204,kB
s1,latency,GG,5,baseline-arm64-s1-latency-gg-r5-20260924T105648Z,2026-09-24T11:03:28Z,hwm_kb_cli,26924,kB
s1,latency,GG,5,baseline-arm64-s1-latency-gg-r5-20260924T105648Z,2026-09-24T11:03:28Z,hwm_kb_srv,27204,kB
s1,latency,RR,5,baseline-arm64-s1-latency-rr-r5-20260924T105648Z,2026-09-24T11:04:13Z,rtt_p50_ms,0.230911,ms
s1,latency,RR,5,baseline-arm64-s1-latency-rr-r5-20260924T105648Z,2026-09-24T11:04:13Z,rtt_p90_ms,0.314367,ms
s1,latency,RR,5,baseline-arm64-s1-latency-rr-r5-20260924T105648Z,2026-09-24T11:04:13Z,rtt_p99_ms,0.515071,ms
s1,latency,RR,5,baseline-arm64-s1-latency-rr-r5-20260924T105648Z,2026-09-24T11:04:13Z,rtt_max_ms,11.094895,ms
s1,latency,RR,5,baseline-arm64-s1-latency-rr-r5-20260924T105648Z,2026-09-24T11:04:13Z,rtt_errors,0,count
s1,latency,RR,5,baseline-arm64-s1-latency-rr-r5-20260924T105648Z,2026-09-24T11:04:13Z,cpu_s_cli,9.68,s
s1,latency,RR,5,baseline-arm64-s1-latency-rr-r5-20260924T105648Z,2026-09-24T11:04:13Z,cpu_s_srv,8.66,s
s1,latency,RR,5,baseline-arm64-s1-latency-rr-r5-20260924T105648Z,2026-09-24T11:04:13Z,rss_kb_cli,4660,kB
s1,latency,RR,5,baseline-arm64-s1-latency-rr-r5-20260924T105648Z,2026-09-24T11:04:13Z,rss_kb_srv,4584,kB
s1,latency,RR,5,baseline-arm64-s1-latency-rr-r5-20260924T105648Z,2026-09-24T11:04:13Z,hwm_kb_cli,4660,kB
s1,latency,RR,5,baseline-arm64-s1-latency-rr-r5-20260924T105648Z,2026-09-24T11:04:13Z,hwm_kb_srv,4584,kB
s1,latency-loaded,GG,1,baseline-arm64-s1-latency-loaded-gg-r1-20260924T110542Z,2026-09-24T11:06:16Z,rtt_p50_ms,0.542719,ms
s1,latency-loaded,GG,1,baseline-arm64-s1-latency-loaded-gg-r1-20260924T110542Z,2026-09-24T11:06:16Z,rtt_p90_ms,2.809855,ms
s1,latency-loaded,GG,1,baseline-arm64-s1-latency-loaded-gg-r1-20260924T110542Z,2026-09-24T11:06:16Z,rtt_p99_ms,14.974975,ms
s1,latency-loaded,GG,1,baseline-arm64-s1-latency-loaded-gg-r1-20260924T110542Z,2026-09-24T11:06:16Z,rtt_max_ms,53.516225,ms
s1,latency-loaded,GG,1,baseline-arm64-s1-latency-loaded-gg-r1-20260924T110542Z,2026-09-24T11:06:16Z,rtt_errors,0,count
s1,latency-loaded,GG,1,baseline-arm64-s1-latency-loaded-gg-r1-20260924T110542Z,2026-09-24T11:06:16Z,goodput_mbit_s,664.32,Mbit/s
s1,latency-loaded,GG,1,baseline-arm64-s1-latency-loaded-gg-r1-20260924T110542Z,2026-09-24T11:06:16Z,cpu_s_per_gb_cli,10.3675957882,s/GB
s1,latency-loaded,GG,1,baseline-arm64-s1-latency-loaded-gg-r1-20260924T110542Z,2026-09-24T11:06:16Z,cpu_s_per_gb_srv,7.64023173939,s/GB
s1,latency-loaded,GG,1,baseline-arm64-s1-latency-loaded-gg-r1-20260924T110542Z,2026-09-24T11:06:16Z,cpu_s_per_gb_total,18.0078275276,s/GB
s1,latency-loaded,GG,1,baseline-arm64-s1-latency-loaded-gg-r1-20260924T110542Z,2026-09-24T11:06:16Z,rss_kb_cli,53396,kB
s1,latency-loaded,GG,1,baseline-arm64-s1-latency-loaded-gg-r1-20260924T110542Z,2026-09-24T11:06:16Z,rss_kb_srv,49384,kB
s1,latency-loaded,GG,1,baseline-arm64-s1-latency-loaded-gg-r1-20260924T110542Z,2026-09-24T11:06:16Z,hwm_kb_cli,53716,kB
s1,latency-loaded,GG,1,baseline-arm64-s1-latency-loaded-gg-r1-20260924T110542Z,2026-09-24T11:06:16Z,hwm_kb_srv,55836,kB
s1,latency-loaded,GG,1,baseline-arm64-s1-latency-loaded-gg-r1-20260924T110542Z,2026-09-24T11:06:16Z,out_segs_cli,1511999,segments
s1,latency-loaded,GG,1,baseline-arm64-s1-latency-loaded-gg-r1-20260924T110542Z,2026-09-24T11:06:16Z,out_segs_srv,121664,segments
s1,latency-loaded,GG,1,baseline-arm64-s1-latency-loaded-gg-r1-20260924T110542Z,2026-09-24T11:06:16Z,retrans_pct_cli,4.05807146698,% of OutSegs
s1,latency-loaded,GG,1,baseline-arm64-s1-latency-loaded-gg-r1-20260924T110542Z,2026-09-24T11:06:16Z,retrans_pct_srv,0,% of OutSegs
s1,latency-loaded,GG,1,baseline-arm64-s1-latency-loaded-gg-r1-20260924T110542Z,2026-09-24T11:06:16Z,retrans_segs_cli,61358,segments
s1,latency-loaded,GG,1,baseline-arm64-s1-latency-loaded-gg-r1-20260924T110542Z,2026-09-24T11:06:16Z,retrans_segs_srv,0,segments
s1,latency-loaded,GG,1,baseline-arm64-s1-latency-loaded-gg-r1-20260924T110542Z,2026-09-24T11:06:16Z,fast_retrans_segs_cli,50968,segments
s1,latency-loaded,GG,1,baseline-arm64-s1-latency-loaded-gg-r1-20260924T110542Z,2026-09-24T11:06:16Z,fast_retrans_segs_srv,0,segments
s1,latency-loaded,GG,1,baseline-arm64-s1-latency-loaded-gg-r1-20260924T110542Z,2026-09-24T11:06:16Z,early_retrans_segs_cli,1810,segments
s1,latency-loaded,GG,1,baseline-arm64-s1-latency-loaded-gg-r1-20260924T110542Z,2026-09-24T11:06:16Z,early_retrans_segs_srv,0,segments
s1,latency-loaded,GG,1,baseline-arm64-s1-latency-loaded-gg-r1-20260924T110542Z,2026-09-24T11:06:16Z,lost_segs_cli,8580,segments
s1,latency-loaded,GG,1,baseline-arm64-s1-latency-loaded-gg-r1-20260924T110542Z,2026-09-24T11:06:16Z,lost_segs_srv,0,segments
s1,latency-loaded,GG,1,baseline-arm64-s1-latency-loaded-gg-r1-20260924T110542Z,2026-09-24T11:06:16Z,repeat_segs_cli,0,segments
s1,latency-loaded,GG,1,baseline-arm64-s1-latency-loaded-gg-r1-20260924T110542Z,2026-09-24T11:06:16Z,repeat_segs_srv,1448,segments
s1,latency-loaded,RR,1,baseline-arm64-s1-latency-loaded-rr-r1-20260924T110542Z,2026-09-24T11:07:01Z,rtt_p50_ms,0.632831,ms
s1,latency-loaded,RR,1,baseline-arm64-s1-latency-loaded-rr-r1-20260924T110542Z,2026-09-24T11:07:01Z,rtt_p90_ms,2.695167,ms
s1,latency-loaded,RR,1,baseline-arm64-s1-latency-loaded-rr-r1-20260924T110542Z,2026-09-24T11:07:01Z,rtt_p99_ms,7.061503,ms
s1,latency-loaded,RR,1,baseline-arm64-s1-latency-loaded-rr-r1-20260924T110542Z,2026-09-24T11:07:01Z,rtt_max_ms,31.713197,ms
s1,latency-loaded,RR,1,baseline-arm64-s1-latency-loaded-rr-r1-20260924T110542Z,2026-09-24T11:07:01Z,rtt_errors,0,count
s1,latency-loaded,RR,1,baseline-arm64-s1-latency-loaded-rr-r1-20260924T110542Z,2026-09-24T11:07:01Z,goodput_mbit_s,1063.63,Mbit/s
s1,latency-loaded,RR,1,baseline-arm64-s1-latency-loaded-rr-r1-20260924T110542Z,2026-09-24T11:07:01Z,cpu_s_per_gb_cli,6.23498429259,s/GB
s1,latency-loaded,RR,1,baseline-arm64-s1-latency-loaded-rr-r1-20260924T110542Z,2026-09-24T11:07:01Z,cpu_s_per_gb_srv,4.47128849451,s/GB
s1,latency-loaded,RR,1,baseline-arm64-s1-latency-loaded-rr-r1-20260924T110542Z,2026-09-24T11:07:01Z,cpu_s_per_gb_total,10.7062727871,s/GB
s1,latency-loaded,RR,1,baseline-arm64-s1-latency-loaded-rr-r1-20260924T110542Z,2026-09-24T11:07:01Z,rss_kb_cli,21568,kB
s1,latency-loaded,RR,1,baseline-arm64-s1-latency-loaded-rr-r1-20260924T110542Z,2026-09-24T11:07:01Z,rss_kb_srv,10552,kB
s1,latency-loaded,RR,1,baseline-arm64-s1-latency-loaded-rr-r1-20260924T110542Z,2026-09-24T11:07:01Z,hwm_kb_cli,25796,kB
s1,latency-loaded,RR,1,baseline-arm64-s1-latency-loaded-rr-r1-20260924T110542Z,2026-09-24T11:07:01Z,hwm_kb_srv,12940,kB
s1,latency-loaded,RR,1,baseline-arm64-s1-latency-loaded-rr-r1-20260924T110542Z,2026-09-24T11:07:01Z,out_segs_cli,2308879,segments
s1,latency-loaded,RR,1,baseline-arm64-s1-latency-loaded-rr-r1-20260924T110542Z,2026-09-24T11:07:01Z,out_segs_srv,65979,segments
s1,latency-loaded,RR,1,baseline-arm64-s1-latency-loaded-rr-r1-20260924T110542Z,2026-09-24T11:07:01Z,retrans_pct_cli,0,% of OutSegs
s1,latency-loaded,RR,1,baseline-arm64-s1-latency-loaded-rr-r1-20260924T110542Z,2026-09-24T11:07:01Z,retrans_pct_srv,0,% of OutSegs
s1,latency-loaded,RR,1,baseline-arm64-s1-latency-loaded-rr-r1-20260924T110542Z,2026-09-24T11:07:01Z,retrans_segs_cli,0,segments
s1,latency-loaded,RR,1,baseline-arm64-s1-latency-loaded-rr-r1-20260924T110542Z,2026-09-24T11:07:01Z,retrans_segs_srv,0,segments
s1,latency-loaded,RR,1,baseline-arm64-s1-latency-loaded-rr-r1-20260924T110542Z,2026-09-24T11:07:01Z,fast_retrans_segs_cli,0,segments
s1,latency-loaded,RR,1,baseline-arm64-s1-latency-loaded-rr-r1-20260924T110542Z,2026-09-24T11:07:01Z,fast_retrans_segs_srv,0,segments
s1,latency-loaded,RR,1,baseline-arm64-s1-latency-loaded-rr-r1-20260924T110542Z,2026-09-24T11:07:01Z,early_retrans_segs_cli,0,segments
s1,latency-loaded,RR,1,baseline-arm64-s1-latency-loaded-rr-r1-20260924T110542Z,2026-09-24T11:07:01Z,early_retrans_segs_srv,0,segments
s1,latency-loaded,RR,1,baseline-arm64-s1-latency-loaded-rr-r1-20260924T110542Z,2026-09-24T11:07:01Z,lost_segs_cli,0,segments
s1,latency-loaded,RR,1,baseline-arm64-s1-latency-loaded-rr-r1-20260924T110542Z,2026-09-24T11:07:01Z,lost_segs_srv,0,segments
s1,latency-loaded,RR,1,baseline-arm64-s1-latency-loaded-rr-r1-20260924T110542Z,2026-09-24T11:07:01Z,repeat_segs_cli,0,segments
s1,latency-loaded,RR,1,baseline-arm64-s1-latency-loaded-rr-r1-20260924T110542Z,2026-09-24T11:07:01Z,repeat_segs_srv,0,segments
s1,latency-loaded,GG,2,baseline-arm64-s1-latency-loaded-gg-r2-20260924T110542Z,2026-09-24T11:07:47Z,rtt_p50_ms,0.526335,ms
s1,latency-loaded,GG,2,baseline-arm64-s1-latency-loaded-gg-r2-20260924T110542Z,2026-09-24T11:07:47Z,rtt_p90_ms,2.678783,ms
s1,latency-loaded,GG,2,baseline-arm64-s1-latency-loaded-gg-r2-20260924T110542Z,2026-09-24T11:07:47Z,rtt_p99_ms,14.843903,ms
s1,latency-loaded,GG,2,baseline-arm64-s1-latency-loaded-gg-r2-20260924T110542Z,2026-09-24T11:07:47Z,rtt_max_ms,71.380394,ms
s1,latency-loaded,GG,2,baseline-arm64-s1-latency-loaded-gg-r2-20260924T110542Z,2026-09-24T11:07:47Z,rtt_errors,0,count
s1,latency-loaded,GG,2,baseline-arm64-s1-latency-loaded-gg-r2-20260924T110542Z,2026-09-24T11:07:47Z,goodput_mbit_s,620.702,Mbit/s
s1,latency-loaded,GG,2,baseline-arm64-s1-latency-loaded-gg-r2-20260924T110542Z,2026-09-24T11:07:47Z,cpu_s_per_gb_cli,11.0252483471,s/GB
s1,latency-loaded,GG,2,baseline-arm64-s1-latency-loaded-gg-r2-20260924T110542Z,2026-09-24T11:07:47Z,cpu_s_per_gb_srv,7.99024427259,s/GB
s1,latency-loaded,GG,2,baseline-arm64-s1-latency-loaded-gg-r2-20260924T110542Z,2026-09-24T11:07:47Z,cpu_s_per_gb_total,19.0154926197,s/GB
s1,latency-loaded,GG,2,baseline-arm64-s1-latency-loaded-gg-r2-20260924T110542Z,2026-09-24T11:07:47Z,rss_kb_cli,52380,kB
s1,latency-loaded,GG,2,baseline-arm64-s1-latency-loaded-gg-r2-20260924T110542Z,2026-09-24T11:07:47Z,rss_kb_srv,46716,kB
s1,latency-loaded,GG,2,baseline-arm64-s1-latency-loaded-gg-r2-20260924T110542Z,2026-09-24T11:07:47Z,hwm_kb_cli,52900,kB
s1,latency-loaded,GG,2,baseline-arm64-s1-latency-loaded-gg-r2-20260924T110542Z,2026-09-24T11:07:47Z,hwm_kb_srv,57884,kB
s1,latency-loaded,GG,2,baseline-arm64-s1-latency-loaded-gg-r2-20260924T110542Z,2026-09-24T11:07:47Z,out_segs_cli,1427031,segments
s1,latency-loaded,GG,2,baseline-arm64-s1-latency-loaded-gg-r2-20260924T110542Z,2026-09-24T11:07:47Z,out_segs_srv,137155,segments
s1,latency-loaded,GG,2,baseline-arm64-s1-latency-loaded-gg-r2-20260924T110542Z,2026-09-24T11:07:47Z,retrans_pct_cli,4.76548862639,% of OutSegs
s1,latency-loaded,GG,2,baseline-arm64-s1-latency-loaded-gg-r2-20260924T110542Z,2026-09-24T11:07:47Z,retrans_pct_srv,0,% of OutSegs
s1,latency-loaded,GG,2,baseline-arm64-s1-latency-loaded-gg-r2-20260924T110542Z,2026-09-24T11:07:47Z,retrans_segs_cli,68005,segments
s1,latency-loaded,GG,2,baseline-arm64-s1-latency-loaded-gg-r2-20260924T110542Z,2026-09-24T11:07:47Z,retrans_segs_srv,0,segments
s1,latency-loaded,GG,2,baseline-arm64-s1-latency-loaded-gg-r2-20260924T110542Z,2026-09-24T11:07:47Z,fast_retrans_segs_cli,51960,segments
s1,latency-loaded,GG,2,baseline-arm64-s1-latency-loaded-gg-r2-20260924T110542Z,2026-09-24T11:07:47Z,fast_retrans_segs_srv,0,segments
s1,latency-loaded,GG,2,baseline-arm64-s1-latency-loaded-gg-r2-20260924T110542Z,2026-09-24T11:07:47Z,early_retrans_segs_cli,3276,segments
s1,latency-loaded,GG,2,baseline-arm64-s1-latency-loaded-gg-r2-20260924T110542Z,2026-09-24T11:07:47Z,early_retrans_segs_srv,0,segments
s1,latency-loaded,GG,2,baseline-arm64-s1-latency-loaded-gg-r2-20260924T110542Z,2026-09-24T11:07:47Z,lost_segs_cli,12769,segments
s1,latency-loaded,GG,2,baseline-arm64-s1-latency-loaded-gg-r2-20260924T110542Z,2026-09-24T11:07:47Z,lost_segs_srv,0,segments
s1,latency-loaded,GG,2,baseline-arm64-s1-latency-loaded-gg-r2-20260924T110542Z,2026-09-24T11:07:47Z,repeat_segs_cli,0,segments
s1,latency-loaded,GG,2,baseline-arm64-s1-latency-loaded-gg-r2-20260924T110542Z,2026-09-24T11:07:47Z,repeat_segs_srv,2660,segments
s1,latency-loaded,RR,2,baseline-arm64-s1-latency-loaded-rr-r2-20260924T110542Z,2026-09-24T11:08:32Z,rtt_p50_ms,0.600063,ms
s1,latency-loaded,RR,2,baseline-arm64-s1-latency-loaded-rr-r2-20260924T110542Z,2026-09-24T11:08:32Z,rtt_p90_ms,2.809855,ms
s1,latency-loaded,RR,2,baseline-arm64-s1-latency-loaded-rr-r2-20260924T110542Z,2026-09-24T11:08:32Z,rtt_p99_ms,7.454719,ms
s1,latency-loaded,RR,2,baseline-arm64-s1-latency-loaded-rr-r2-20260924T110542Z,2026-09-24T11:08:32Z,rtt_max_ms,39.684437,ms
s1,latency-loaded,RR,2,baseline-arm64-s1-latency-loaded-rr-r2-20260924T110542Z,2026-09-24T11:08:32Z,rtt_errors,0,count
s1,latency-loaded,RR,2,baseline-arm64-s1-latency-loaded-rr-r2-20260924T110542Z,2026-09-24T11:08:32Z,goodput_mbit_s,1130.693,Mbit/s
s1,latency-loaded,RR,2,baseline-arm64-s1-latency-loaded-rr-r2-20260924T110542Z,2026-09-24T11:08:32Z,cpu_s_per_gb_cli,6.02059972746,s/GB
s1,latency-loaded,RR,2,baseline-arm64-s1-latency-loaded-rr-r2-20260924T110542Z,2026-09-24T11:08:32Z,cpu_s_per_gb_srv,4.26960274444,s/GB
s1,latency-loaded,RR,2,baseline-arm64-s1-latency-loaded-rr-r2-20260924T110542Z,2026-09-24T11:08:32Z,cpu_s_per_gb_total,10.2902024719,s/GB
s1,latency-loaded,RR,2,baseline-arm64-s1-latency-loaded-rr-r2-20260924T110542Z,2026-09-24T11:08:32Z,rss_kb_cli,25096,kB
s1,latency-loaded,RR,2,baseline-arm64-s1-latency-loaded-rr-r2-20260924T110542Z,2026-09-24T11:08:32Z,rss_kb_srv,12664,kB
s1,latency-loaded,RR,2,baseline-arm64-s1-latency-loaded-rr-r2-20260924T110542Z,2026-09-24T11:08:32Z,hwm_kb_cli,26512,kB
s1,latency-loaded,RR,2,baseline-arm64-s1-latency-loaded-rr-r2-20260924T110542Z,2026-09-24T11:08:32Z,hwm_kb_srv,14804,kB
s1,latency-loaded,RR,2,baseline-arm64-s1-latency-loaded-rr-r2-20260924T110542Z,2026-09-24T11:08:32Z,out_segs_cli,2451765,segments
s1,latency-loaded,RR,2,baseline-arm64-s1-latency-loaded-rr-r2-20260924T110542Z,2026-09-24T11:08:32Z,out_segs_srv,67772,segments
s1,latency-loaded,RR,2,baseline-arm64-s1-latency-loaded-rr-r2-20260924T110542Z,2026-09-24T11:08:32Z,retrans_pct_cli,0,% of OutSegs
s1,latency-loaded,RR,2,baseline-arm64-s1-latency-loaded-rr-r2-20260924T110542Z,2026-09-24T11:08:32Z,retrans_pct_srv,0,% of OutSegs
s1,latency-loaded,RR,2,baseline-arm64-s1-latency-loaded-rr-r2-20260924T110542Z,2026-09-24T11:08:32Z,retrans_segs_cli,0,segments
s1,latency-loaded,RR,2,baseline-arm64-s1-latency-loaded-rr-r2-20260924T110542Z,2026-09-24T11:08:32Z,retrans_segs_srv,0,segments
s1,latency-loaded,RR,2,baseline-arm64-s1-latency-loaded-rr-r2-20260924T110542Z,2026-09-24T11:08:32Z,fast_retrans_segs_cli,0,segments
s1,latency-loaded,RR,2,baseline-arm64-s1-latency-loaded-rr-r2-20260924T110542Z,2026-09-24T11:08:32Z,fast_retrans_segs_srv,0,segments
s1,latency-loaded,RR,2,baseline-arm64-s1-latency-loaded-rr-r2-20260924T110542Z,2026-09-24T11:08:32Z,early_retrans_segs_cli,0,segments
s1,latency-loaded,RR,2,baseline-arm64-s1-latency-loaded-rr-r2-20260924T110542Z,2026-09-24T11:08:32Z,early_retrans_segs_srv,0,segments
s1,latency-loaded,RR,2,baseline-arm64-s1-latency-loaded-rr-r2-20260924T110542Z,2026-09-24T11:08:32Z,lost_segs_cli,0,segments
s1,latency-loaded,RR,2,baseline-arm64-s1-latency-loaded-rr-r2-20260924T110542Z,2026-09-24T11:08:32Z,lost_segs_srv,0,segments
s1,latency-loaded,RR,2,baseline-arm64-s1-latency-loaded-rr-r2-20260924T110542Z,2026-09-24T11:08:32Z,repeat_segs_cli,0,segments
s1,latency-loaded,RR,2,baseline-arm64-s1-latency-loaded-rr-r2-20260924T110542Z,2026-09-24T11:08:32Z,repeat_segs_srv,0,segments
s1,latency-loaded,GG,3,baseline-arm64-s1-latency-loaded-gg-r3-20260924T110542Z,2026-09-24T11:09:18Z,rtt_p50_ms,0.488447,ms
s1,latency-loaded,GG,3,baseline-arm64-s1-latency-loaded-gg-r3-20260924T110542Z,2026-09-24T11:09:18Z,rtt_p90_ms,2.187263,ms
s1,latency-loaded,GG,3,baseline-arm64-s1-latency-loaded-gg-r3-20260924T110542Z,2026-09-24T11:09:18Z,rtt_p99_ms,10.321919,ms
s1,latency-loaded,GG,3,baseline-arm64-s1-latency-loaded-gg-r3-20260924T110542Z,2026-09-24T11:09:18Z,rtt_max_ms,45.450706,ms
s1,latency-loaded,GG,3,baseline-arm64-s1-latency-loaded-gg-r3-20260924T110542Z,2026-09-24T11:09:18Z,rtt_errors,0,count
s1,latency-loaded,GG,3,baseline-arm64-s1-latency-loaded-gg-r3-20260924T110542Z,2026-09-24T11:09:18Z,goodput_mbit_s,560.316,Mbit/s
s1,latency-loaded,GG,3,baseline-arm64-s1-latency-loaded-gg-r3-20260924T110542Z,2026-09-24T11:09:18Z,cpu_s_per_gb_cli,11.7496102156,s/GB
s1,latency-loaded,GG,3,baseline-arm64-s1-latency-loaded-gg-r3-20260924T110542Z,2026-09-24T11:09:18Z,cpu_s_per_gb_srv,9.00137210321,s/GB
s1,latency-loaded,GG,3,baseline-arm64-s1-latency-loaded-gg-r3-20260924T110542Z,2026-09-24T11:09:18Z,cpu_s_per_gb_total,20.7509823188,s/GB
s1,latency-loaded,GG,3,baseline-arm64-s1-latency-loaded-gg-r3-20260924T110542Z,2026-09-24T11:09:18Z,rss_kb_cli,53408,kB
s1,latency-loaded,GG,3,baseline-arm64-s1-latency-loaded-gg-r3-20260924T110542Z,2026-09-24T11:09:18Z,rss_kb_srv,45848,kB
s1,latency-loaded,GG,3,baseline-arm64-s1-latency-loaded-gg-r3-20260924T110542Z,2026-09-24T11:09:18Z,hwm_kb_cli,53408,kB
s1,latency-loaded,GG,3,baseline-arm64-s1-latency-loaded-gg-r3-20260924T110542Z,2026-09-24T11:09:18Z,hwm_kb_srv,49772,kB
s1,latency-loaded,GG,3,baseline-arm64-s1-latency-loaded-gg-r3-20260924T110542Z,2026-09-24T11:09:18Z,out_segs_cli,1315072,segments
s1,latency-loaded,GG,3,baseline-arm64-s1-latency-loaded-gg-r3-20260924T110542Z,2026-09-24T11:09:18Z,out_segs_srv,149514,segments
s1,latency-loaded,GG,3,baseline-arm64-s1-latency-loaded-gg-r3-20260924T110542Z,2026-09-24T11:09:18Z,retrans_pct_cli,6.14840860424,% of OutSegs
s1,latency-loaded,GG,3,baseline-arm64-s1-latency-loaded-gg-r3-20260924T110542Z,2026-09-24T11:09:18Z,retrans_pct_srv,0,% of OutSegs
s1,latency-loaded,GG,3,baseline-arm64-s1-latency-loaded-gg-r3-20260924T110542Z,2026-09-24T11:09:18Z,retrans_segs_cli,80856,segments
s1,latency-loaded,GG,3,baseline-arm64-s1-latency-loaded-gg-r3-20260924T110542Z,2026-09-24T11:09:18Z,retrans_segs_srv,0,segments
s1,latency-loaded,GG,3,baseline-arm64-s1-latency-loaded-gg-r3-20260924T110542Z,2026-09-24T11:09:18Z,fast_retrans_segs_cli,65321,segments
s1,latency-loaded,GG,3,baseline-arm64-s1-latency-loaded-gg-r3-20260924T110542Z,2026-09-24T11:09:18Z,fast_retrans_segs_srv,0,segments
s1,latency-loaded,GG,3,baseline-arm64-s1-latency-loaded-gg-r3-20260924T110542Z,2026-09-24T11:09:18Z,early_retrans_segs_cli,1935,segments
s1,latency-loaded,GG,3,baseline-arm64-s1-latency-loaded-gg-r3-20260924T110542Z,2026-09-24T11:09:18Z,early_retrans_segs_srv,0,segments
s1,latency-loaded,GG,3,baseline-arm64-s1-latency-loaded-gg-r3-20260924T110542Z,2026-09-24T11:09:18Z,lost_segs_cli,13600,segments
s1,latency-loaded,GG,3,baseline-arm64-s1-latency-loaded-gg-r3-20260924T110542Z,2026-09-24T11:09:18Z,lost_segs_srv,0,segments
s1,latency-loaded,GG,3,baseline-arm64-s1-latency-loaded-gg-r3-20260924T110542Z,2026-09-24T11:09:18Z,repeat_segs_cli,0,segments
s1,latency-loaded,GG,3,baseline-arm64-s1-latency-loaded-gg-r3-20260924T110542Z,2026-09-24T11:09:18Z,repeat_segs_srv,2234,segments
s1,latency-loaded,RR,3,baseline-arm64-s1-latency-loaded-rr-r3-20260924T110542Z,2026-09-24T11:10:03Z,rtt_p50_ms,0.649215,ms
s1,latency-loaded,RR,3,baseline-arm64-s1-latency-loaded-rr-r3-20260924T110542Z,2026-09-24T11:10:03Z,rtt_p90_ms,2.842623,ms
s1,latency-loaded,RR,3,baseline-arm64-s1-latency-loaded-rr-r3-20260924T110542Z,2026-09-24T11:10:03Z,rtt_p99_ms,7.520255,ms
s1,latency-loaded,RR,3,baseline-arm64-s1-latency-loaded-rr-r3-20260924T110542Z,2026-09-24T11:10:03Z,rtt_max_ms,29.014984,ms
s1,latency-loaded,RR,3,baseline-arm64-s1-latency-loaded-rr-r3-20260924T110542Z,2026-09-24T11:10:03Z,rtt_errors,0,count
s1,latency-loaded,RR,3,baseline-arm64-s1-latency-loaded-rr-r3-20260924T110542Z,2026-09-24T11:10:03Z,goodput_mbit_s,1083.692,Mbit/s
s1,latency-loaded,RR,3,baseline-arm64-s1-latency-loaded-rr-r3-20260924T110542Z,2026-09-24T11:10:03Z,cpu_s_per_gb_cli,6.14499898149,s/GB
s1,latency-loaded,RR,3,baseline-arm64-s1-latency-loaded-rr-r3-20260924T110542Z,2026-09-24T11:10:03Z,cpu_s_per_gb_srv,4.32548877255,s/GB
s1,latency-loaded,RR,3,baseline-arm64-s1-latency-loaded-rr-r3-20260924T110542Z,2026-09-24T11:10:03Z,cpu_s_per_gb_total,10.470487754,s/GB
s1,latency-loaded,RR,3,baseline-arm64-s1-latency-loaded-rr-r3-20260924T110542Z,2026-09-24T11:10:03Z,rss_kb_cli,23364,kB
s1,latency-loaded,RR,3,baseline-arm64-s1-latency-loaded-rr-r3-20260924T110542Z,2026-09-24T11:10:03Z,rss_kb_srv,13132,kB
s1,latency-loaded,RR,3,baseline-arm64-s1-latency-loaded-rr-r3-20260924T110542Z,2026-09-24T11:10:03Z,hwm_kb_cli,25816,kB
s1,latency-loaded,RR,3,baseline-arm64-s1-latency-loaded-rr-r3-20260924T110542Z,2026-09-24T11:10:03Z,hwm_kb_srv,17772,kB
s1,latency-loaded,RR,3,baseline-arm64-s1-latency-loaded-rr-r3-20260924T110542Z,2026-09-24T11:10:03Z,out_segs_cli,2350968,segments
s1,latency-loaded,RR,3,baseline-arm64-s1-latency-loaded-rr-r3-20260924T110542Z,2026-09-24T11:10:03Z,out_segs_srv,65043,segments
s1,latency-loaded,RR,3,baseline-arm64-s1-latency-loaded-rr-r3-20260924T110542Z,2026-09-24T11:10:03Z,retrans_pct_cli,0,% of OutSegs
s1,latency-loaded,RR,3,baseline-arm64-s1-latency-loaded-rr-r3-20260924T110542Z,2026-09-24T11:10:03Z,retrans_pct_srv,0,% of OutSegs
s1,latency-loaded,RR,3,baseline-arm64-s1-latency-loaded-rr-r3-20260924T110542Z,2026-09-24T11:10:03Z,retrans_segs_cli,0,segments
s1,latency-loaded,RR,3,baseline-arm64-s1-latency-loaded-rr-r3-20260924T110542Z,2026-09-24T11:10:03Z,retrans_segs_srv,0,segments
s1,latency-loaded,RR,3,baseline-arm64-s1-latency-loaded-rr-r3-20260924T110542Z,2026-09-24T11:10:03Z,fast_retrans_segs_cli,0,segments
s1,latency-loaded,RR,3,baseline-arm64-s1-latency-loaded-rr-r3-20260924T110542Z,2026-09-24T11:10:03Z,fast_retrans_segs_srv,0,segments
s1,latency-loaded,RR,3,baseline-arm64-s1-latency-loaded-rr-r3-20260924T110542Z,2026-09-24T11:10:03Z,early_retrans_segs_cli,0,segments
s1,latency-loaded,RR,3,baseline-arm64-s1-latency-loaded-rr-r3-20260924T110542Z,2026-09-24T11:10:03Z,early_retrans_segs_srv,0,segments
s1,latency-loaded,RR,3,baseline-arm64-s1-latency-loaded-rr-r3-20260924T110542Z,2026-09-24T11:10:03Z,lost_segs_cli,0,segments
s1,latency-loaded,RR,3,baseline-arm64-s1-latency-loaded-rr-r3-20260924T110542Z,2026-09-24T11:10:03Z,lost_segs_srv,0,segments
s1,latency-loaded,RR,3,baseline-arm64-s1-latency-loaded-rr-r3-20260924T110542Z,2026-09-24T11:10:03Z,repeat_segs_cli,0,segments
s1,latency-loaded,RR,3,baseline-arm64-s1-latency-loaded-rr-r3-20260924T110542Z,2026-09-24T11:10:03Z,repeat_segs_srv,0,segments
s1,latency-loaded,GG,4,baseline-arm64-s1-latency-loaded-gg-r4-20260924T110542Z,2026-09-24T11:10:49Z,rtt_p50_ms,0.669695,ms
s1,latency-loaded,GG,4,baseline-arm64-s1-latency-loaded-gg-r4-20260924T110542Z,2026-09-24T11:10:49Z,rtt_p90_ms,3.186687,ms
s1,latency-loaded,GG,4,baseline-arm64-s1-latency-loaded-gg-r4-20260924T110542Z,2026-09-24T11:10:49Z,rtt_p99_ms,15.040511,ms
s1,latency-loaded,GG,4,baseline-arm64-s1-latency-loaded-gg-r4-20260924T110542Z,2026-09-24T11:10:49Z,rtt_max_ms,64.957522,ms
s1,latency-loaded,GG,4,baseline-arm64-s1-latency-loaded-gg-r4-20260924T110542Z,2026-09-24T11:10:49Z,rtt_errors,0,count
s1,latency-loaded,GG,4,baseline-arm64-s1-latency-loaded-gg-r4-20260924T110542Z,2026-09-24T11:10:49Z,goodput_mbit_s,647.473,Mbit/s
s1,latency-loaded,GG,4,baseline-arm64-s1-latency-loaded-gg-r4-20260924T110542Z,2026-09-24T11:10:49Z,cpu_s_per_gb_cli,10.6485396469,s/GB
s1,latency-loaded,GG,4,baseline-arm64-s1-latency-loaded-gg-r4-20260924T110542Z,2026-09-24T11:10:49Z,cpu_s_per_gb_srv,7.7146322616,s/GB
s1,latency-loaded,GG,4,baseline-arm64-s1-latency-loaded-gg-r4-20260924T110542Z,2026-09-24T11:10:49Z,cpu_s_per_gb_total,18.3631719085,s/GB
s1,latency-loaded,GG,4,baseline-arm64-s1-latency-loaded-gg-r4-20260924T110542Z,2026-09-24T11:10:49Z,rss_kb_cli,54836,kB
s1,latency-loaded,GG,4,baseline-arm64-s1-latency-loaded-gg-r4-20260924T110542Z,2026-09-24T11:10:49Z,rss_kb_srv,44928,kB
s1,latency-loaded,GG,4,baseline-arm64-s1-latency-loaded-gg-r4-20260924T110542Z,2026-09-24T11:10:49Z,hwm_kb_cli,54836,kB
s1,latency-loaded,GG,4,baseline-arm64-s1-latency-loaded-gg-r4-20260924T110542Z,2026-09-24T11:10:49Z,hwm_kb_srv,52888,kB
s1,latency-loaded,GG,4,baseline-arm64-s1-latency-loaded-gg-r4-20260924T110542Z,2026-09-24T11:10:49Z,out_segs_cli,1484159,segments
s1,latency-loaded,GG,4,baseline-arm64-s1-latency-loaded-gg-r4-20260924T110542Z,2026-09-24T11:10:49Z,out_segs_srv,119871,segments
s1,latency-loaded,GG,4,baseline-arm64-s1-latency-loaded-gg-r4-20260924T110542Z,2026-09-24T11:10:49Z,retrans_pct_cli,4.84974992572,% of OutSegs
s1,latency-loaded,GG,4,baseline-arm64-s1-latency-loaded-gg-r4-20260924T110542Z,2026-09-24T11:10:49Z,retrans_pct_srv,0,% of OutSegs
s1,latency-loaded,GG,4,baseline-arm64-s1-latency-loaded-gg-r4-20260924T110542Z,2026-09-24T11:10:49Z,retrans_segs_cli,71978,segments
s1,latency-loaded,GG,4,baseline-arm64-s1-latency-loaded-gg-r4-20260924T110542Z,2026-09-24T11:10:49Z,retrans_segs_srv,0,segments
s1,latency-loaded,GG,4,baseline-arm64-s1-latency-loaded-gg-r4-20260924T110542Z,2026-09-24T11:10:49Z,fast_retrans_segs_cli,61974,segments
s1,latency-loaded,GG,4,baseline-arm64-s1-latency-loaded-gg-r4-20260924T110542Z,2026-09-24T11:10:49Z,fast_retrans_segs_srv,0,segments
s1,latency-loaded,GG,4,baseline-arm64-s1-latency-loaded-gg-r4-20260924T110542Z,2026-09-24T11:10:49Z,early_retrans_segs_cli,1600,segments
s1,latency-loaded,GG,4,baseline-arm64-s1-latency-loaded-gg-r4-20260924T110542Z,2026-09-24T11:10:49Z,early_retrans_segs_srv,0,segments
s1,latency-loaded,GG,4,baseline-arm64-s1-latency-loaded-gg-r4-20260924T110542Z,2026-09-24T11:10:49Z,lost_segs_cli,8404,segments
s1,latency-loaded,GG,4,baseline-arm64-s1-latency-loaded-gg-r4-20260924T110542Z,2026-09-24T11:10:49Z,lost_segs_srv,0,segments
s1,latency-loaded,GG,4,baseline-arm64-s1-latency-loaded-gg-r4-20260924T110542Z,2026-09-24T11:10:49Z,repeat_segs_cli,0,segments
s1,latency-loaded,GG,4,baseline-arm64-s1-latency-loaded-gg-r4-20260924T110542Z,2026-09-24T11:10:49Z,repeat_segs_srv,1513,segments
s1,latency-loaded,RR,4,baseline-arm64-s1-latency-loaded-rr-r4-20260924T110542Z,2026-09-24T11:11:35Z,rtt_p50_ms,0.563199,ms
s1,latency-loaded,RR,4,baseline-arm64-s1-latency-loaded-rr-r4-20260924T110542Z,2026-09-24T11:11:35Z,rtt_p90_ms,2.531327,ms
s1,latency-loaded,RR,4,baseline-arm64-s1-latency-loaded-rr-r4-20260924T110542Z,2026-09-24T11:11:35Z,rtt_p99_ms,6.897663,ms
s1,latency-loaded,RR,4,baseline-arm64-s1-latency-loaded-rr-r4-20260924T110542Z,2026-09-24T11:11:35Z,rtt_max_ms,54.002307,ms
s1,latency-loaded,RR,4,baseline-arm64-s1-latency-loaded-rr-r4-20260924T110542Z,2026-09-24T11:11:35Z,rtt_errors,0,count
s1,latency-loaded,RR,4,baseline-arm64-s1-latency-loaded-rr-r4-20260924T110542Z,2026-09-24T11:11:35Z,goodput_mbit_s,1080.364,Mbit/s
s1,latency-loaded,RR,4,baseline-arm64-s1-latency-loaded-rr-r4-20260924T110542Z,2026-09-24T11:11:35Z,cpu_s_per_gb_cli,6.14557207001,s/GB
s1,latency-loaded,RR,4,baseline-arm64-s1-latency-loaded-rr-r4-20260924T110542Z,2026-09-24T11:11:35Z,cpu_s_per_gb_srv,4.38704994154,s/GB
s1,latency-loaded,RR,4,baseline-arm64-s1-latency-loaded-rr-r4-20260924T110542Z,2026-09-24T11:11:35Z,cpu_s_per_gb_total,10.5326220116,s/GB
s1,latency-loaded,RR,4,baseline-arm64-s1-latency-loaded-rr-r4-20260924T110542Z,2026-09-24T11:11:35Z,rss_kb_cli,23452,kB
s1,latency-loaded,RR,4,baseline-arm64-s1-latency-loaded-rr-r4-20260924T110542Z,2026-09-24T11:11:35Z,rss_kb_srv,12904,kB
s1,latency-loaded,RR,4,baseline-arm64-s1-latency-loaded-rr-r4-20260924T110542Z,2026-09-24T11:11:35Z,hwm_kb_cli,25880,kB
s1,latency-loaded,RR,4,baseline-arm64-s1-latency-loaded-rr-r4-20260924T110542Z,2026-09-24T11:11:35Z,hwm_kb_srv,13196,kB
s1,latency-loaded,RR,4,baseline-arm64-s1-latency-loaded-rr-r4-20260924T110542Z,2026-09-24T11:11:35Z,out_segs_cli,2348623,segments
s1,latency-loaded,RR,4,baseline-arm64-s1-latency-loaded-rr-r4-20260924T110542Z,2026-09-24T11:11:35Z,out_segs_srv,68290,segments
s1,latency-loaded,RR,4,baseline-arm64-s1-latency-loaded-rr-r4-20260924T110542Z,2026-09-24T11:11:35Z,retrans_pct_cli,0.0849433902333,% of OutSegs
s1,latency-loaded,RR,4,baseline-arm64-s1-latency-loaded-rr-r4-20260924T110542Z,2026-09-24T11:11:35Z,retrans_pct_srv,0,% of OutSegs
s1,latency-loaded,RR,4,baseline-arm64-s1-latency-loaded-rr-r4-20260924T110542Z,2026-09-24T11:11:35Z,retrans_segs_cli,1995,segments
s1,latency-loaded,RR,4,baseline-arm64-s1-latency-loaded-rr-r4-20260924T110542Z,2026-09-24T11:11:35Z,retrans_segs_srv,0,segments
s1,latency-loaded,RR,4,baseline-arm64-s1-latency-loaded-rr-r4-20260924T110542Z,2026-09-24T11:11:35Z,fast_retrans_segs_cli,0,segments
s1,latency-loaded,RR,4,baseline-arm64-s1-latency-loaded-rr-r4-20260924T110542Z,2026-09-24T11:11:35Z,fast_retrans_segs_srv,0,segments
s1,latency-loaded,RR,4,baseline-arm64-s1-latency-loaded-rr-r4-20260924T110542Z,2026-09-24T11:11:35Z,early_retrans_segs_cli,0,segments
s1,latency-loaded,RR,4,baseline-arm64-s1-latency-loaded-rr-r4-20260924T110542Z,2026-09-24T11:11:35Z,early_retrans_segs_srv,0,segments
s1,latency-loaded,RR,4,baseline-arm64-s1-latency-loaded-rr-r4-20260924T110542Z,2026-09-24T11:11:35Z,lost_segs_cli,1995,segments
s1,latency-loaded,RR,4,baseline-arm64-s1-latency-loaded-rr-r4-20260924T110542Z,2026-09-24T11:11:35Z,lost_segs_srv,0,segments
s1,latency-loaded,RR,4,baseline-arm64-s1-latency-loaded-rr-r4-20260924T110542Z,2026-09-24T11:11:35Z,repeat_segs_cli,0,segments
s1,latency-loaded,RR,4,baseline-arm64-s1-latency-loaded-rr-r4-20260924T110542Z,2026-09-24T11:11:35Z,repeat_segs_srv,1995,segments
s1,latency-loaded,GG,5,baseline-arm64-s1-latency-loaded-gg-r5-20260924T110542Z,2026-09-24T11:12:20Z,rtt_p50_ms,0.550911,ms
s1,latency-loaded,GG,5,baseline-arm64-s1-latency-loaded-gg-r5-20260924T110542Z,2026-09-24T11:12:20Z,rtt_p90_ms,2.400255,ms
s1,latency-loaded,GG,5,baseline-arm64-s1-latency-loaded-gg-r5-20260924T110542Z,2026-09-24T11:12:20Z,rtt_p99_ms,12.550143,ms
s1,latency-loaded,GG,5,baseline-arm64-s1-latency-loaded-gg-r5-20260924T110542Z,2026-09-24T11:12:20Z,rtt_max_ms,91.400093,ms
s1,latency-loaded,GG,5,baseline-arm64-s1-latency-loaded-gg-r5-20260924T110542Z,2026-09-24T11:12:20Z,rtt_errors,0,count
s1,latency-loaded,GG,5,baseline-arm64-s1-latency-loaded-gg-r5-20260924T110542Z,2026-09-24T11:12:20Z,goodput_mbit_s,550.24,Mbit/s
s1,latency-loaded,GG,5,baseline-arm64-s1-latency-loaded-gg-r5-20260924T110542Z,2026-09-24T11:12:20Z,cpu_s_per_gb_cli,12.1099192922,s/GB
s1,latency-loaded,GG,5,baseline-arm64-s1-latency-loaded-gg-r5-20260924T110542Z,2026-09-24T11:12:20Z,cpu_s_per_gb_srv,9.20964450371,s/GB
s1,latency-loaded,GG,5,baseline-arm64-s1-latency-loaded-gg-r5-20260924T110542Z,2026-09-24T11:12:20Z,cpu_s_per_gb_total,21.3195637959,s/GB
s1,latency-loaded,GG,5,baseline-arm64-s1-latency-loaded-gg-r5-20260924T110542Z,2026-09-24T11:12:20Z,rss_kb_cli,55272,kB
s1,latency-loaded,GG,5,baseline-arm64-s1-latency-loaded-gg-r5-20260924T110542Z,2026-09-24T11:12:20Z,rss_kb_srv,51300,kB
s1,latency-loaded,GG,5,baseline-arm64-s1-latency-loaded-gg-r5-20260924T110542Z,2026-09-24T11:12:20Z,hwm_kb_cli,55272,kB
s1,latency-loaded,GG,5,baseline-arm64-s1-latency-loaded-gg-r5-20260924T110542Z,2026-09-24T11:12:20Z,hwm_kb_srv,57384,kB
s1,latency-loaded,GG,5,baseline-arm64-s1-latency-loaded-gg-r5-20260924T110542Z,2026-09-24T11:12:20Z,out_segs_cli,1306914,segments
s1,latency-loaded,GG,5,baseline-arm64-s1-latency-loaded-gg-r5-20260924T110542Z,2026-09-24T11:12:20Z,out_segs_srv,161555,segments
s1,latency-loaded,GG,5,baseline-arm64-s1-latency-loaded-gg-r5-20260924T110542Z,2026-09-24T11:12:20Z,retrans_pct_cli,7.46766810976,% of OutSegs
s1,latency-loaded,GG,5,baseline-arm64-s1-latency-loaded-gg-r5-20260924T110542Z,2026-09-24T11:12:20Z,retrans_pct_srv,0.000618984246851,% of OutSegs
s1,latency-loaded,GG,5,baseline-arm64-s1-latency-loaded-gg-r5-20260924T110542Z,2026-09-24T11:12:20Z,retrans_segs_cli,97596,segments
s1,latency-loaded,GG,5,baseline-arm64-s1-latency-loaded-gg-r5-20260924T110542Z,2026-09-24T11:12:20Z,retrans_segs_srv,1,segments
s1,latency-loaded,GG,5,baseline-arm64-s1-latency-loaded-gg-r5-20260924T110542Z,2026-09-24T11:12:20Z,fast_retrans_segs_cli,74453,segments
s1,latency-loaded,GG,5,baseline-arm64-s1-latency-loaded-gg-r5-20260924T110542Z,2026-09-24T11:12:20Z,fast_retrans_segs_srv,0,segments
s1,latency-loaded,GG,5,baseline-arm64-s1-latency-loaded-gg-r5-20260924T110542Z,2026-09-24T11:12:20Z,early_retrans_segs_cli,3084,segments
s1,latency-loaded,GG,5,baseline-arm64-s1-latency-loaded-gg-r5-20260924T110542Z,2026-09-24T11:12:20Z,early_retrans_segs_srv,0,segments
s1,latency-loaded,GG,5,baseline-arm64-s1-latency-loaded-gg-r5-20260924T110542Z,2026-09-24T11:12:20Z,lost_segs_cli,20059,segments
s1,latency-loaded,GG,5,baseline-arm64-s1-latency-loaded-gg-r5-20260924T110542Z,2026-09-24T11:12:20Z,lost_segs_srv,1,segments
s1,latency-loaded,GG,5,baseline-arm64-s1-latency-loaded-gg-r5-20260924T110542Z,2026-09-24T11:12:20Z,repeat_segs_cli,1,segments
s1,latency-loaded,GG,5,baseline-arm64-s1-latency-loaded-gg-r5-20260924T110542Z,2026-09-24T11:12:20Z,repeat_segs_srv,5783,segments
s1,latency-loaded,RR,5,baseline-arm64-s1-latency-loaded-rr-r5-20260924T110542Z,2026-09-24T11:13:06Z,rtt_p50_ms,0.641023,ms
s1,latency-loaded,RR,5,baseline-arm64-s1-latency-loaded-rr-r5-20260924T110542Z,2026-09-24T11:13:06Z,rtt_p90_ms,2.842623,ms
s1,latency-loaded,RR,5,baseline-arm64-s1-latency-loaded-rr-r5-20260924T110542Z,2026-09-24T11:13:06Z,rtt_p99_ms,7.520255,ms
s1,latency-loaded,RR,5,baseline-arm64-s1-latency-loaded-rr-r5-20260924T110542Z,2026-09-24T11:13:06Z,rtt_max_ms,22.834794,ms
s1,latency-loaded,RR,5,baseline-arm64-s1-latency-loaded-rr-r5-20260924T110542Z,2026-09-24T11:13:06Z,rtt_errors,0,count
s1,latency-loaded,RR,5,baseline-arm64-s1-latency-loaded-rr-r5-20260924T110542Z,2026-09-24T11:13:06Z,goodput_mbit_s,1113.93,Mbit/s
s1,latency-loaded,RR,5,baseline-arm64-s1-latency-loaded-rr-r5-20260924T110542Z,2026-09-24T11:13:06Z,cpu_s_per_gb_cli,6.12204333386,s/GB
s1,latency-loaded,RR,5,baseline-arm64-s1-latency-loaded-rr-r5-20260924T110542Z,2026-09-24T11:13:06Z,cpu_s_per_gb_srv,4.25490988306,s/GB
s1,latency-loaded,RR,5,baseline-arm64-s1-latency-loaded-rr-r5-20260924T110542Z,2026-09-24T11:13:06Z,cpu_s_per_gb_total,10.3769532169,s/GB
s1,latency-loaded,RR,5,baseline-arm64-s1-latency-loaded-rr-r5-20260924T110542Z,2026-09-24T11:13:06Z,rss_kb_cli,21460,kB
s1,latency-loaded,RR,5,baseline-arm64-s1-latency-loaded-rr-r5-20260924T110542Z,2026-09-24T11:13:06Z,rss_kb_srv,10060,kB
s1,latency-loaded,RR,5,baseline-arm64-s1-latency-loaded-rr-r5-20260924T110542Z,2026-09-24T11:13:06Z,hwm_kb_cli,25544,kB
s1,latency-loaded,RR,5,baseline-arm64-s1-latency-loaded-rr-r5-20260924T110542Z,2026-09-24T11:13:06Z,hwm_kb_srv,11644,kB
s1,latency-loaded,RR,5,baseline-arm64-s1-latency-loaded-rr-r5-20260924T110542Z,2026-09-24T11:13:06Z,out_segs_cli,2386383,segments
s1,latency-loaded,RR,5,baseline-arm64-s1-latency-loaded-rr-r5-20260924T110542Z,2026-09-24T11:13:06Z,out_segs_srv,65352,segments
s1,latency-loaded,RR,5,baseline-arm64-s1-latency-loaded-rr-r5-20260924T110542Z,2026-09-24T11:13:06Z,retrans_pct_cli,0,% of OutSegs
s1,latency-loaded,RR,5,baseline-arm64-s1-latency-loaded-rr-r5-20260924T110542Z,2026-09-24T11:13:06Z,retrans_pct_srv,0,% of OutSegs
s1,latency-loaded,RR,5,baseline-arm64-s1-latency-loaded-rr-r5-20260924T110542Z,2026-09-24T11:13:06Z,retrans_segs_cli,0,segments
s1,latency-loaded,RR,5,baseline-arm64-s1-latency-loaded-rr-r5-20260924T110542Z,2026-09-24T11:13:06Z,retrans_segs_srv,0,segments
s1,latency-loaded,RR,5,baseline-arm64-s1-latency-loaded-rr-r5-20260924T110542Z,2026-09-24T11:13:06Z,fast_retrans_segs_cli,0,segments
s1,latency-loaded,RR,5,baseline-arm64-s1-latency-loaded-rr-r5-20260924T110542Z,2026-09-24T11:13:06Z,fast_retrans_segs_srv,0,segments
s1,latency-loaded,RR,5,baseline-arm64-s1-latency-loaded-rr-r5-20260924T110542Z,2026-09-24T11:13:06Z,early_retrans_segs_cli,0,segments
s1,latency-loaded,RR,5,baseline-arm64-s1-latency-loaded-rr-r5-20260924T110542Z,2026-09-24T11:13:06Z,early_retrans_segs_srv,0,segments
s1,latency-loaded,RR,5,baseline-arm64-s1-latency-loaded-rr-r5-20260924T110542Z,2026-09-24T11:13:06Z,lost_segs_cli,0,segments
s1,latency-loaded,RR,5,baseline-arm64-s1-latency-loaded-rr-r5-20260924T110542Z,2026-09-24T11:13:06Z,lost_segs_srv,0,segments
s1,latency-loaded,RR,5,baseline-arm64-s1-latency-loaded-rr-r5-20260924T110542Z,2026-09-24T11:13:06Z,repeat_segs_cli,0,segments
s1,latency-loaded,RR,5,baseline-arm64-s1-latency-loaded-rr-r5-20260924T110542Z,2026-09-24T11:13:06Z,repeat_segs_srv,0,segments
s2,bulk-up,GG,1,baseline-arm64-s2-bulk-up-gg-r1-20260924T111436Z,2026-09-24T11:15:10Z,goodput_mbit_s,306.08700157,Mbit/s
s2,bulk-up,GG,1,baseline-arm64-s2-bulk-up-gg-r1-20260924T111436Z,2026-09-24T11:15:10Z,tcp_retransmits,111,segments
s2,bulk-up,GG,1,baseline-arm64-s2-bulk-up-gg-r1-20260924T111436Z,2026-09-24T11:15:10Z,cpu_s_per_gb_cli,19.2236712598,s/GB
s2,bulk-up,GG,1,baseline-arm64-s2-bulk-up-gg-r1-20260924T111436Z,2026-09-24T11:15:10Z,cpu_s_per_gb_srv,19.8897087831,s/GB
s2,bulk-up,GG,1,baseline-arm64-s2-bulk-up-gg-r1-20260924T111436Z,2026-09-24T11:15:10Z,cpu_s_per_gb_total,39.113380043,s/GB
s2,bulk-up,GG,1,baseline-arm64-s2-bulk-up-gg-r1-20260924T111436Z,2026-09-24T11:15:10Z,rss_kb_cli,29668,kB
s2,bulk-up,GG,1,baseline-arm64-s2-bulk-up-gg-r1-20260924T111436Z,2026-09-24T11:15:10Z,rss_kb_srv,29960,kB
s2,bulk-up,GG,1,baseline-arm64-s2-bulk-up-gg-r1-20260924T111436Z,2026-09-24T11:15:10Z,hwm_kb_cli,29668,kB
s2,bulk-up,GG,1,baseline-arm64-s2-bulk-up-gg-r1-20260924T111436Z,2026-09-24T11:15:10Z,hwm_kb_srv,31640,kB
s2,bulk-up,GG,1,baseline-arm64-s2-bulk-up-gg-r1-20260924T111436Z,2026-09-24T11:15:10Z,out_segs_cli,752894,segments
s2,bulk-up,GG,1,baseline-arm64-s2-bulk-up-gg-r1-20260924T111436Z,2026-09-24T11:15:10Z,out_segs_srv,15237,segments
s2,bulk-up,GG,1,baseline-arm64-s2-bulk-up-gg-r1-20260924T111436Z,2026-09-24T11:15:10Z,retrans_pct_cli,0,% of OutSegs
s2,bulk-up,GG,1,baseline-arm64-s2-bulk-up-gg-r1-20260924T111436Z,2026-09-24T11:15:10Z,retrans_pct_srv,0,% of OutSegs
s2,bulk-up,GG,1,baseline-arm64-s2-bulk-up-gg-r1-20260924T111436Z,2026-09-24T11:15:10Z,retrans_segs_cli,0,segments
s2,bulk-up,GG,1,baseline-arm64-s2-bulk-up-gg-r1-20260924T111436Z,2026-09-24T11:15:10Z,retrans_segs_srv,0,segments
s2,bulk-up,GG,1,baseline-arm64-s2-bulk-up-gg-r1-20260924T111436Z,2026-09-24T11:15:10Z,fast_retrans_segs_cli,0,segments
s2,bulk-up,GG,1,baseline-arm64-s2-bulk-up-gg-r1-20260924T111436Z,2026-09-24T11:15:10Z,fast_retrans_segs_srv,0,segments
s2,bulk-up,GG,1,baseline-arm64-s2-bulk-up-gg-r1-20260924T111436Z,2026-09-24T11:15:10Z,early_retrans_segs_cli,0,segments
s2,bulk-up,GG,1,baseline-arm64-s2-bulk-up-gg-r1-20260924T111436Z,2026-09-24T11:15:10Z,early_retrans_segs_srv,0,segments
s2,bulk-up,GG,1,baseline-arm64-s2-bulk-up-gg-r1-20260924T111436Z,2026-09-24T11:15:10Z,lost_segs_cli,0,segments
s2,bulk-up,GG,1,baseline-arm64-s2-bulk-up-gg-r1-20260924T111436Z,2026-09-24T11:15:10Z,lost_segs_srv,0,segments
s2,bulk-up,GG,1,baseline-arm64-s2-bulk-up-gg-r1-20260924T111436Z,2026-09-24T11:15:10Z,repeat_segs_cli,0,segments
s2,bulk-up,GG,1,baseline-arm64-s2-bulk-up-gg-r1-20260924T111436Z,2026-09-24T11:15:10Z,repeat_segs_srv,0,segments
s2,bulk-up,RR,1,baseline-arm64-s2-bulk-up-rr-r1-20260924T111436Z,2026-09-24T11:15:57Z,goodput_mbit_s,656.603089882,Mbit/s
s2,bulk-up,RR,1,baseline-arm64-s2-bulk-up-rr-r1-20260924T111436Z,2026-09-24T11:15:57Z,tcp_retransmits,5,segments
s2,bulk-up,RR,1,baseline-arm64-s2-bulk-up-rr-r1-20260924T111436Z,2026-09-24T11:15:57Z,cpu_s_per_gb_cli,10.4466360248,s/GB
s2,bulk-up,RR,1,baseline-arm64-s2-bulk-up-rr-r1-20260924T111436Z,2026-09-24T11:15:57Z,cpu_s_per_gb_srv,7.23041222243,s/GB
s2,bulk-up,RR,1,baseline-arm64-s2-bulk-up-rr-r1-20260924T111436Z,2026-09-24T11:15:57Z,cpu_s_per_gb_total,17.6770482473,s/GB
s2,bulk-up,RR,1,baseline-arm64-s2-bulk-up-rr-r1-20260924T111436Z,2026-09-24T11:15:57Z,rss_kb_cli,5876,kB
s2,bulk-up,RR,1,baseline-arm64-s2-bulk-up-rr-r1-20260924T111436Z,2026-09-24T11:15:57Z,rss_kb_srv,7012,kB
s2,bulk-up,RR,1,baseline-arm64-s2-bulk-up-rr-r1-20260924T111436Z,2026-09-24T11:15:57Z,hwm_kb_cli,5876,kB
s2,bulk-up,RR,1,baseline-arm64-s2-bulk-up-rr-r1-20260924T111436Z,2026-09-24T11:15:57Z,hwm_kb_srv,7012,kB
s2,bulk-up,RR,1,baseline-arm64-s2-bulk-up-rr-r1-20260924T111436Z,2026-09-24T11:15:57Z,out_segs_cli,1394386,segments
s2,bulk-up,RR,1,baseline-arm64-s2-bulk-up-rr-r1-20260924T111436Z,2026-09-24T11:15:57Z,out_segs_srv,25669,segments
s2,bulk-up,RR,1,baseline-arm64-s2-bulk-up-rr-r1-20260924T111436Z,2026-09-24T11:15:57Z,retrans_pct_cli,0,% of OutSegs
s2,bulk-up,RR,1,baseline-arm64-s2-bulk-up-rr-r1-20260924T111436Z,2026-09-24T11:15:57Z,retrans_pct_srv,0,% of OutSegs
s2,bulk-up,RR,1,baseline-arm64-s2-bulk-up-rr-r1-20260924T111436Z,2026-09-24T11:15:57Z,retrans_segs_cli,0,segments
s2,bulk-up,RR,1,baseline-arm64-s2-bulk-up-rr-r1-20260924T111436Z,2026-09-24T11:15:57Z,retrans_segs_srv,0,segments
s2,bulk-up,RR,1,baseline-arm64-s2-bulk-up-rr-r1-20260924T111436Z,2026-09-24T11:15:57Z,fast_retrans_segs_cli,0,segments
s2,bulk-up,RR,1,baseline-arm64-s2-bulk-up-rr-r1-20260924T111436Z,2026-09-24T11:15:57Z,fast_retrans_segs_srv,0,segments
s2,bulk-up,RR,1,baseline-arm64-s2-bulk-up-rr-r1-20260924T111436Z,2026-09-24T11:15:57Z,early_retrans_segs_cli,0,segments
s2,bulk-up,RR,1,baseline-arm64-s2-bulk-up-rr-r1-20260924T111436Z,2026-09-24T11:15:57Z,early_retrans_segs_srv,0,segments
s2,bulk-up,RR,1,baseline-arm64-s2-bulk-up-rr-r1-20260924T111436Z,2026-09-24T11:15:57Z,lost_segs_cli,0,segments
s2,bulk-up,RR,1,baseline-arm64-s2-bulk-up-rr-r1-20260924T111436Z,2026-09-24T11:15:57Z,lost_segs_srv,0,segments
s2,bulk-up,RR,1,baseline-arm64-s2-bulk-up-rr-r1-20260924T111436Z,2026-09-24T11:15:57Z,repeat_segs_cli,0,segments
s2,bulk-up,RR,1,baseline-arm64-s2-bulk-up-rr-r1-20260924T111436Z,2026-09-24T11:15:57Z,repeat_segs_srv,0,segments
s2,bulk-up,GR,1,baseline-arm64-s2-bulk-up-gr-r1-20260924T111436Z,2026-09-24T11:16:45Z,goodput_mbit_s,454.166614098,Mbit/s
s2,bulk-up,GR,1,baseline-arm64-s2-bulk-up-gr-r1-20260924T111436Z,2026-09-24T11:16:45Z,tcp_retransmits,4,segments
s2,bulk-up,GR,1,baseline-arm64-s2-bulk-up-gr-r1-20260924T111436Z,2026-09-24T11:16:45Z,cpu_s_per_gb_cli,16.1040537769,s/GB
s2,bulk-up,GR,1,baseline-arm64-s2-bulk-up-gr-r1-20260924T111436Z,2026-09-24T11:16:45Z,cpu_s_per_gb_srv,9.2098634503,s/GB
s2,bulk-up,GR,1,baseline-arm64-s2-bulk-up-gr-r1-20260924T111436Z,2026-09-24T11:16:45Z,cpu_s_per_gb_total,25.3139172272,s/GB
s2,bulk-up,GR,1,baseline-arm64-s2-bulk-up-gr-r1-20260924T111436Z,2026-09-24T11:16:45Z,rss_kb_cli,29552,kB
s2,bulk-up,GR,1,baseline-arm64-s2-bulk-up-gr-r1-20260924T111436Z,2026-09-24T11:16:45Z,rss_kb_srv,7244,kB
s2,bulk-up,GR,1,baseline-arm64-s2-bulk-up-gr-r1-20260924T111436Z,2026-09-24T11:16:45Z,hwm_kb_cli,29552,kB
s2,bulk-up,GR,1,baseline-arm64-s2-bulk-up-gr-r1-20260924T111436Z,2026-09-24T11:16:45Z,hwm_kb_srv,7244,kB
s2,bulk-up,GR,1,baseline-arm64-s2-bulk-up-gr-r1-20260924T111436Z,2026-09-24T11:16:45Z,out_segs_cli,1116970,segments
s2,bulk-up,GR,1,baseline-arm64-s2-bulk-up-gr-r1-20260924T111436Z,2026-09-24T11:16:45Z,out_segs_srv,20881,segments
s2,bulk-up,GR,1,baseline-arm64-s2-bulk-up-gr-r1-20260924T111436Z,2026-09-24T11:16:45Z,retrans_pct_cli,0,% of OutSegs
s2,bulk-up,GR,1,baseline-arm64-s2-bulk-up-gr-r1-20260924T111436Z,2026-09-24T11:16:45Z,retrans_pct_srv,0,% of OutSegs
s2,bulk-up,GR,1,baseline-arm64-s2-bulk-up-gr-r1-20260924T111436Z,2026-09-24T11:16:45Z,retrans_segs_cli,0,segments
s2,bulk-up,GR,1,baseline-arm64-s2-bulk-up-gr-r1-20260924T111436Z,2026-09-24T11:16:45Z,retrans_segs_srv,0,segments
s2,bulk-up,GR,1,baseline-arm64-s2-bulk-up-gr-r1-20260924T111436Z,2026-09-24T11:16:45Z,fast_retrans_segs_cli,0,segments
s2,bulk-up,GR,1,baseline-arm64-s2-bulk-up-gr-r1-20260924T111436Z,2026-09-24T11:16:45Z,fast_retrans_segs_srv,0,segments
s2,bulk-up,GR,1,baseline-arm64-s2-bulk-up-gr-r1-20260924T111436Z,2026-09-24T11:16:45Z,early_retrans_segs_cli,0,segments
s2,bulk-up,GR,1,baseline-arm64-s2-bulk-up-gr-r1-20260924T111436Z,2026-09-24T11:16:45Z,early_retrans_segs_srv,0,segments
s2,bulk-up,GR,1,baseline-arm64-s2-bulk-up-gr-r1-20260924T111436Z,2026-09-24T11:16:45Z,lost_segs_cli,0,segments
s2,bulk-up,GR,1,baseline-arm64-s2-bulk-up-gr-r1-20260924T111436Z,2026-09-24T11:16:45Z,lost_segs_srv,0,segments
s2,bulk-up,GR,1,baseline-arm64-s2-bulk-up-gr-r1-20260924T111436Z,2026-09-24T11:16:45Z,repeat_segs_cli,0,segments
s2,bulk-up,GR,1,baseline-arm64-s2-bulk-up-gr-r1-20260924T111436Z,2026-09-24T11:16:45Z,repeat_segs_srv,0,segments
s2,bulk-up,RG,1,baseline-arm64-s2-bulk-up-rg-r1-20260924T111436Z,2026-09-24T11:17:32Z,goodput_mbit_s,552.115860713,Mbit/s
s2,bulk-up,RG,1,baseline-arm64-s2-bulk-up-rg-r1-20260924T111436Z,2026-09-24T11:17:32Z,tcp_retransmits,33,segments
s2,bulk-up,RG,1,baseline-arm64-s2-bulk-up-rg-r1-20260924T111436Z,2026-09-24T11:17:32Z,cpu_s_per_gb_cli,11.1402343008,s/GB
s2,bulk-up,RG,1,baseline-arm64-s2-bulk-up-rg-r1-20260924T111436Z,2026-09-24T11:17:32Z,cpu_s_per_gb_srv,12.9076056724,s/GB
s2,bulk-up,RG,1,baseline-arm64-s2-bulk-up-rg-r1-20260924T111436Z,2026-09-24T11:17:32Z,cpu_s_per_gb_total,24.0478399732,s/GB
s2,bulk-up,RG,1,baseline-arm64-s2-bulk-up-rg-r1-20260924T111436Z,2026-09-24T11:17:32Z,rss_kb_cli,5884,kB
s2,bulk-up,RG,1,baseline-arm64-s2-bulk-up-rg-r1-20260924T111436Z,2026-09-24T11:17:32Z,rss_kb_srv,30568,kB
s2,bulk-up,RG,1,baseline-arm64-s2-bulk-up-rg-r1-20260924T111436Z,2026-09-24T11:17:32Z,hwm_kb_cli,5884,kB
s2,bulk-up,RG,1,baseline-arm64-s2-bulk-up-rg-r1-20260924T111436Z,2026-09-24T11:17:32Z,hwm_kb_srv,31028,kB
s2,bulk-up,RG,1,baseline-arm64-s2-bulk-up-rg-r1-20260924T111436Z,2026-09-24T11:17:32Z,out_segs_cli,1189715,segments
s2,bulk-up,RG,1,baseline-arm64-s2-bulk-up-rg-r1-20260924T111436Z,2026-09-24T11:17:32Z,out_segs_srv,23668,segments
s2,bulk-up,RG,1,baseline-arm64-s2-bulk-up-rg-r1-20260924T111436Z,2026-09-24T11:17:32Z,retrans_pct_cli,0,% of OutSegs
s2,bulk-up,RG,1,baseline-arm64-s2-bulk-up-rg-r1-20260924T111436Z,2026-09-24T11:17:32Z,retrans_pct_srv,0,% of OutSegs
s2,bulk-up,RG,1,baseline-arm64-s2-bulk-up-rg-r1-20260924T111436Z,2026-09-24T11:17:32Z,retrans_segs_cli,0,segments
s2,bulk-up,RG,1,baseline-arm64-s2-bulk-up-rg-r1-20260924T111436Z,2026-09-24T11:17:32Z,retrans_segs_srv,0,segments
s2,bulk-up,RG,1,baseline-arm64-s2-bulk-up-rg-r1-20260924T111436Z,2026-09-24T11:17:32Z,fast_retrans_segs_cli,0,segments
s2,bulk-up,RG,1,baseline-arm64-s2-bulk-up-rg-r1-20260924T111436Z,2026-09-24T11:17:32Z,fast_retrans_segs_srv,0,segments
s2,bulk-up,RG,1,baseline-arm64-s2-bulk-up-rg-r1-20260924T111436Z,2026-09-24T11:17:32Z,early_retrans_segs_cli,0,segments
s2,bulk-up,RG,1,baseline-arm64-s2-bulk-up-rg-r1-20260924T111436Z,2026-09-24T11:17:32Z,early_retrans_segs_srv,0,segments
s2,bulk-up,RG,1,baseline-arm64-s2-bulk-up-rg-r1-20260924T111436Z,2026-09-24T11:17:32Z,lost_segs_cli,0,segments
s2,bulk-up,RG,1,baseline-arm64-s2-bulk-up-rg-r1-20260924T111436Z,2026-09-24T11:17:32Z,lost_segs_srv,0,segments
s2,bulk-up,RG,1,baseline-arm64-s2-bulk-up-rg-r1-20260924T111436Z,2026-09-24T11:17:32Z,repeat_segs_cli,0,segments
s2,bulk-up,RG,1,baseline-arm64-s2-bulk-up-rg-r1-20260924T111436Z,2026-09-24T11:17:32Z,repeat_segs_srv,0,segments
s2,bulk-up,GG,2,baseline-arm64-s2-bulk-up-gg-r2-20260924T111436Z,2026-09-24T11:18:20Z,goodput_mbit_s,315.332980529,Mbit/s
s2,bulk-up,GG,2,baseline-arm64-s2-bulk-up-gg-r2-20260924T111436Z,2026-09-24T11:18:20Z,tcp_retransmits,76,segments
s2,bulk-up,GG,2,baseline-arm64-s2-bulk-up-gg-r2-20260924T111436Z,2026-09-24T11:18:20Z,cpu_s_per_gb_cli,18.7849265183,s/GB
s2,bulk-up,GG,2,baseline-arm64-s2-bulk-up-gg-r2-20260924T111436Z,2026-09-24T11:18:20Z,cpu_s_per_gb_srv,19.5205954839,s/GB
s2,bulk-up,GG,2,baseline-arm64-s2-bulk-up-gg-r2-20260924T111436Z,2026-09-24T11:18:20Z,cpu_s_per_gb_total,38.3055220023,s/GB
s2,bulk-up,GG,2,baseline-arm64-s2-bulk-up-gg-r2-20260924T111436Z,2026-09-24T11:18:20Z,rss_kb_cli,29908,kB
s2,bulk-up,GG,2,baseline-arm64-s2-bulk-up-gg-r2-20260924T111436Z,2026-09-24T11:18:20Z,rss_kb_srv,30568,kB
s2,bulk-up,GG,2,baseline-arm64-s2-bulk-up-gg-r2-20260924T111436Z,2026-09-24T11:18:20Z,hwm_kb_cli,29908,kB
s2,bulk-up,GG,2,baseline-arm64-s2-bulk-up-gg-r2-20260924T111436Z,2026-09-24T11:18:20Z,hwm_kb_srv,30568,kB
s2,bulk-up,GG,2,baseline-arm64-s2-bulk-up-gg-r2-20260924T111436Z,2026-09-24T11:18:20Z,out_segs_cli,777509,segments
s2,bulk-up,GG,2,baseline-arm64-s2-bulk-up-gg-r2-20260924T111436Z,2026-09-24T11:18:20Z,out_segs_srv,15500,segments
s2,bulk-up,GG,2,baseline-arm64-s2-bulk-up-gg-r2-20260924T111436Z,2026-09-24T11:18:20Z,retrans_pct_cli,0,% of OutSegs
s2,bulk-up,GG,2,baseline-arm64-s2-bulk-up-gg-r2-20260924T111436Z,2026-09-24T11:18:20Z,retrans_pct_srv,0,% of OutSegs
s2,bulk-up,GG,2,baseline-arm64-s2-bulk-up-gg-r2-20260924T111436Z,2026-09-24T11:18:20Z,retrans_segs_cli,0,segments
s2,bulk-up,GG,2,baseline-arm64-s2-bulk-up-gg-r2-20260924T111436Z,2026-09-24T11:18:20Z,retrans_segs_srv,0,segments
s2,bulk-up,GG,2,baseline-arm64-s2-bulk-up-gg-r2-20260924T111436Z,2026-09-24T11:18:20Z,fast_retrans_segs_cli,0,segments
s2,bulk-up,GG,2,baseline-arm64-s2-bulk-up-gg-r2-20260924T111436Z,2026-09-24T11:18:20Z,fast_retrans_segs_srv,0,segments
s2,bulk-up,GG,2,baseline-arm64-s2-bulk-up-gg-r2-20260924T111436Z,2026-09-24T11:18:20Z,early_retrans_segs_cli,0,segments
s2,bulk-up,GG,2,baseline-arm64-s2-bulk-up-gg-r2-20260924T111436Z,2026-09-24T11:18:20Z,early_retrans_segs_srv,0,segments
s2,bulk-up,GG,2,baseline-arm64-s2-bulk-up-gg-r2-20260924T111436Z,2026-09-24T11:18:20Z,lost_segs_cli,0,segments
s2,bulk-up,GG,2,baseline-arm64-s2-bulk-up-gg-r2-20260924T111436Z,2026-09-24T11:18:20Z,lost_segs_srv,0,segments
s2,bulk-up,GG,2,baseline-arm64-s2-bulk-up-gg-r2-20260924T111436Z,2026-09-24T11:18:20Z,repeat_segs_cli,0,segments
s2,bulk-up,GG,2,baseline-arm64-s2-bulk-up-gg-r2-20260924T111436Z,2026-09-24T11:18:20Z,repeat_segs_srv,0,segments
s2,bulk-up,RR,2,baseline-arm64-s2-bulk-up-rr-r2-20260924T111436Z,2026-09-24T11:19:07Z,goodput_mbit_s,703.778306791,Mbit/s
s2,bulk-up,RR,2,baseline-arm64-s2-bulk-up-rr-r2-20260924T111436Z,2026-09-24T11:19:07Z,tcp_retransmits,2,segments
s2,bulk-up,RR,2,baseline-arm64-s2-bulk-up-rr-r2-20260924T111436Z,2026-09-24T11:19:07Z,cpu_s_per_gb_cli,10.4218006631,s/GB
s2,bulk-up,RR,2,baseline-arm64-s2-bulk-up-rr-r2-20260924T111436Z,2026-09-24T11:19:07Z,cpu_s_per_gb_srv,7.25093655733,s/GB
s2,bulk-up,RR,2,baseline-arm64-s2-bulk-up-rr-r2-20260924T111436Z,2026-09-24T11:19:07Z,cpu_s_per_gb_total,17.6727372205,s/GB
s2,bulk-up,RR,2,baseline-arm64-s2-bulk-up-rr-r2-20260924T111436Z,2026-09-24T11:19:07Z,rss_kb_cli,5860,kB
s2,bulk-up,RR,2,baseline-arm64-s2-bulk-up-rr-r2-20260924T111436Z,2026-09-24T11:19:07Z,rss_kb_srv,6656,kB
s2,bulk-up,RR,2,baseline-arm64-s2-bulk-up-rr-r2-20260924T111436Z,2026-09-24T11:19:07Z,hwm_kb_cli,5860,kB
s2,bulk-up,RR,2,baseline-arm64-s2-bulk-up-rr-r2-20260924T111436Z,2026-09-24T11:19:07Z,hwm_kb_srv,6656,kB
s2,bulk-up,RR,2,baseline-arm64-s2-bulk-up-rr-r2-20260924T111436Z,2026-09-24T11:19:07Z,out_segs_cli,1525032,segments
s2,bulk-up,RR,2,baseline-arm64-s2-bulk-up-rr-r2-20260924T111436Z,2026-09-24T11:19:07Z,out_segs_srv,28220,segments
s2,bulk-up,RR,2,baseline-arm64-s2-bulk-up-rr-r2-20260924T111436Z,2026-09-24T11:19:07Z,retrans_pct_cli,0,% of OutSegs
s2,bulk-up,RR,2,baseline-arm64-s2-bulk-up-rr-r2-20260924T111436Z,2026-09-24T11:19:07Z,retrans_pct_srv,0,% of OutSegs
s2,bulk-up,RR,2,baseline-arm64-s2-bulk-up-rr-r2-20260924T111436Z,2026-09-24T11:19:07Z,retrans_segs_cli,0,segments
s2,bulk-up,RR,2,baseline-arm64-s2-bulk-up-rr-r2-20260924T111436Z,2026-09-24T11:19:07Z,retrans_segs_srv,0,segments
s2,bulk-up,RR,2,baseline-arm64-s2-bulk-up-rr-r2-20260924T111436Z,2026-09-24T11:19:07Z,fast_retrans_segs_cli,0,segments
s2,bulk-up,RR,2,baseline-arm64-s2-bulk-up-rr-r2-20260924T111436Z,2026-09-24T11:19:07Z,fast_retrans_segs_srv,0,segments
s2,bulk-up,RR,2,baseline-arm64-s2-bulk-up-rr-r2-20260924T111436Z,2026-09-24T11:19:07Z,early_retrans_segs_cli,0,segments
s2,bulk-up,RR,2,baseline-arm64-s2-bulk-up-rr-r2-20260924T111436Z,2026-09-24T11:19:07Z,early_retrans_segs_srv,0,segments
s2,bulk-up,RR,2,baseline-arm64-s2-bulk-up-rr-r2-20260924T111436Z,2026-09-24T11:19:07Z,lost_segs_cli,0,segments
s2,bulk-up,RR,2,baseline-arm64-s2-bulk-up-rr-r2-20260924T111436Z,2026-09-24T11:19:07Z,lost_segs_srv,0,segments
s2,bulk-up,RR,2,baseline-arm64-s2-bulk-up-rr-r2-20260924T111436Z,2026-09-24T11:19:07Z,repeat_segs_cli,0,segments
s2,bulk-up,RR,2,baseline-arm64-s2-bulk-up-rr-r2-20260924T111436Z,2026-09-24T11:19:07Z,repeat_segs_srv,0,segments
s2,bulk-up,GR,2,baseline-arm64-s2-bulk-up-gr-r2-20260924T111436Z,2026-09-24T11:19:55Z,goodput_mbit_s,445.5682291,Mbit/s
s2,bulk-up,GR,2,baseline-arm64-s2-bulk-up-gr-r2-20260924T111436Z,2026-09-24T11:19:55Z,tcp_retransmits,8,segments
s2,bulk-up,GR,2,baseline-arm64-s2-bulk-up-gr-r2-20260924T111436Z,2026-09-24T11:19:55Z,cpu_s_per_gb_cli,16.2999770221,s/GB
s2,bulk-up,GR,2,baseline-arm64-s2-bulk-up-gr-r2-20260924T111436Z,2026-09-24T11:19:55Z,cpu_s_per_gb_srv,9.24503102022,s/GB
s2,bulk-up,GR,2,baseline-arm64-s2-bulk-up-gr-r2-20260924T111436Z,2026-09-24T11:19:55Z,cpu_s_per_gb_total,25.5450080423,s/GB
s2,bulk-up,GR,2,baseline-arm64-s2-bulk-up-gr-r2-20260924T111436Z,2026-09-24T11:19:55Z,rss_kb_cli,29780,kB
s2,bulk-up,GR,2,baseline-arm64-s2-bulk-up-gr-r2-20260924T111436Z,2026-09-24T11:19:55Z,rss_kb_srv,6928,kB
s2,bulk-up,GR,2,baseline-arm64-s2-bulk-up-gr-r2-20260924T111436Z,2026-09-24T11:19:55Z,hwm_kb_cli,29780,kB
s2,bulk-up,GR,2,baseline-arm64-s2-bulk-up-gr-r2-20260924T111436Z,2026-09-24T11:19:55Z,hwm_kb_srv,6928,kB
s2,bulk-up,GR,2,baseline-arm64-s2-bulk-up-gr-r2-20260924T111436Z,2026-09-24T11:19:55Z,out_segs_cli,1099908,segments
s2,bulk-up,GR,2,baseline-arm64-s2-bulk-up-gr-r2-20260924T111436Z,2026-09-24T11:19:55Z,out_segs_srv,20275,segments
s2,bulk-up,GR,2,baseline-arm64-s2-bulk-up-gr-r2-20260924T111436Z,2026-09-24T11:19:55Z,retrans_pct_cli,0,% of OutSegs
s2,bulk-up,GR,2,baseline-arm64-s2-bulk-up-gr-r2-20260924T111436Z,2026-09-24T11:19:55Z,retrans_pct_srv,0,% of OutSegs
s2,bulk-up,GR,2,baseline-arm64-s2-bulk-up-gr-r2-20260924T111436Z,2026-09-24T11:19:55Z,retrans_segs_cli,0,segments
s2,bulk-up,GR,2,baseline-arm64-s2-bulk-up-gr-r2-20260924T111436Z,2026-09-24T11:19:55Z,retrans_segs_srv,0,segments
s2,bulk-up,GR,2,baseline-arm64-s2-bulk-up-gr-r2-20260924T111436Z,2026-09-24T11:19:55Z,fast_retrans_segs_cli,0,segments
s2,bulk-up,GR,2,baseline-arm64-s2-bulk-up-gr-r2-20260924T111436Z,2026-09-24T11:19:55Z,fast_retrans_segs_srv,0,segments
s2,bulk-up,GR,2,baseline-arm64-s2-bulk-up-gr-r2-20260924T111436Z,2026-09-24T11:19:55Z,early_retrans_segs_cli,0,segments
s2,bulk-up,GR,2,baseline-arm64-s2-bulk-up-gr-r2-20260924T111436Z,2026-09-24T11:19:55Z,early_retrans_segs_srv,0,segments
s2,bulk-up,GR,2,baseline-arm64-s2-bulk-up-gr-r2-20260924T111436Z,2026-09-24T11:19:55Z,lost_segs_cli,0,segments
s2,bulk-up,GR,2,baseline-arm64-s2-bulk-up-gr-r2-20260924T111436Z,2026-09-24T11:19:55Z,lost_segs_srv,0,segments
s2,bulk-up,GR,2,baseline-arm64-s2-bulk-up-gr-r2-20260924T111436Z,2026-09-24T11:19:55Z,repeat_segs_cli,0,segments
s2,bulk-up,GR,2,baseline-arm64-s2-bulk-up-gr-r2-20260924T111436Z,2026-09-24T11:19:55Z,repeat_segs_srv,0,segments
s2,bulk-up,RG,2,baseline-arm64-s2-bulk-up-rg-r2-20260924T111436Z,2026-09-24T11:20:43Z,goodput_mbit_s,559.364890216,Mbit/s
s2,bulk-up,RG,2,baseline-arm64-s2-bulk-up-rg-r2-20260924T111436Z,2026-09-24T11:20:43Z,tcp_retransmits,32,segments
s2,bulk-up,RG,2,baseline-arm64-s2-bulk-up-rg-r2-20260924T111436Z,2026-09-24T11:20:43Z,cpu_s_per_gb_cli,10.9941054896,s/GB
s2,bulk-up,RG,2,baseline-arm64-s2-bulk-up-rg-r2-20260924T111436Z,2026-09-24T11:20:43Z,cpu_s_per_gb_srv,12.4309164151,s/GB
s2,bulk-up,RG,2,baseline-arm64-s2-bulk-up-rg-r2-20260924T111436Z,2026-09-24T11:20:43Z,cpu_s_per_gb_total,23.4250219047,s/GB
s2,bulk-up,RG,2,baseline-arm64-s2-bulk-up-rg-r2-20260924T111436Z,2026-09-24T11:20:43Z,rss_kb_cli,5876,kB
s2,bulk-up,RG,2,baseline-arm64-s2-bulk-up-rg-r2-20260924T111436Z,2026-09-24T11:20:43Z,rss_kb_srv,30408,kB
s2,bulk-up,RG,2,baseline-arm64-s2-bulk-up-rg-r2-20260924T111436Z,2026-09-24T11:20:43Z,hwm_kb_cli,5876,kB
s2,bulk-up,RG,2,baseline-arm64-s2-bulk-up-rg-r2-20260924T111436Z,2026-09-24T11:20:43Z,hwm_kb_srv,31632,kB
s2,bulk-up,RG,2,baseline-arm64-s2-bulk-up-rg-r2-20260924T111436Z,2026-09-24T11:20:43Z,out_segs_cli,1194754,segments
s2,bulk-up,RG,2,baseline-arm64-s2-bulk-up-rg-r2-20260924T111436Z,2026-09-24T11:20:43Z,out_segs_srv,23491,segments
s2,bulk-up,RG,2,baseline-arm64-s2-bulk-up-rg-r2-20260924T111436Z,2026-09-24T11:20:43Z,retrans_pct_cli,0,% of OutSegs
s2,bulk-up,RG,2,baseline-arm64-s2-bulk-up-rg-r2-20260924T111436Z,2026-09-24T11:20:43Z,retrans_pct_srv,0,% of OutSegs
s2,bulk-up,RG,2,baseline-arm64-s2-bulk-up-rg-r2-20260924T111436Z,2026-09-24T11:20:43Z,retrans_segs_cli,0,segments
s2,bulk-up,RG,2,baseline-arm64-s2-bulk-up-rg-r2-20260924T111436Z,2026-09-24T11:20:43Z,retrans_segs_srv,0,segments
s2,bulk-up,RG,2,baseline-arm64-s2-bulk-up-rg-r2-20260924T111436Z,2026-09-24T11:20:43Z,fast_retrans_segs_cli,0,segments
s2,bulk-up,RG,2,baseline-arm64-s2-bulk-up-rg-r2-20260924T111436Z,2026-09-24T11:20:43Z,fast_retrans_segs_srv,0,segments
s2,bulk-up,RG,2,baseline-arm64-s2-bulk-up-rg-r2-20260924T111436Z,2026-09-24T11:20:43Z,early_retrans_segs_cli,0,segments
s2,bulk-up,RG,2,baseline-arm64-s2-bulk-up-rg-r2-20260924T111436Z,2026-09-24T11:20:43Z,early_retrans_segs_srv,0,segments
s2,bulk-up,RG,2,baseline-arm64-s2-bulk-up-rg-r2-20260924T111436Z,2026-09-24T11:20:43Z,lost_segs_cli,0,segments
s2,bulk-up,RG,2,baseline-arm64-s2-bulk-up-rg-r2-20260924T111436Z,2026-09-24T11:20:43Z,lost_segs_srv,0,segments
s2,bulk-up,RG,2,baseline-arm64-s2-bulk-up-rg-r2-20260924T111436Z,2026-09-24T11:20:43Z,repeat_segs_cli,0,segments
s2,bulk-up,RG,2,baseline-arm64-s2-bulk-up-rg-r2-20260924T111436Z,2026-09-24T11:20:43Z,repeat_segs_srv,0,segments
s2,bulk-up,GG,3,baseline-arm64-s2-bulk-up-gg-r3-20260924T111436Z,2026-09-24T11:21:30Z,goodput_mbit_s,321.681816128,Mbit/s
s2,bulk-up,GG,3,baseline-arm64-s2-bulk-up-gg-r3-20260924T111436Z,2026-09-24T11:21:30Z,tcp_retransmits,74,segments
s2,bulk-up,GG,3,baseline-arm64-s2-bulk-up-gg-r3-20260924T111436Z,2026-09-24T11:21:30Z,cpu_s_per_gb_cli,18.3617658834,s/GB
s2,bulk-up,GG,3,baseline-arm64-s2-bulk-up-gg-r3-20260924T111436Z,2026-09-24T11:21:30Z,cpu_s_per_gb_srv,19.1076737731,s/GB
s2,bulk-up,GG,3,baseline-arm64-s2-bulk-up-gg-r3-20260924T111436Z,2026-09-24T11:21:30Z,cpu_s_per_gb_total,37.4694396565,s/GB
s2,bulk-up,GG,3,baseline-arm64-s2-bulk-up-gg-r3-20260924T111436Z,2026-09-24T11:21:30Z,rss_kb_cli,29452,kB
s2,bulk-up,GG,3,baseline-arm64-s2-bulk-up-gg-r3-20260924T111436Z,2026-09-24T11:21:30Z,rss_kb_srv,30392,kB
s2,bulk-up,GG,3,baseline-arm64-s2-bulk-up-gg-r3-20260924T111436Z,2026-09-24T11:21:30Z,hwm_kb_cli,29452,kB
s2,bulk-up,GG,3,baseline-arm64-s2-bulk-up-gg-r3-20260924T111436Z,2026-09-24T11:21:30Z,hwm_kb_srv,30836,kB
s2,bulk-up,GG,3,baseline-arm64-s2-bulk-up-gg-r3-20260924T111436Z,2026-09-24T11:21:30Z,out_segs_cli,789830,segments
s2,bulk-up,GG,3,baseline-arm64-s2-bulk-up-gg-r3-20260924T111436Z,2026-09-24T11:21:30Z,out_segs_srv,16114,segments
s2,bulk-up,GG,3,baseline-arm64-s2-bulk-up-gg-r3-20260924T111436Z,2026-09-24T11:21:30Z,retrans_pct_cli,0,% of OutSegs
s2,bulk-up,GG,3,baseline-arm64-s2-bulk-up-gg-r3-20260924T111436Z,2026-09-24T11:21:30Z,retrans_pct_srv,0,% of OutSegs
s2,bulk-up,GG,3,baseline-arm64-s2-bulk-up-gg-r3-20260924T111436Z,2026-09-24T11:21:30Z,retrans_segs_cli,0,segments
s2,bulk-up,GG,3,baseline-arm64-s2-bulk-up-gg-r3-20260924T111436Z,2026-09-24T11:21:30Z,retrans_segs_srv,0,segments
s2,bulk-up,GG,3,baseline-arm64-s2-bulk-up-gg-r3-20260924T111436Z,2026-09-24T11:21:30Z,fast_retrans_segs_cli,0,segments
s2,bulk-up,GG,3,baseline-arm64-s2-bulk-up-gg-r3-20260924T111436Z,2026-09-24T11:21:30Z,fast_retrans_segs_srv,0,segments
s2,bulk-up,GG,3,baseline-arm64-s2-bulk-up-gg-r3-20260924T111436Z,2026-09-24T11:21:30Z,early_retrans_segs_cli,0,segments
s2,bulk-up,GG,3,baseline-arm64-s2-bulk-up-gg-r3-20260924T111436Z,2026-09-24T11:21:30Z,early_retrans_segs_srv,0,segments
s2,bulk-up,GG,3,baseline-arm64-s2-bulk-up-gg-r3-20260924T111436Z,2026-09-24T11:21:30Z,lost_segs_cli,0,segments
s2,bulk-up,GG,3,baseline-arm64-s2-bulk-up-gg-r3-20260924T111436Z,2026-09-24T11:21:30Z,lost_segs_srv,0,segments
s2,bulk-up,GG,3,baseline-arm64-s2-bulk-up-gg-r3-20260924T111436Z,2026-09-24T11:21:30Z,repeat_segs_cli,0,segments
s2,bulk-up,GG,3,baseline-arm64-s2-bulk-up-gg-r3-20260924T111436Z,2026-09-24T11:21:30Z,repeat_segs_srv,0,segments
s2,bulk-up,RR,3,baseline-arm64-s2-bulk-up-rr-r3-20260924T111436Z,2026-09-24T11:22:18Z,goodput_mbit_s,694.434245478,Mbit/s
s2,bulk-up,RR,3,baseline-arm64-s2-bulk-up-rr-r3-20260924T111436Z,2026-09-24T11:22:18Z,tcp_retransmits,4,segments
s2,bulk-up,RR,3,baseline-arm64-s2-bulk-up-rr-r3-20260924T111436Z,2026-09-24T11:22:18Z,cpu_s_per_gb_cli,10.4128823979,s/GB
s2,bulk-up,RR,3,baseline-arm64-s2-bulk-up-rr-r3-20260924T111436Z,2026-09-24T11:22:18Z,cpu_s_per_gb_srv,7.22796869987,s/GB
s2,bulk-up,RR,3,baseline-arm64-s2-bulk-up-rr-r3-20260924T111436Z,2026-09-24T11:22:18Z,cpu_s_per_gb_total,17.6408510978,s/GB
s2,bulk-up,RR,3,baseline-arm64-s2-bulk-up-rr-r3-20260924T111436Z,2026-09-24T11:22:18Z,rss_kb_cli,5860,kB
s2,bulk-up,RR,3,baseline-arm64-s2-bulk-up-rr-r3-20260924T111436Z,2026-09-24T11:22:18Z,rss_kb_srv,6972,kB
s2,bulk-up,RR,3,baseline-arm64-s2-bulk-up-rr-r3-20260924T111436Z,2026-09-24T11:22:18Z,hwm_kb_cli,5860,kB
s2,bulk-up,RR,3,baseline-arm64-s2-bulk-up-rr-r3-20260924T111436Z,2026-09-24T11:22:18Z,hwm_kb_srv,6972,kB
s2,bulk-up,RR,3,baseline-arm64-s2-bulk-up-rr-r3-20260924T111436Z,2026-09-24T11:22:18Z,out_segs_cli,1472161,segments
s2,bulk-up,RR,3,baseline-arm64-s2-bulk-up-rr-r3-20260924T111436Z,2026-09-24T11:22:18Z,out_segs_srv,27577,segments
s2,bulk-up,RR,3,baseline-arm64-s2-bulk-up-rr-r3-20260924T111436Z,2026-09-24T11:22:18Z,retrans_pct_cli,0,% of OutSegs
s2,bulk-up,RR,3,baseline-arm64-s2-bulk-up-rr-r3-20260924T111436Z,2026-09-24T11:22:18Z,retrans_pct_srv,0,% of OutSegs
s2,bulk-up,RR,3,baseline-arm64-s2-bulk-up-rr-r3-20260924T111436Z,2026-09-24T11:22:18Z,retrans_segs_cli,0,segments
s2,bulk-up,RR,3,baseline-arm64-s2-bulk-up-rr-r3-20260924T111436Z,2026-09-24T11:22:18Z,retrans_segs_srv,0,segments
s2,bulk-up,RR,3,baseline-arm64-s2-bulk-up-rr-r3-20260924T111436Z,2026-09-24T11:22:18Z,fast_retrans_segs_cli,0,segments
s2,bulk-up,RR,3,baseline-arm64-s2-bulk-up-rr-r3-20260924T111436Z,2026-09-24T11:22:18Z,fast_retrans_segs_srv,0,segments
s2,bulk-up,RR,3,baseline-arm64-s2-bulk-up-rr-r3-20260924T111436Z,2026-09-24T11:22:18Z,early_retrans_segs_cli,0,segments
s2,bulk-up,RR,3,baseline-arm64-s2-bulk-up-rr-r3-20260924T111436Z,2026-09-24T11:22:18Z,early_retrans_segs_srv,0,segments
s2,bulk-up,RR,3,baseline-arm64-s2-bulk-up-rr-r3-20260924T111436Z,2026-09-24T11:22:18Z,lost_segs_cli,0,segments
s2,bulk-up,RR,3,baseline-arm64-s2-bulk-up-rr-r3-20260924T111436Z,2026-09-24T11:22:18Z,lost_segs_srv,0,segments
s2,bulk-up,RR,3,baseline-arm64-s2-bulk-up-rr-r3-20260924T111436Z,2026-09-24T11:22:18Z,repeat_segs_cli,0,segments
s2,bulk-up,RR,3,baseline-arm64-s2-bulk-up-rr-r3-20260924T111436Z,2026-09-24T11:22:18Z,repeat_segs_srv,0,segments
s2,bulk-up,GR,3,baseline-arm64-s2-bulk-up-gr-r3-20260924T111436Z,2026-09-24T11:23:05Z,goodput_mbit_s,451.719568477,Mbit/s
s2,bulk-up,GR,3,baseline-arm64-s2-bulk-up-gr-r3-20260924T111436Z,2026-09-24T11:23:05Z,tcp_retransmits,7,segments
s2,bulk-up,GR,3,baseline-arm64-s2-bulk-up-gr-r3-20260924T111436Z,2026-09-24T11:23:05Z,cpu_s_per_gb_cli,16.1052206712,s/GB
s2,bulk-up,GR,3,baseline-arm64-s2-bulk-up-gr-r3-20260924T111436Z,2026-09-24T11:23:05Z,cpu_s_per_gb_srv,9.22575037897,s/GB
s2,bulk-up,GR,3,baseline-arm64-s2-bulk-up-gr-r3-20260924T111436Z,2026-09-24T11:23:05Z,cpu_s_per_gb_total,25.3309710501,s/GB
s2,bulk-up,GR,3,baseline-arm64-s2-bulk-up-gr-r3-20260924T111436Z,2026-09-24T11:23:05Z,rss_kb_cli,29804,kB
s2,bulk-up,GR,3,baseline-arm64-s2-bulk-up-gr-r3-20260924T111436Z,2026-09-24T11:23:05Z,rss_kb_srv,6780,kB
s2,bulk-up,GR,3,baseline-arm64-s2-bulk-up-gr-r3-20260924T111436Z,2026-09-24T11:23:05Z,hwm_kb_cli,29804,kB
s2,bulk-up,GR,3,baseline-arm64-s2-bulk-up-gr-r3-20260924T111436Z,2026-09-24T11:23:05Z,hwm_kb_srv,6780,kB
s2,bulk-up,GR,3,baseline-arm64-s2-bulk-up-gr-r3-20260924T111436Z,2026-09-24T11:23:05Z,out_segs_cli,1112204,segments
s2,bulk-up,GR,3,baseline-arm64-s2-bulk-up-gr-r3-20260924T111436Z,2026-09-24T11:23:05Z,out_segs_srv,20727,segments
s2,bulk-up,GR,3,baseline-arm64-s2-bulk-up-gr-r3-20260924T111436Z,2026-09-24T11:23:05Z,retrans_pct_cli,0,% of OutSegs
s2,bulk-up,GR,3,baseline-arm64-s2-bulk-up-gr-r3-20260924T111436Z,2026-09-24T11:23:05Z,retrans_pct_srv,0,% of OutSegs
s2,bulk-up,GR,3,baseline-arm64-s2-bulk-up-gr-r3-20260924T111436Z,2026-09-24T11:23:05Z,retrans_segs_cli,0,segments
s2,bulk-up,GR,3,baseline-arm64-s2-bulk-up-gr-r3-20260924T111436Z,2026-09-24T11:23:05Z,retrans_segs_srv,0,segments
s2,bulk-up,GR,3,baseline-arm64-s2-bulk-up-gr-r3-20260924T111436Z,2026-09-24T11:23:05Z,fast_retrans_segs_cli,0,segments
s2,bulk-up,GR,3,baseline-arm64-s2-bulk-up-gr-r3-20260924T111436Z,2026-09-24T11:23:05Z,fast_retrans_segs_srv,0,segments
s2,bulk-up,GR,3,baseline-arm64-s2-bulk-up-gr-r3-20260924T111436Z,2026-09-24T11:23:05Z,early_retrans_segs_cli,0,segments
s2,bulk-up,GR,3,baseline-arm64-s2-bulk-up-gr-r3-20260924T111436Z,2026-09-24T11:23:05Z,early_retrans_segs_srv,0,segments
s2,bulk-up,GR,3,baseline-arm64-s2-bulk-up-gr-r3-20260924T111436Z,2026-09-24T11:23:05Z,lost_segs_cli,0,segments
s2,bulk-up,GR,3,baseline-arm64-s2-bulk-up-gr-r3-20260924T111436Z,2026-09-24T11:23:05Z,lost_segs_srv,0,segments
s2,bulk-up,GR,3,baseline-arm64-s2-bulk-up-gr-r3-20260924T111436Z,2026-09-24T11:23:05Z,repeat_segs_cli,0,segments
s2,bulk-up,GR,3,baseline-arm64-s2-bulk-up-gr-r3-20260924T111436Z,2026-09-24T11:23:05Z,repeat_segs_srv,0,segments
s2,bulk-up,RG,3,baseline-arm64-s2-bulk-up-rg-r3-20260924T111436Z,2026-09-24T11:23:53Z,goodput_mbit_s,561.317078021,Mbit/s
s2,bulk-up,RG,3,baseline-arm64-s2-bulk-up-rg-r3-20260924T111436Z,2026-09-24T11:23:53Z,tcp_retransmits,30,segments
s2,bulk-up,RG,3,baseline-arm64-s2-bulk-up-rg-r3-20260924T111436Z,2026-09-24T11:23:53Z,cpu_s_per_gb_cli,11.1362940347,s/GB
s2,bulk-up,RG,3,baseline-arm64-s2-bulk-up-rg-r3-20260924T111436Z,2026-09-24T11:23:53Z,cpu_s_per_gb_srv,12.7821570686,s/GB
s2,bulk-up,RG,3,baseline-arm64-s2-bulk-up-rg-r3-20260924T111436Z,2026-09-24T11:23:53Z,cpu_s_per_gb_total,23.9184511033,s/GB
s2,bulk-up,RG,3,baseline-arm64-s2-bulk-up-rg-r3-20260924T111436Z,2026-09-24T11:23:53Z,rss_kb_cli,5884,kB
s2,bulk-up,RG,3,baseline-arm64-s2-bulk-up-rg-r3-20260924T111436Z,2026-09-24T11:23:53Z,rss_kb_srv,31384,kB
s2,bulk-up,RG,3,baseline-arm64-s2-bulk-up-rg-r3-20260924T111436Z,2026-09-24T11:23:53Z,hwm_kb_cli,5884,kB
s2,bulk-up,RG,3,baseline-arm64-s2-bulk-up-rg-r3-20260924T111436Z,2026-09-24T11:23:53Z,hwm_kb_srv,33096,kB
s2,bulk-up,RG,3,baseline-arm64-s2-bulk-up-rg-r3-20260924T111436Z,2026-09-24T11:23:53Z,out_segs_cli,1209617,segments
s2,bulk-up,RG,3,baseline-arm64-s2-bulk-up-rg-r3-20260924T111436Z,2026-09-24T11:23:53Z,out_segs_srv,24483,segments
s2,bulk-up,RG,3,baseline-arm64-s2-bulk-up-rg-r3-20260924T111436Z,2026-09-24T11:23:53Z,retrans_pct_cli,0,% of OutSegs
s2,bulk-up,RG,3,baseline-arm64-s2-bulk-up-rg-r3-20260924T111436Z,2026-09-24T11:23:53Z,retrans_pct_srv,0,% of OutSegs
s2,bulk-up,RG,3,baseline-arm64-s2-bulk-up-rg-r3-20260924T111436Z,2026-09-24T11:23:53Z,retrans_segs_cli,0,segments
s2,bulk-up,RG,3,baseline-arm64-s2-bulk-up-rg-r3-20260924T111436Z,2026-09-24T11:23:53Z,retrans_segs_srv,0,segments
s2,bulk-up,RG,3,baseline-arm64-s2-bulk-up-rg-r3-20260924T111436Z,2026-09-24T11:23:53Z,fast_retrans_segs_cli,0,segments
s2,bulk-up,RG,3,baseline-arm64-s2-bulk-up-rg-r3-20260924T111436Z,2026-09-24T11:23:53Z,fast_retrans_segs_srv,0,segments
s2,bulk-up,RG,3,baseline-arm64-s2-bulk-up-rg-r3-20260924T111436Z,2026-09-24T11:23:53Z,early_retrans_segs_cli,0,segments
s2,bulk-up,RG,3,baseline-arm64-s2-bulk-up-rg-r3-20260924T111436Z,2026-09-24T11:23:53Z,early_retrans_segs_srv,0,segments
s2,bulk-up,RG,3,baseline-arm64-s2-bulk-up-rg-r3-20260924T111436Z,2026-09-24T11:23:53Z,lost_segs_cli,0,segments
s2,bulk-up,RG,3,baseline-arm64-s2-bulk-up-rg-r3-20260924T111436Z,2026-09-24T11:23:53Z,lost_segs_srv,0,segments
s2,bulk-up,RG,3,baseline-arm64-s2-bulk-up-rg-r3-20260924T111436Z,2026-09-24T11:23:53Z,repeat_segs_cli,0,segments
s2,bulk-up,RG,3,baseline-arm64-s2-bulk-up-rg-r3-20260924T111436Z,2026-09-24T11:23:53Z,repeat_segs_srv,0,segments
s2,bulk-up,GG,4,baseline-arm64-s2-bulk-up-gg-r4-20260924T111436Z,2026-09-24T11:24:41Z,goodput_mbit_s,308.763485784,Mbit/s
s2,bulk-up,GG,4,baseline-arm64-s2-bulk-up-gg-r4-20260924T111436Z,2026-09-24T11:24:41Z,tcp_retransmits,90,segments
s2,bulk-up,GG,4,baseline-arm64-s2-bulk-up-gg-r4-20260924T111436Z,2026-09-24T11:24:41Z,cpu_s_per_gb_cli,19.1058691572,s/GB
s2,bulk-up,GG,4,baseline-arm64-s2-bulk-up-gg-r4-20260924T111436Z,2026-09-24T11:24:41Z,cpu_s_per_gb_srv,19.7535257388,s/GB
s2,bulk-up,GG,4,baseline-arm64-s2-bulk-up-gg-r4-20260924T111436Z,2026-09-24T11:24:41Z,cpu_s_per_gb_total,38.859394896,s/GB
s2,bulk-up,GG,4,baseline-arm64-s2-bulk-up-gg-r4-20260924T111436Z,2026-09-24T11:24:41Z,rss_kb_cli,29896,kB
s2,bulk-up,GG,4,baseline-arm64-s2-bulk-up-gg-r4-20260924T111436Z,2026-09-24T11:24:41Z,rss_kb_srv,30728,kB
s2,bulk-up,GG,4,baseline-arm64-s2-bulk-up-gg-r4-20260924T111436Z,2026-09-24T11:24:41Z,hwm_kb_cli,29896,kB
s2,bulk-up,GG,4,baseline-arm64-s2-bulk-up-gg-r4-20260924T111436Z,2026-09-24T11:24:41Z,hwm_kb_srv,30856,kB
s2,bulk-up,GG,4,baseline-arm64-s2-bulk-up-gg-r4-20260924T111436Z,2026-09-24T11:24:41Z,out_segs_cli,749441,segments
s2,bulk-up,GG,4,baseline-arm64-s2-bulk-up-gg-r4-20260924T111436Z,2026-09-24T11:24:41Z,out_segs_srv,15294,segments
s2,bulk-up,GG,4,baseline-arm64-s2-bulk-up-gg-r4-20260924T111436Z,2026-09-24T11:24:41Z,retrans_pct_cli,0,% of OutSegs
s2,bulk-up,GG,4,baseline-arm64-s2-bulk-up-gg-r4-20260924T111436Z,2026-09-24T11:24:41Z,retrans_pct_srv,0,% of OutSegs
s2,bulk-up,GG,4,baseline-arm64-s2-bulk-up-gg-r4-20260924T111436Z,2026-09-24T11:24:41Z,retrans_segs_cli,0,segments
s2,bulk-up,GG,4,baseline-arm64-s2-bulk-up-gg-r4-20260924T111436Z,2026-09-24T11:24:41Z,retrans_segs_srv,0,segments
s2,bulk-up,GG,4,baseline-arm64-s2-bulk-up-gg-r4-20260924T111436Z,2026-09-24T11:24:41Z,fast_retrans_segs_cli,0,segments
s2,bulk-up,GG,4,baseline-arm64-s2-bulk-up-gg-r4-20260924T111436Z,2026-09-24T11:24:41Z,fast_retrans_segs_srv,0,segments
s2,bulk-up,GG,4,baseline-arm64-s2-bulk-up-gg-r4-20260924T111436Z,2026-09-24T11:24:41Z,early_retrans_segs_cli,0,segments
s2,bulk-up,GG,4,baseline-arm64-s2-bulk-up-gg-r4-20260924T111436Z,2026-09-24T11:24:41Z,early_retrans_segs_srv,0,segments
s2,bulk-up,GG,4,baseline-arm64-s2-bulk-up-gg-r4-20260924T111436Z,2026-09-24T11:24:41Z,lost_segs_cli,0,segments
s2,bulk-up,GG,4,baseline-arm64-s2-bulk-up-gg-r4-20260924T111436Z,2026-09-24T11:24:41Z,lost_segs_srv,0,segments
s2,bulk-up,GG,4,baseline-arm64-s2-bulk-up-gg-r4-20260924T111436Z,2026-09-24T11:24:41Z,repeat_segs_cli,0,segments
s2,bulk-up,GG,4,baseline-arm64-s2-bulk-up-gg-r4-20260924T111436Z,2026-09-24T11:24:41Z,repeat_segs_srv,0,segments
s2,bulk-up,RR,4,baseline-arm64-s2-bulk-up-rr-r4-20260924T111436Z,2026-09-24T11:25:29Z,goodput_mbit_s,689.427107416,Mbit/s
s2,bulk-up,RR,4,baseline-arm64-s2-bulk-up-rr-r4-20260924T111436Z,2026-09-24T11:25:29Z,tcp_retransmits,5,segments
s2,bulk-up,RR,4,baseline-arm64-s2-bulk-up-rr-r4-20260924T111436Z,2026-09-24T11:25:29Z,cpu_s_per_gb_cli,10.4854851825,s/GB
s2,bulk-up,RR,4,baseline-arm64-s2-bulk-up-rr-r4-20260924T111436Z,2026-09-24T11:25:29Z,cpu_s_per_gb_srv,7.22436582857,s/GB
s2,bulk-up,RR,4,baseline-arm64-s2-bulk-up-rr-r4-20260924T111436Z,2026-09-24T11:25:29Z,cpu_s_per_gb_total,17.7098510111,s/GB
s2,bulk-up,RR,4,baseline-arm64-s2-bulk-up-rr-r4-20260924T111436Z,2026-09-24T11:25:29Z,rss_kb_cli,5880,kB
s2,bulk-up,RR,4,baseline-arm64-s2-bulk-up-rr-r4-20260924T111436Z,2026-09-24T11:25:29Z,rss_kb_srv,6456,kB
s2,bulk-up,RR,4,baseline-arm64-s2-bulk-up-rr-r4-20260924T111436Z,2026-09-24T11:25:29Z,hwm_kb_cli,5880,kB
s2,bulk-up,RR,4,baseline-arm64-s2-bulk-up-rr-r4-20260924T111436Z,2026-09-24T11:25:29Z,hwm_kb_srv,6456,kB
s2,bulk-up,RR,4,baseline-arm64-s2-bulk-up-rr-r4-20260924T111436Z,2026-09-24T11:25:29Z,out_segs_cli,1502341,segments
s2,bulk-up,RR,4,baseline-arm64-s2-bulk-up-rr-r4-20260924T111436Z,2026-09-24T11:25:29Z,out_segs_srv,28305,segments
s2,bulk-up,RR,4,baseline-arm64-s2-bulk-up-rr-r4-20260924T111436Z,2026-09-24T11:25:29Z,retrans_pct_cli,0,% of OutSegs
s2,bulk-up,RR,4,baseline-arm64-s2-bulk-up-rr-r4-20260924T111436Z,2026-09-24T11:25:29Z,retrans_pct_srv,0,% of OutSegs
s2,bulk-up,RR,4,baseline-arm64-s2-bulk-up-rr-r4-20260924T111436Z,2026-09-24T11:25:29Z,retrans_segs_cli,0,segments
s2,bulk-up,RR,4,baseline-arm64-s2-bulk-up-rr-r4-20260924T111436Z,2026-09-24T11:25:29Z,retrans_segs_srv,0,segments
s2,bulk-up,RR,4,baseline-arm64-s2-bulk-up-rr-r4-20260924T111436Z,2026-09-24T11:25:29Z,fast_retrans_segs_cli,0,segments
s2,bulk-up,RR,4,baseline-arm64-s2-bulk-up-rr-r4-20260924T111436Z,2026-09-24T11:25:29Z,fast_retrans_segs_srv,0,segments
s2,bulk-up,RR,4,baseline-arm64-s2-bulk-up-rr-r4-20260924T111436Z,2026-09-24T11:25:29Z,early_retrans_segs_cli,0,segments
s2,bulk-up,RR,4,baseline-arm64-s2-bulk-up-rr-r4-20260924T111436Z,2026-09-24T11:25:29Z,early_retrans_segs_srv,0,segments
s2,bulk-up,RR,4,baseline-arm64-s2-bulk-up-rr-r4-20260924T111436Z,2026-09-24T11:25:29Z,lost_segs_cli,0,segments
s2,bulk-up,RR,4,baseline-arm64-s2-bulk-up-rr-r4-20260924T111436Z,2026-09-24T11:25:29Z,lost_segs_srv,0,segments
s2,bulk-up,RR,4,baseline-arm64-s2-bulk-up-rr-r4-20260924T111436Z,2026-09-24T11:25:29Z,repeat_segs_cli,0,segments
s2,bulk-up,RR,4,baseline-arm64-s2-bulk-up-rr-r4-20260924T111436Z,2026-09-24T11:25:29Z,repeat_segs_srv,0,segments
s2,bulk-up,GR,4,baseline-arm64-s2-bulk-up-gr-r4-20260924T111436Z,2026-09-24T11:26:16Z,goodput_mbit_s,461.328574604,Mbit/s
s2,bulk-up,GR,4,baseline-arm64-s2-bulk-up-gr-r4-20260924T111436Z,2026-09-24T11:26:16Z,tcp_retransmits,11,segments
s2,bulk-up,GR,4,baseline-arm64-s2-bulk-up-gr-r4-20260924T111436Z,2026-09-24T11:26:16Z,cpu_s_per_gb_cli,15.8725387873,s/GB
s2,bulk-up,GR,4,baseline-arm64-s2-bulk-up-gr-r4-20260924T111436Z,2026-09-24T11:26:16Z,cpu_s_per_gb_srv,8.98952633667,s/GB
s2,bulk-up,GR,4,baseline-arm64-s2-bulk-up-gr-r4-20260924T111436Z,2026-09-24T11:26:16Z,cpu_s_per_gb_total,24.862065124,s/GB
s2,bulk-up,GR,4,baseline-arm64-s2-bulk-up-gr-r4-20260924T111436Z,2026-09-24T11:26:16Z,rss_kb_cli,29760,kB
s2,bulk-up,GR,4,baseline-arm64-s2-bulk-up-gr-r4-20260924T111436Z,2026-09-24T11:26:16Z,rss_kb_srv,6748,kB
s2,bulk-up,GR,4,baseline-arm64-s2-bulk-up-gr-r4-20260924T111436Z,2026-09-24T11:26:16Z,hwm_kb_cli,29760,kB
s2,bulk-up,GR,4,baseline-arm64-s2-bulk-up-gr-r4-20260924T111436Z,2026-09-24T11:26:16Z,hwm_kb_srv,6748,kB
s2,bulk-up,GR,4,baseline-arm64-s2-bulk-up-gr-r4-20260924T111436Z,2026-09-24T11:26:16Z,out_segs_cli,1134711,segments
s2,bulk-up,GR,4,baseline-arm64-s2-bulk-up-gr-r4-20260924T111436Z,2026-09-24T11:26:16Z,out_segs_srv,20816,segments
s2,bulk-up,GR,4,baseline-arm64-s2-bulk-up-gr-r4-20260924T111436Z,2026-09-24T11:26:16Z,retrans_pct_cli,0,% of OutSegs
s2,bulk-up,GR,4,baseline-arm64-s2-bulk-up-gr-r4-20260924T111436Z,2026-09-24T11:26:16Z,retrans_pct_srv,0,% of OutSegs
s2,bulk-up,GR,4,baseline-arm64-s2-bulk-up-gr-r4-20260924T111436Z,2026-09-24T11:26:16Z,retrans_segs_cli,0,segments
s2,bulk-up,GR,4,baseline-arm64-s2-bulk-up-gr-r4-20260924T111436Z,2026-09-24T11:26:16Z,retrans_segs_srv,0,segments
s2,bulk-up,GR,4,baseline-arm64-s2-bulk-up-gr-r4-20260924T111436Z,2026-09-24T11:26:16Z,fast_retrans_segs_cli,0,segments
s2,bulk-up,GR,4,baseline-arm64-s2-bulk-up-gr-r4-20260924T111436Z,2026-09-24T11:26:16Z,fast_retrans_segs_srv,0,segments
s2,bulk-up,GR,4,baseline-arm64-s2-bulk-up-gr-r4-20260924T111436Z,2026-09-24T11:26:16Z,early_retrans_segs_cli,0,segments
s2,bulk-up,GR,4,baseline-arm64-s2-bulk-up-gr-r4-20260924T111436Z,2026-09-24T11:26:16Z,early_retrans_segs_srv,0,segments
s2,bulk-up,GR,4,baseline-arm64-s2-bulk-up-gr-r4-20260924T111436Z,2026-09-24T11:26:16Z,lost_segs_cli,0,segments
s2,bulk-up,GR,4,baseline-arm64-s2-bulk-up-gr-r4-20260924T111436Z,2026-09-24T11:26:16Z,lost_segs_srv,0,segments
s2,bulk-up,GR,4,baseline-arm64-s2-bulk-up-gr-r4-20260924T111436Z,2026-09-24T11:26:16Z,repeat_segs_cli,0,segments
s2,bulk-up,GR,4,baseline-arm64-s2-bulk-up-gr-r4-20260924T111436Z,2026-09-24T11:26:16Z,repeat_segs_srv,0,segments
s2,bulk-up,RG,4,baseline-arm64-s2-bulk-up-rg-r4-20260924T111436Z,2026-09-24T11:27:03Z,goodput_mbit_s,562.421920015,Mbit/s
s2,bulk-up,RG,4,baseline-arm64-s2-bulk-up-rg-r4-20260924T111436Z,2026-09-24T11:27:03Z,tcp_retransmits,30,segments
s2,bulk-up,RG,4,baseline-arm64-s2-bulk-up-rg-r4-20260924T111436Z,2026-09-24T11:27:03Z,cpu_s_per_gb_cli,10.9417931074,s/GB
s2,bulk-up,RG,4,baseline-arm64-s2-bulk-up-rg-r4-20260924T111436Z,2026-09-24T11:27:03Z,cpu_s_per_gb_srv,12.5983478794,s/GB
s2,bulk-up,RG,4,baseline-arm64-s2-bulk-up-rg-r4-20260924T111436Z,2026-09-24T11:27:03Z,cpu_s_per_gb_total,23.5401409868,s/GB
s2,bulk-up,RG,4,baseline-arm64-s2-bulk-up-rg-r4-20260924T111436Z,2026-09-24T11:27:03Z,rss_kb_cli,5872,kB
s2,bulk-up,RG,4,baseline-arm64-s2-bulk-up-rg-r4-20260924T111436Z,2026-09-24T11:27:03Z,rss_kb_srv,30484,kB
s2,bulk-up,RG,4,baseline-arm64-s2-bulk-up-rg-r4-20260924T111436Z,2026-09-24T11:27:03Z,hwm_kb_cli,5872,kB
s2,bulk-up,RG,4,baseline-arm64-s2-bulk-up-rg-r4-20260924T111436Z,2026-09-24T11:27:03Z,hwm_kb_srv,31260,kB
s2,bulk-up,RG,4,baseline-arm64-s2-bulk-up-rg-r4-20260924T111436Z,2026-09-24T11:27:03Z,out_segs_cli,1203329,segments
s2,bulk-up,RG,4,baseline-arm64-s2-bulk-up-rg-r4-20260924T111436Z,2026-09-24T11:27:03Z,out_segs_srv,23980,segments
s2,bulk-up,RG,4,baseline-arm64-s2-bulk-up-rg-r4-20260924T111436Z,2026-09-24T11:27:03Z,retrans_pct_cli,0,% of OutSegs
s2,bulk-up,RG,4,baseline-arm64-s2-bulk-up-rg-r4-20260924T111436Z,2026-09-24T11:27:03Z,retrans_pct_srv,0,% of OutSegs
s2,bulk-up,RG,4,baseline-arm64-s2-bulk-up-rg-r4-20260924T111436Z,2026-09-24T11:27:03Z,retrans_segs_cli,0,segments
s2,bulk-up,RG,4,baseline-arm64-s2-bulk-up-rg-r4-20260924T111436Z,2026-09-24T11:27:03Z,retrans_segs_srv,0,segments
s2,bulk-up,RG,4,baseline-arm64-s2-bulk-up-rg-r4-20260924T111436Z,2026-09-24T11:27:03Z,fast_retrans_segs_cli,0,segments
s2,bulk-up,RG,4,baseline-arm64-s2-bulk-up-rg-r4-20260924T111436Z,2026-09-24T11:27:03Z,fast_retrans_segs_srv,0,segments
s2,bulk-up,RG,4,baseline-arm64-s2-bulk-up-rg-r4-20260924T111436Z,2026-09-24T11:27:03Z,early_retrans_segs_cli,0,segments
s2,bulk-up,RG,4,baseline-arm64-s2-bulk-up-rg-r4-20260924T111436Z,2026-09-24T11:27:03Z,early_retrans_segs_srv,0,segments
s2,bulk-up,RG,4,baseline-arm64-s2-bulk-up-rg-r4-20260924T111436Z,2026-09-24T11:27:03Z,lost_segs_cli,0,segments
s2,bulk-up,RG,4,baseline-arm64-s2-bulk-up-rg-r4-20260924T111436Z,2026-09-24T11:27:03Z,lost_segs_srv,0,segments
s2,bulk-up,RG,4,baseline-arm64-s2-bulk-up-rg-r4-20260924T111436Z,2026-09-24T11:27:03Z,repeat_segs_cli,0,segments
s2,bulk-up,RG,4,baseline-arm64-s2-bulk-up-rg-r4-20260924T111436Z,2026-09-24T11:27:03Z,repeat_segs_srv,0,segments
s2,bulk-up,GG,5,baseline-arm64-s2-bulk-up-gg-r5-20260924T111436Z,2026-09-24T11:27:51Z,goodput_mbit_s,316.452966748,Mbit/s
s2,bulk-up,GG,5,baseline-arm64-s2-bulk-up-gg-r5-20260924T111436Z,2026-09-24T11:27:51Z,tcp_retransmits,57,segments
s2,bulk-up,GG,5,baseline-arm64-s2-bulk-up-gg-r5-20260924T111436Z,2026-09-24T11:27:51Z,cpu_s_per_gb_cli,18.8049346737,s/GB
s2,bulk-up,GG,5,baseline-arm64-s2-bulk-up-gg-r5-20260924T111436Z,2026-09-24T11:27:51Z,cpu_s_per_gb_srv,19.4494586443,s/GB
s2,bulk-up,GG,5,baseline-arm64-s2-bulk-up-gg-r5-20260924T111436Z,2026-09-24T11:27:51Z,cpu_s_per_gb_total,38.254393318,s/GB
s2,bulk-up,GG,5,baseline-arm64-s2-bulk-up-gg-r5-20260924T111436Z,2026-09-24T11:27:51Z,rss_kb_cli,29412,kB
s2,bulk-up,GG,5,baseline-arm64-s2-bulk-up-gg-r5-20260924T111436Z,2026-09-24T11:27:51Z,rss_kb_srv,30116,kB
s2,bulk-up,GG,5,baseline-arm64-s2-bulk-up-gg-r5-20260924T111436Z,2026-09-24T11:27:51Z,hwm_kb_cli,29412,kB
s2,bulk-up,GG,5,baseline-arm64-s2-bulk-up-gg-r5-20260924T111436Z,2026-09-24T11:27:51Z,hwm_kb_srv,30684,kB
s2,bulk-up,GG,5,baseline-arm64-s2-bulk-up-gg-r5-20260924T111436Z,2026-09-24T11:27:51Z,out_segs_cli,775887,segments
s2,bulk-up,GG,5,baseline-arm64-s2-bulk-up-gg-r5-20260924T111436Z,2026-09-24T11:27:51Z,out_segs_srv,15821,segments
s2,bulk-up,GG,5,baseline-arm64-s2-bulk-up-gg-r5-20260924T111436Z,2026-09-24T11:27:51Z,retrans_pct_cli,0,% of OutSegs
s2,bulk-up,GG,5,baseline-arm64-s2-bulk-up-gg-r5-20260924T111436Z,2026-09-24T11:27:51Z,retrans_pct_srv,0,% of OutSegs
s2,bulk-up,GG,5,baseline-arm64-s2-bulk-up-gg-r5-20260924T111436Z,2026-09-24T11:27:51Z,retrans_segs_cli,0,segments
s2,bulk-up,GG,5,baseline-arm64-s2-bulk-up-gg-r5-20260924T111436Z,2026-09-24T11:27:51Z,retrans_segs_srv,0,segments
s2,bulk-up,GG,5,baseline-arm64-s2-bulk-up-gg-r5-20260924T111436Z,2026-09-24T11:27:51Z,fast_retrans_segs_cli,0,segments
s2,bulk-up,GG,5,baseline-arm64-s2-bulk-up-gg-r5-20260924T111436Z,2026-09-24T11:27:51Z,fast_retrans_segs_srv,0,segments
s2,bulk-up,GG,5,baseline-arm64-s2-bulk-up-gg-r5-20260924T111436Z,2026-09-24T11:27:51Z,early_retrans_segs_cli,0,segments
s2,bulk-up,GG,5,baseline-arm64-s2-bulk-up-gg-r5-20260924T111436Z,2026-09-24T11:27:51Z,early_retrans_segs_srv,0,segments
s2,bulk-up,GG,5,baseline-arm64-s2-bulk-up-gg-r5-20260924T111436Z,2026-09-24T11:27:51Z,lost_segs_cli,0,segments
s2,bulk-up,GG,5,baseline-arm64-s2-bulk-up-gg-r5-20260924T111436Z,2026-09-24T11:27:51Z,lost_segs_srv,0,segments
s2,bulk-up,GG,5,baseline-arm64-s2-bulk-up-gg-r5-20260924T111436Z,2026-09-24T11:27:51Z,repeat_segs_cli,0,segments
s2,bulk-up,GG,5,baseline-arm64-s2-bulk-up-gg-r5-20260924T111436Z,2026-09-24T11:27:51Z,repeat_segs_srv,0,segments
s2,bulk-up,RR,5,baseline-arm64-s2-bulk-up-rr-r5-20260924T111436Z,2026-09-24T11:28:38Z,goodput_mbit_s,706.197921557,Mbit/s
s2,bulk-up,RR,5,baseline-arm64-s2-bulk-up-rr-r5-20260924T111436Z,2026-09-24T11:28:38Z,tcp_retransmits,3,segments
s2,bulk-up,RR,5,baseline-arm64-s2-bulk-up-rr-r5-20260924T111436Z,2026-09-24T11:28:38Z,cpu_s_per_gb_cli,10.4096408199,s/GB
s2,bulk-up,RR,5,baseline-arm64-s2-bulk-up-rr-r5-20260924T111436Z,2026-09-24T11:28:38Z,cpu_s_per_gb_srv,7.27768686264,s/GB
s2,bulk-up,RR,5,baseline-arm64-s2-bulk-up-rr-r5-20260924T111436Z,2026-09-24T11:28:38Z,cpu_s_per_gb_total,17.6873276825,s/GB
s2,bulk-up,RR,5,baseline-arm64-s2-bulk-up-rr-r5-20260924T111436Z,2026-09-24T11:28:38Z,rss_kb_cli,5864,kB
s2,bulk-up,RR,5,baseline-arm64-s2-bulk-up-rr-r5-20260924T111436Z,2026-09-24T11:28:38Z,rss_kb_srv,6708,kB
s2,bulk-up,RR,5,baseline-arm64-s2-bulk-up-rr-r5-20260924T111436Z,2026-09-24T11:28:38Z,hwm_kb_cli,5864,kB
s2,bulk-up,RR,5,baseline-arm64-s2-bulk-up-rr-r5-20260924T111436Z,2026-09-24T11:28:38Z,hwm_kb_srv,6708,kB
s2,bulk-up,RR,5,baseline-arm64-s2-bulk-up-rr-r5-20260924T111436Z,2026-09-24T11:28:38Z,out_segs_cli,1523775,segments
s2,bulk-up,RR,5,baseline-arm64-s2-bulk-up-rr-r5-20260924T111436Z,2026-09-24T11:28:38Z,out_segs_srv,28783,segments
s2,bulk-up,RR,5,baseline-arm64-s2-bulk-up-rr-r5-20260924T111436Z,2026-09-24T11:28:38Z,retrans_pct_cli,0,% of OutSegs
s2,bulk-up,RR,5,baseline-arm64-s2-bulk-up-rr-r5-20260924T111436Z,2026-09-24T11:28:38Z,retrans_pct_srv,0,% of OutSegs
s2,bulk-up,RR,5,baseline-arm64-s2-bulk-up-rr-r5-20260924T111436Z,2026-09-24T11:28:38Z,retrans_segs_cli,0,segments
s2,bulk-up,RR,5,baseline-arm64-s2-bulk-up-rr-r5-20260924T111436Z,2026-09-24T11:28:38Z,retrans_segs_srv,0,segments
s2,bulk-up,RR,5,baseline-arm64-s2-bulk-up-rr-r5-20260924T111436Z,2026-09-24T11:28:38Z,fast_retrans_segs_cli,0,segments
s2,bulk-up,RR,5,baseline-arm64-s2-bulk-up-rr-r5-20260924T111436Z,2026-09-24T11:28:38Z,fast_retrans_segs_srv,0,segments
s2,bulk-up,RR,5,baseline-arm64-s2-bulk-up-rr-r5-20260924T111436Z,2026-09-24T11:28:38Z,early_retrans_segs_cli,0,segments
s2,bulk-up,RR,5,baseline-arm64-s2-bulk-up-rr-r5-20260924T111436Z,2026-09-24T11:28:38Z,early_retrans_segs_srv,0,segments
s2,bulk-up,RR,5,baseline-arm64-s2-bulk-up-rr-r5-20260924T111436Z,2026-09-24T11:28:38Z,lost_segs_cli,0,segments
s2,bulk-up,RR,5,baseline-arm64-s2-bulk-up-rr-r5-20260924T111436Z,2026-09-24T11:28:38Z,lost_segs_srv,0,segments
s2,bulk-up,RR,5,baseline-arm64-s2-bulk-up-rr-r5-20260924T111436Z,2026-09-24T11:28:38Z,repeat_segs_cli,0,segments
s2,bulk-up,RR,5,baseline-arm64-s2-bulk-up-rr-r5-20260924T111436Z,2026-09-24T11:28:38Z,repeat_segs_srv,0,segments
s2,bulk-up,GR,5,baseline-arm64-s2-bulk-up-gr-r5-20260924T111436Z,2026-09-24T11:29:26Z,goodput_mbit_s,436.683699042,Mbit/s
s2,bulk-up,GR,5,baseline-arm64-s2-bulk-up-gr-r5-20260924T111436Z,2026-09-24T11:29:26Z,tcp_retransmits,8,segments
s2,bulk-up,GR,5,baseline-arm64-s2-bulk-up-gr-r5-20260924T111436Z,2026-09-24T11:29:26Z,cpu_s_per_gb_cli,16.3925293613,s/GB
s2,bulk-up,GR,5,baseline-arm64-s2-bulk-up-gr-r5-20260924T111436Z,2026-09-24T11:29:26Z,cpu_s_per_gb_srv,9.32267870941,s/GB
s2,bulk-up,GR,5,baseline-arm64-s2-bulk-up-gr-r5-20260924T111436Z,2026-09-24T11:29:26Z,cpu_s_per_gb_total,25.7152080708,s/GB
s2,bulk-up,GR,5,baseline-arm64-s2-bulk-up-gr-r5-20260924T111436Z,2026-09-24T11:29:26Z,rss_kb_cli,29472,kB
s2,bulk-up,GR,5,baseline-arm64-s2-bulk-up-gr-r5-20260924T111436Z,2026-09-24T11:29:26Z,rss_kb_srv,6960,kB
s2,bulk-up,GR,5,baseline-arm64-s2-bulk-up-gr-r5-20260924T111436Z,2026-09-24T11:29:26Z,hwm_kb_cli,29472,kB
s2,bulk-up,GR,5,baseline-arm64-s2-bulk-up-gr-r5-20260924T111436Z,2026-09-24T11:29:26Z,hwm_kb_srv,6960,kB
s2,bulk-up,GR,5,baseline-arm64-s2-bulk-up-gr-r5-20260924T111436Z,2026-09-24T11:29:26Z,out_segs_cli,1039251,segments
s2,bulk-up,GR,5,baseline-arm64-s2-bulk-up-gr-r5-20260924T111436Z,2026-09-24T11:29:26Z,out_segs_srv,19520,segments
s2,bulk-up,GR,5,baseline-arm64-s2-bulk-up-gr-r5-20260924T111436Z,2026-09-24T11:29:26Z,retrans_pct_cli,0,% of OutSegs
s2,bulk-up,GR,5,baseline-arm64-s2-bulk-up-gr-r5-20260924T111436Z,2026-09-24T11:29:26Z,retrans_pct_srv,0,% of OutSegs
s2,bulk-up,GR,5,baseline-arm64-s2-bulk-up-gr-r5-20260924T111436Z,2026-09-24T11:29:26Z,retrans_segs_cli,0,segments
s2,bulk-up,GR,5,baseline-arm64-s2-bulk-up-gr-r5-20260924T111436Z,2026-09-24T11:29:26Z,retrans_segs_srv,0,segments
s2,bulk-up,GR,5,baseline-arm64-s2-bulk-up-gr-r5-20260924T111436Z,2026-09-24T11:29:26Z,fast_retrans_segs_cli,0,segments
s2,bulk-up,GR,5,baseline-arm64-s2-bulk-up-gr-r5-20260924T111436Z,2026-09-24T11:29:26Z,fast_retrans_segs_srv,0,segments
s2,bulk-up,GR,5,baseline-arm64-s2-bulk-up-gr-r5-20260924T111436Z,2026-09-24T11:29:26Z,early_retrans_segs_cli,0,segments
s2,bulk-up,GR,5,baseline-arm64-s2-bulk-up-gr-r5-20260924T111436Z,2026-09-24T11:29:26Z,early_retrans_segs_srv,0,segments
s2,bulk-up,GR,5,baseline-arm64-s2-bulk-up-gr-r5-20260924T111436Z,2026-09-24T11:29:26Z,lost_segs_cli,0,segments
s2,bulk-up,GR,5,baseline-arm64-s2-bulk-up-gr-r5-20260924T111436Z,2026-09-24T11:29:26Z,lost_segs_srv,0,segments
s2,bulk-up,GR,5,baseline-arm64-s2-bulk-up-gr-r5-20260924T111436Z,2026-09-24T11:29:26Z,repeat_segs_cli,0,segments
s2,bulk-up,GR,5,baseline-arm64-s2-bulk-up-gr-r5-20260924T111436Z,2026-09-24T11:29:26Z,repeat_segs_srv,0,segments
s2,bulk-up,RG,5,baseline-arm64-s2-bulk-up-rg-r5-20260924T111436Z,2026-09-24T11:30:14Z,goodput_mbit_s,544.930240594,Mbit/s
s2,bulk-up,RG,5,baseline-arm64-s2-bulk-up-rg-r5-20260924T111436Z,2026-09-24T11:30:14Z,tcp_retransmits,31,segments
s2,bulk-up,RG,5,baseline-arm64-s2-bulk-up-rg-r5-20260924T111436Z,2026-09-24T11:30:14Z,cpu_s_per_gb_cli,11.3174856827,s/GB
s2,bulk-up,RG,5,baseline-arm64-s2-bulk-up-rg-r5-20260924T111436Z,2026-09-24T11:30:14Z,cpu_s_per_gb_srv,12.9174933862,s/GB
s2,bulk-up,RG,5,baseline-arm64-s2-bulk-up-rg-r5-20260924T111436Z,2026-09-24T11:30:14Z,cpu_s_per_gb_total,24.234979069,s/GB
s2,bulk-up,RG,5,baseline-arm64-s2-bulk-up-rg-r5-20260924T111436Z,2026-09-24T11:30:14Z,rss_kb_cli,5860,kB
s2,bulk-up,RG,5,baseline-arm64-s2-bulk-up-rg-r5-20260924T111436Z,2026-09-24T11:30:14Z,rss_kb_srv,30872,kB
s2,bulk-up,RG,5,baseline-arm64-s2-bulk-up-rg-r5-20260924T111436Z,2026-09-24T11:30:14Z,hwm_kb_cli,5860,kB
s2,bulk-up,RG,5,baseline-arm64-s2-bulk-up-rg-r5-20260924T111436Z,2026-09-24T11:30:14Z,hwm_kb_srv,31832,kB
s2,bulk-up,RG,5,baseline-arm64-s2-bulk-up-rg-r5-20260924T111436Z,2026-09-24T11:30:14Z,out_segs_cli,1183884,segments
s2,bulk-up,RG,5,baseline-arm64-s2-bulk-up-rg-r5-20260924T111436Z,2026-09-24T11:30:14Z,out_segs_srv,24040,segments
s2,bulk-up,RG,5,baseline-arm64-s2-bulk-up-rg-r5-20260924T111436Z,2026-09-24T11:30:14Z,retrans_pct_cli,0,% of OutSegs
s2,bulk-up,RG,5,baseline-arm64-s2-bulk-up-rg-r5-20260924T111436Z,2026-09-24T11:30:14Z,retrans_pct_srv,0,% of OutSegs
s2,bulk-up,RG,5,baseline-arm64-s2-bulk-up-rg-r5-20260924T111436Z,2026-09-24T11:30:14Z,retrans_segs_cli,0,segments
s2,bulk-up,RG,5,baseline-arm64-s2-bulk-up-rg-r5-20260924T111436Z,2026-09-24T11:30:14Z,retrans_segs_srv,0,segments
s2,bulk-up,RG,5,baseline-arm64-s2-bulk-up-rg-r5-20260924T111436Z,2026-09-24T11:30:14Z,fast_retrans_segs_cli,0,segments
s2,bulk-up,RG,5,baseline-arm64-s2-bulk-up-rg-r5-20260924T111436Z,2026-09-24T11:30:14Z,fast_retrans_segs_srv,0,segments
s2,bulk-up,RG,5,baseline-arm64-s2-bulk-up-rg-r5-20260924T111436Z,2026-09-24T11:30:14Z,early_retrans_segs_cli,0,segments
s2,bulk-up,RG,5,baseline-arm64-s2-bulk-up-rg-r5-20260924T111436Z,2026-09-24T11:30:14Z,early_retrans_segs_srv,0,segments
s2,bulk-up,RG,5,baseline-arm64-s2-bulk-up-rg-r5-20260924T111436Z,2026-09-24T11:30:14Z,lost_segs_cli,0,segments
s2,bulk-up,RG,5,baseline-arm64-s2-bulk-up-rg-r5-20260924T111436Z,2026-09-24T11:30:14Z,lost_segs_srv,0,segments
s2,bulk-up,RG,5,baseline-arm64-s2-bulk-up-rg-r5-20260924T111436Z,2026-09-24T11:30:14Z,repeat_segs_cli,0,segments
s2,bulk-up,RG,5,baseline-arm64-s2-bulk-up-rg-r5-20260924T111436Z,2026-09-24T11:30:14Z,repeat_segs_srv,0,segments
s2,bulk-down,GG,1,baseline-arm64-s2-bulk-down-gg-r1-20260924T113146Z,2026-09-24T11:32:19Z,goodput_mbit_s,300.111514568,Mbit/s
s2,bulk-down,GG,1,baseline-arm64-s2-bulk-down-gg-r1-20260924T113146Z,2026-09-24T11:32:19Z,tcp_retransmits,92,segments
s2,bulk-down,GG,1,baseline-arm64-s2-bulk-down-gg-r1-20260924T113146Z,2026-09-24T11:32:19Z,cpu_s_per_gb_cli,19.7799117477,s/GB
s2,bulk-down,GG,1,baseline-arm64-s2-bulk-down-gg-r1-20260924T113146Z,2026-09-24T11:32:19Z,cpu_s_per_gb_srv,19.6332951512,s/GB
s2,bulk-down,GG,1,baseline-arm64-s2-bulk-down-gg-r1-20260924T113146Z,2026-09-24T11:32:19Z,cpu_s_per_gb_total,39.4132068989,s/GB
s2,bulk-down,GG,1,baseline-arm64-s2-bulk-down-gg-r1-20260924T113146Z,2026-09-24T11:32:19Z,rss_kb_cli,30116,kB
s2,bulk-down,GG,1,baseline-arm64-s2-bulk-down-gg-r1-20260924T113146Z,2026-09-24T11:32:19Z,rss_kb_srv,29728,kB
s2,bulk-down,GG,1,baseline-arm64-s2-bulk-down-gg-r1-20260924T113146Z,2026-09-24T11:32:19Z,hwm_kb_cli,30800,kB
s2,bulk-down,GG,1,baseline-arm64-s2-bulk-down-gg-r1-20260924T113146Z,2026-09-24T11:32:19Z,hwm_kb_srv,29728,kB
s2,bulk-down,GG,1,baseline-arm64-s2-bulk-down-gg-r1-20260924T113146Z,2026-09-24T11:32:19Z,out_segs_cli,16360,segments
s2,bulk-down,GG,1,baseline-arm64-s2-bulk-down-gg-r1-20260924T113146Z,2026-09-24T11:32:19Z,out_segs_srv,676493,segments
s2,bulk-down,GG,1,baseline-arm64-s2-bulk-down-gg-r1-20260924T113146Z,2026-09-24T11:32:19Z,retrans_pct_cli,0,% of OutSegs
s2,bulk-down,GG,1,baseline-arm64-s2-bulk-down-gg-r1-20260924T113146Z,2026-09-24T11:32:19Z,retrans_pct_srv,0,% of OutSegs
s2,bulk-down,GG,1,baseline-arm64-s2-bulk-down-gg-r1-20260924T113146Z,2026-09-24T11:32:19Z,retrans_segs_cli,0,segments
s2,bulk-down,GG,1,baseline-arm64-s2-bulk-down-gg-r1-20260924T113146Z,2026-09-24T11:32:19Z,retrans_segs_srv,0,segments
s2,bulk-down,GG,1,baseline-arm64-s2-bulk-down-gg-r1-20260924T113146Z,2026-09-24T11:32:19Z,fast_retrans_segs_cli,0,segments
s2,bulk-down,GG,1,baseline-arm64-s2-bulk-down-gg-r1-20260924T113146Z,2026-09-24T11:32:19Z,fast_retrans_segs_srv,0,segments
s2,bulk-down,GG,1,baseline-arm64-s2-bulk-down-gg-r1-20260924T113146Z,2026-09-24T11:32:19Z,early_retrans_segs_cli,0,segments
s2,bulk-down,GG,1,baseline-arm64-s2-bulk-down-gg-r1-20260924T113146Z,2026-09-24T11:32:19Z,early_retrans_segs_srv,0,segments
s2,bulk-down,GG,1,baseline-arm64-s2-bulk-down-gg-r1-20260924T113146Z,2026-09-24T11:32:19Z,lost_segs_cli,0,segments
s2,bulk-down,GG,1,baseline-arm64-s2-bulk-down-gg-r1-20260924T113146Z,2026-09-24T11:32:19Z,lost_segs_srv,0,segments
s2,bulk-down,GG,1,baseline-arm64-s2-bulk-down-gg-r1-20260924T113146Z,2026-09-24T11:32:19Z,repeat_segs_cli,0,segments
s2,bulk-down,GG,1,baseline-arm64-s2-bulk-down-gg-r1-20260924T113146Z,2026-09-24T11:32:19Z,repeat_segs_srv,0,segments
s2,bulk-down,RR,1,baseline-arm64-s2-bulk-down-rr-r1-20260924T113146Z,2026-09-24T11:33:07Z,goodput_mbit_s,705.063736262,Mbit/s
s2,bulk-down,RR,1,baseline-arm64-s2-bulk-down-rr-r1-20260924T113146Z,2026-09-24T11:33:07Z,tcp_retransmits,3,segments
s2,bulk-down,RR,1,baseline-arm64-s2-bulk-down-rr-r1-20260924T113146Z,2026-09-24T11:33:07Z,cpu_s_per_gb_cli,7.08022336035,s/GB
s2,bulk-down,RR,1,baseline-arm64-s2-bulk-down-rr-r1-20260924T113146Z,2026-09-24T11:33:07Z,cpu_s_per_gb_srv,10.4331175959,s/GB
s2,bulk-down,RR,1,baseline-arm64-s2-bulk-down-rr-r1-20260924T113146Z,2026-09-24T11:33:07Z,cpu_s_per_gb_total,17.5133409563,s/GB
s2,bulk-down,RR,1,baseline-arm64-s2-bulk-down-rr-r1-20260924T113146Z,2026-09-24T11:33:07Z,rss_kb_cli,6664,kB
s2,bulk-down,RR,1,baseline-arm64-s2-bulk-down-rr-r1-20260924T113146Z,2026-09-24T11:33:07Z,rss_kb_srv,5596,kB
s2,bulk-down,RR,1,baseline-arm64-s2-bulk-down-rr-r1-20260924T113146Z,2026-09-24T11:33:07Z,hwm_kb_cli,6664,kB
s2,bulk-down,RR,1,baseline-arm64-s2-bulk-down-rr-r1-20260924T113146Z,2026-09-24T11:33:07Z,hwm_kb_srv,5596,kB
s2,bulk-down,RR,1,baseline-arm64-s2-bulk-down-rr-r1-20260924T113146Z,2026-09-24T11:33:07Z,out_segs_cli,31483,segments
s2,bulk-down,RR,1,baseline-arm64-s2-bulk-down-rr-r1-20260924T113146Z,2026-09-24T11:33:07Z,out_segs_srv,1393022,segments
s2,bulk-down,RR,1,baseline-arm64-s2-bulk-down-rr-r1-20260924T113146Z,2026-09-24T11:33:07Z,retrans_pct_cli,0,% of OutSegs
s2,bulk-down,RR,1,baseline-arm64-s2-bulk-down-rr-r1-20260924T113146Z,2026-09-24T11:33:07Z,retrans_pct_srv,0,% of OutSegs
s2,bulk-down,RR,1,baseline-arm64-s2-bulk-down-rr-r1-20260924T113146Z,2026-09-24T11:33:07Z,retrans_segs_cli,0,segments
s2,bulk-down,RR,1,baseline-arm64-s2-bulk-down-rr-r1-20260924T113146Z,2026-09-24T11:33:07Z,retrans_segs_srv,0,segments
s2,bulk-down,RR,1,baseline-arm64-s2-bulk-down-rr-r1-20260924T113146Z,2026-09-24T11:33:07Z,fast_retrans_segs_cli,0,segments
s2,bulk-down,RR,1,baseline-arm64-s2-bulk-down-rr-r1-20260924T113146Z,2026-09-24T11:33:07Z,fast_retrans_segs_srv,0,segments
s2,bulk-down,RR,1,baseline-arm64-s2-bulk-down-rr-r1-20260924T113146Z,2026-09-24T11:33:07Z,early_retrans_segs_cli,0,segments
s2,bulk-down,RR,1,baseline-arm64-s2-bulk-down-rr-r1-20260924T113146Z,2026-09-24T11:33:07Z,early_retrans_segs_srv,0,segments
s2,bulk-down,RR,1,baseline-arm64-s2-bulk-down-rr-r1-20260924T113146Z,2026-09-24T11:33:07Z,lost_segs_cli,0,segments
s2,bulk-down,RR,1,baseline-arm64-s2-bulk-down-rr-r1-20260924T113146Z,2026-09-24T11:33:07Z,lost_segs_srv,0,segments
s2,bulk-down,RR,1,baseline-arm64-s2-bulk-down-rr-r1-20260924T113146Z,2026-09-24T11:33:07Z,repeat_segs_cli,0,segments
s2,bulk-down,RR,1,baseline-arm64-s2-bulk-down-rr-r1-20260924T113146Z,2026-09-24T11:33:07Z,repeat_segs_srv,0,segments
s2,bulk-down,GR,1,baseline-arm64-s2-bulk-down-gr-r1-20260924T113146Z,2026-09-24T11:33:54Z,goodput_mbit_s,549.977809512,Mbit/s
s2,bulk-down,GR,1,baseline-arm64-s2-bulk-down-gr-r1-20260924T113146Z,2026-09-24T11:33:54Z,tcp_retransmits,39,segments
s2,bulk-down,GR,1,baseline-arm64-s2-bulk-down-gr-r1-20260924T113146Z,2026-09-24T11:33:54Z,cpu_s_per_gb_cli,12.6259570126,s/GB
s2,bulk-down,GR,1,baseline-arm64-s2-bulk-down-gr-r1-20260924T113146Z,2026-09-24T11:33:54Z,cpu_s_per_gb_srv,11.2877219376,s/GB
s2,bulk-down,GR,1,baseline-arm64-s2-bulk-down-gr-r1-20260924T113146Z,2026-09-24T11:33:54Z,cpu_s_per_gb_total,23.9136789502,s/GB
s2,bulk-down,GR,1,baseline-arm64-s2-bulk-down-gr-r1-20260924T113146Z,2026-09-24T11:33:54Z,rss_kb_cli,30288,kB
s2,bulk-down,GR,1,baseline-arm64-s2-bulk-down-gr-r1-20260924T113146Z,2026-09-24T11:33:54Z,rss_kb_srv,5632,kB
s2,bulk-down,GR,1,baseline-arm64-s2-bulk-down-gr-r1-20260924T113146Z,2026-09-24T11:33:54Z,hwm_kb_cli,31420,kB
s2,bulk-down,GR,1,baseline-arm64-s2-bulk-down-gr-r1-20260924T113146Z,2026-09-24T11:33:54Z,hwm_kb_srv,5632,kB
s2,bulk-down,GR,1,baseline-arm64-s2-bulk-down-gr-r1-20260924T113146Z,2026-09-24T11:33:54Z,out_segs_cli,26140,segments
s2,bulk-down,GR,1,baseline-arm64-s2-bulk-down-gr-r1-20260924T113146Z,2026-09-24T11:33:54Z,out_segs_srv,1068136,segments
s2,bulk-down,GR,1,baseline-arm64-s2-bulk-down-gr-r1-20260924T113146Z,2026-09-24T11:33:54Z,retrans_pct_cli,0,% of OutSegs
s2,bulk-down,GR,1,baseline-arm64-s2-bulk-down-gr-r1-20260924T113146Z,2026-09-24T11:33:54Z,retrans_pct_srv,0,% of OutSegs
s2,bulk-down,GR,1,baseline-arm64-s2-bulk-down-gr-r1-20260924T113146Z,2026-09-24T11:33:54Z,retrans_segs_cli,0,segments
s2,bulk-down,GR,1,baseline-arm64-s2-bulk-down-gr-r1-20260924T113146Z,2026-09-24T11:33:54Z,retrans_segs_srv,0,segments
s2,bulk-down,GR,1,baseline-arm64-s2-bulk-down-gr-r1-20260924T113146Z,2026-09-24T11:33:54Z,fast_retrans_segs_cli,0,segments
s2,bulk-down,GR,1,baseline-arm64-s2-bulk-down-gr-r1-20260924T113146Z,2026-09-24T11:33:54Z,fast_retrans_segs_srv,0,segments
s2,bulk-down,GR,1,baseline-arm64-s2-bulk-down-gr-r1-20260924T113146Z,2026-09-24T11:33:54Z,early_retrans_segs_cli,0,segments
s2,bulk-down,GR,1,baseline-arm64-s2-bulk-down-gr-r1-20260924T113146Z,2026-09-24T11:33:54Z,early_retrans_segs_srv,0,segments
s2,bulk-down,GR,1,baseline-arm64-s2-bulk-down-gr-r1-20260924T113146Z,2026-09-24T11:33:54Z,lost_segs_cli,0,segments
s2,bulk-down,GR,1,baseline-arm64-s2-bulk-down-gr-r1-20260924T113146Z,2026-09-24T11:33:54Z,lost_segs_srv,0,segments
s2,bulk-down,GR,1,baseline-arm64-s2-bulk-down-gr-r1-20260924T113146Z,2026-09-24T11:33:54Z,repeat_segs_cli,0,segments
s2,bulk-down,GR,1,baseline-arm64-s2-bulk-down-gr-r1-20260924T113146Z,2026-09-24T11:33:54Z,repeat_segs_srv,0,segments
s2,bulk-down,RG,1,baseline-arm64-s2-bulk-down-rg-r1-20260924T113146Z,2026-09-24T11:34:42Z,goodput_mbit_s,450.578987256,Mbit/s
s2,bulk-down,RG,1,baseline-arm64-s2-bulk-down-rg-r1-20260924T113146Z,2026-09-24T11:34:42Z,tcp_retransmits,10,segments
s2,bulk-down,RG,1,baseline-arm64-s2-bulk-down-rg-r1-20260924T113146Z,2026-09-24T11:34:42Z,cpu_s_per_gb_cli,9.16166529701,s/GB
s2,bulk-down,RG,1,baseline-arm64-s2-bulk-down-rg-r1-20260924T113146Z,2026-09-24T11:34:42Z,cpu_s_per_gb_srv,16.308119332,s/GB
s2,bulk-down,RG,1,baseline-arm64-s2-bulk-down-rg-r1-20260924T113146Z,2026-09-24T11:34:42Z,cpu_s_per_gb_total,25.469784629,s/GB
s2,bulk-down,RG,1,baseline-arm64-s2-bulk-down-rg-r1-20260924T113146Z,2026-09-24T11:34:42Z,rss_kb_cli,6532,kB
s2,bulk-down,RG,1,baseline-arm64-s2-bulk-down-rg-r1-20260924T113146Z,2026-09-24T11:34:42Z,rss_kb_srv,29432,kB
s2,bulk-down,RG,1,baseline-arm64-s2-bulk-down-rg-r1-20260924T113146Z,2026-09-24T11:34:42Z,hwm_kb_cli,6532,kB
s2,bulk-down,RG,1,baseline-arm64-s2-bulk-down-rg-r1-20260924T113146Z,2026-09-24T11:34:42Z,hwm_kb_srv,29432,kB
s2,bulk-down,RG,1,baseline-arm64-s2-bulk-down-rg-r1-20260924T113146Z,2026-09-24T11:34:42Z,out_segs_cli,22647,segments
s2,bulk-down,RG,1,baseline-arm64-s2-bulk-down-rg-r1-20260924T113146Z,2026-09-24T11:34:42Z,out_segs_srv,1013269,segments
s2,bulk-down,RG,1,baseline-arm64-s2-bulk-down-rg-r1-20260924T113146Z,2026-09-24T11:34:42Z,retrans_pct_cli,0,% of OutSegs
s2,bulk-down,RG,1,baseline-arm64-s2-bulk-down-rg-r1-20260924T113146Z,2026-09-24T11:34:42Z,retrans_pct_srv,0,% of OutSegs
s2,bulk-down,RG,1,baseline-arm64-s2-bulk-down-rg-r1-20260924T113146Z,2026-09-24T11:34:42Z,retrans_segs_cli,0,segments
s2,bulk-down,RG,1,baseline-arm64-s2-bulk-down-rg-r1-20260924T113146Z,2026-09-24T11:34:42Z,retrans_segs_srv,0,segments
s2,bulk-down,RG,1,baseline-arm64-s2-bulk-down-rg-r1-20260924T113146Z,2026-09-24T11:34:42Z,fast_retrans_segs_cli,0,segments
s2,bulk-down,RG,1,baseline-arm64-s2-bulk-down-rg-r1-20260924T113146Z,2026-09-24T11:34:42Z,fast_retrans_segs_srv,0,segments
s2,bulk-down,RG,1,baseline-arm64-s2-bulk-down-rg-r1-20260924T113146Z,2026-09-24T11:34:42Z,early_retrans_segs_cli,0,segments
s2,bulk-down,RG,1,baseline-arm64-s2-bulk-down-rg-r1-20260924T113146Z,2026-09-24T11:34:42Z,early_retrans_segs_srv,0,segments
s2,bulk-down,RG,1,baseline-arm64-s2-bulk-down-rg-r1-20260924T113146Z,2026-09-24T11:34:42Z,lost_segs_cli,0,segments
s2,bulk-down,RG,1,baseline-arm64-s2-bulk-down-rg-r1-20260924T113146Z,2026-09-24T11:34:42Z,lost_segs_srv,0,segments
s2,bulk-down,RG,1,baseline-arm64-s2-bulk-down-rg-r1-20260924T113146Z,2026-09-24T11:34:42Z,repeat_segs_cli,0,segments
s2,bulk-down,RG,1,baseline-arm64-s2-bulk-down-rg-r1-20260924T113146Z,2026-09-24T11:34:42Z,repeat_segs_srv,0,segments
s2,bulk-down,GG,2,baseline-arm64-s2-bulk-down-gg-r2-20260924T113146Z,2026-09-24T11:35:29Z,goodput_mbit_s,302.049233727,Mbit/s
s2,bulk-down,GG,2,baseline-arm64-s2-bulk-down-gg-r2-20260924T113146Z,2026-09-24T11:35:29Z,tcp_retransmits,89,segments
s2,bulk-down,GG,2,baseline-arm64-s2-bulk-down-gg-r2-20260924T113146Z,2026-09-24T11:35:29Z,cpu_s_per_gb_cli,19.7323344065,s/GB
s2,bulk-down,GG,2,baseline-arm64-s2-bulk-down-gg-r2-20260924T113146Z,2026-09-24T11:35:29Z,cpu_s_per_gb_srv,19.5336867447,s/GB
s2,bulk-down,GG,2,baseline-arm64-s2-bulk-down-gg-r2-20260924T113146Z,2026-09-24T11:35:29Z,cpu_s_per_gb_total,39.2660211511,s/GB
s2,bulk-down,GG,2,baseline-arm64-s2-bulk-down-gg-r2-20260924T113146Z,2026-09-24T11:35:29Z,rss_kb_cli,30040,kB
s2,bulk-down,GG,2,baseline-arm64-s2-bulk-down-gg-r2-20260924T113146Z,2026-09-24T11:35:29Z,rss_kb_srv,29604,kB
s2,bulk-down,GG,2,baseline-arm64-s2-bulk-down-gg-r2-20260924T113146Z,2026-09-24T11:35:29Z,hwm_kb_cli,31104,kB
s2,bulk-down,GG,2,baseline-arm64-s2-bulk-down-gg-r2-20260924T113146Z,2026-09-24T11:35:29Z,hwm_kb_srv,29604,kB
s2,bulk-down,GG,2,baseline-arm64-s2-bulk-down-gg-r2-20260924T113146Z,2026-09-24T11:35:29Z,out_segs_cli,16343,segments
s2,bulk-down,GG,2,baseline-arm64-s2-bulk-down-gg-r2-20260924T113146Z,2026-09-24T11:35:29Z,out_segs_srv,671173,segments
s2,bulk-down,GG,2,baseline-arm64-s2-bulk-down-gg-r2-20260924T113146Z,2026-09-24T11:35:29Z,retrans_pct_cli,0,% of OutSegs
s2,bulk-down,GG,2,baseline-arm64-s2-bulk-down-gg-r2-20260924T113146Z,2026-09-24T11:35:29Z,retrans_pct_srv,0,% of OutSegs
s2,bulk-down,GG,2,baseline-arm64-s2-bulk-down-gg-r2-20260924T113146Z,2026-09-24T11:35:29Z,retrans_segs_cli,0,segments
s2,bulk-down,GG,2,baseline-arm64-s2-bulk-down-gg-r2-20260924T113146Z,2026-09-24T11:35:29Z,retrans_segs_srv,0,segments
s2,bulk-down,GG,2,baseline-arm64-s2-bulk-down-gg-r2-20260924T113146Z,2026-09-24T11:35:29Z,fast_retrans_segs_cli,0,segments
s2,bulk-down,GG,2,baseline-arm64-s2-bulk-down-gg-r2-20260924T113146Z,2026-09-24T11:35:29Z,fast_retrans_segs_srv,0,segments
s2,bulk-down,GG,2,baseline-arm64-s2-bulk-down-gg-r2-20260924T113146Z,2026-09-24T11:35:29Z,early_retrans_segs_cli,0,segments
s2,bulk-down,GG,2,baseline-arm64-s2-bulk-down-gg-r2-20260924T113146Z,2026-09-24T11:35:29Z,early_retrans_segs_srv,0,segments
s2,bulk-down,GG,2,baseline-arm64-s2-bulk-down-gg-r2-20260924T113146Z,2026-09-24T11:35:29Z,lost_segs_cli,0,segments
s2,bulk-down,GG,2,baseline-arm64-s2-bulk-down-gg-r2-20260924T113146Z,2026-09-24T11:35:29Z,lost_segs_srv,0,segments
s2,bulk-down,GG,2,baseline-arm64-s2-bulk-down-gg-r2-20260924T113146Z,2026-09-24T11:35:29Z,repeat_segs_cli,0,segments
s2,bulk-down,GG,2,baseline-arm64-s2-bulk-down-gg-r2-20260924T113146Z,2026-09-24T11:35:29Z,repeat_segs_srv,0,segments
s2,bulk-down,RR,2,baseline-arm64-s2-bulk-down-rr-r2-20260924T113146Z,2026-09-24T11:36:16Z,goodput_mbit_s,696.329419057,Mbit/s
s2,bulk-down,RR,2,baseline-arm64-s2-bulk-down-rr-r2-20260924T113146Z,2026-09-24T11:36:16Z,tcp_retransmits,5,segments
s2,bulk-down,RR,2,baseline-arm64-s2-bulk-down-rr-r2-20260924T113146Z,2026-09-24T11:36:16Z,cpu_s_per_gb_cli,7.1290404437,s/GB
s2,bulk-down,RR,2,baseline-arm64-s2-bulk-down-rr-r2-20260924T113146Z,2026-09-24T11:36:16Z,cpu_s_per_gb_srv,10.5011167857,s/GB
s2,bulk-down,RR,2,baseline-arm64-s2-bulk-down-rr-r2-20260924T113146Z,2026-09-24T11:36:16Z,cpu_s_per_gb_total,17.6301572294,s/GB
s2,bulk-down,RR,2,baseline-arm64-s2-bulk-down-rr-r2-20260924T113146Z,2026-09-24T11:36:16Z,rss_kb_cli,6512,kB
s2,bulk-down,RR,2,baseline-arm64-s2-bulk-down-rr-r2-20260924T113146Z,2026-09-24T11:36:16Z,rss_kb_srv,5612,kB
s2,bulk-down,RR,2,baseline-arm64-s2-bulk-down-rr-r2-20260924T113146Z,2026-09-24T11:36:16Z,hwm_kb_cli,6752,kB
s2,bulk-down,RR,2,baseline-arm64-s2-bulk-down-rr-r2-20260924T113146Z,2026-09-24T11:36:16Z,hwm_kb_srv,5612,kB
s2,bulk-down,RR,2,baseline-arm64-s2-bulk-down-rr-r2-20260924T113146Z,2026-09-24T11:36:16Z,out_segs_cli,30904,segments
s2,bulk-down,RR,2,baseline-arm64-s2-bulk-down-rr-r2-20260924T113146Z,2026-09-24T11:36:16Z,out_segs_srv,1375638,segments
s2,bulk-down,RR,2,baseline-arm64-s2-bulk-down-rr-r2-20260924T113146Z,2026-09-24T11:36:16Z,retrans_pct_cli,0,% of OutSegs
s2,bulk-down,RR,2,baseline-arm64-s2-bulk-down-rr-r2-20260924T113146Z,2026-09-24T11:36:16Z,retrans_pct_srv,0,% of OutSegs
s2,bulk-down,RR,2,baseline-arm64-s2-bulk-down-rr-r2-20260924T113146Z,2026-09-24T11:36:16Z,retrans_segs_cli,0,segments
s2,bulk-down,RR,2,baseline-arm64-s2-bulk-down-rr-r2-20260924T113146Z,2026-09-24T11:36:16Z,retrans_segs_srv,0,segments
s2,bulk-down,RR,2,baseline-arm64-s2-bulk-down-rr-r2-20260924T113146Z,2026-09-24T11:36:16Z,fast_retrans_segs_cli,0,segments
s2,bulk-down,RR,2,baseline-arm64-s2-bulk-down-rr-r2-20260924T113146Z,2026-09-24T11:36:16Z,fast_retrans_segs_srv,0,segments
s2,bulk-down,RR,2,baseline-arm64-s2-bulk-down-rr-r2-20260924T113146Z,2026-09-24T11:36:16Z,early_retrans_segs_cli,0,segments
s2,bulk-down,RR,2,baseline-arm64-s2-bulk-down-rr-r2-20260924T113146Z,2026-09-24T11:36:16Z,early_retrans_segs_srv,0,segments
s2,bulk-down,RR,2,baseline-arm64-s2-bulk-down-rr-r2-20260924T113146Z,2026-09-24T11:36:16Z,lost_segs_cli,0,segments
s2,bulk-down,RR,2,baseline-arm64-s2-bulk-down-rr-r2-20260924T113146Z,2026-09-24T11:36:16Z,lost_segs_srv,0,segments
s2,bulk-down,RR,2,baseline-arm64-s2-bulk-down-rr-r2-20260924T113146Z,2026-09-24T11:36:16Z,repeat_segs_cli,0,segments
s2,bulk-down,RR,2,baseline-arm64-s2-bulk-down-rr-r2-20260924T113146Z,2026-09-24T11:36:16Z,repeat_segs_srv,0,segments
s2,bulk-down,GR,2,baseline-arm64-s2-bulk-down-gr-r2-20260924T113146Z,2026-09-24T11:37:03Z,goodput_mbit_s,566.019853148,Mbit/s
s2,bulk-down,GR,2,baseline-arm64-s2-bulk-down-gr-r2-20260924T113146Z,2026-09-24T11:37:03Z,tcp_retransmits,28,segments
s2,bulk-down,GR,2,baseline-arm64-s2-bulk-down-gr-r2-20260924T113146Z,2026-09-24T11:37:03Z,cpu_s_per_gb_cli,12.2892896349,s/GB
s2,bulk-down,GR,2,baseline-arm64-s2-bulk-down-gr-r2-20260924T113146Z,2026-09-24T11:37:03Z,cpu_s_per_gb_srv,11.1161889567,s/GB
s2,bulk-down,GR,2,baseline-arm64-s2-bulk-down-gr-r2-20260924T113146Z,2026-09-24T11:37:03Z,cpu_s_per_gb_total,23.4054785916,s/GB
s2,bulk-down,GR,2,baseline-arm64-s2-bulk-down-gr-r2-20260924T113146Z,2026-09-24T11:37:03Z,rss_kb_cli,30816,kB
s2,bulk-down,GR,2,baseline-arm64-s2-bulk-down-gr-r2-20260924T113146Z,2026-09-24T11:37:03Z,rss_kb_srv,5648,kB
s2,bulk-down,GR,2,baseline-arm64-s2-bulk-down-gr-r2-20260924T113146Z,2026-09-24T11:37:03Z,hwm_kb_cli,31200,kB
s2,bulk-down,GR,2,baseline-arm64-s2-bulk-down-gr-r2-20260924T113146Z,2026-09-24T11:37:03Z,hwm_kb_srv,5648,kB
s2,bulk-down,GR,2,baseline-arm64-s2-bulk-down-gr-r2-20260924T113146Z,2026-09-24T11:37:03Z,out_segs_cli,26873,segments
s2,bulk-down,GR,2,baseline-arm64-s2-bulk-down-gr-r2-20260924T113146Z,2026-09-24T11:37:03Z,out_segs_srv,1109734,segments
s2,bulk-down,GR,2,baseline-arm64-s2-bulk-down-gr-r2-20260924T113146Z,2026-09-24T11:37:03Z,retrans_pct_cli,0,% of OutSegs
s2,bulk-down,GR,2,baseline-arm64-s2-bulk-down-gr-r2-20260924T113146Z,2026-09-24T11:37:03Z,retrans_pct_srv,0,% of OutSegs
s2,bulk-down,GR,2,baseline-arm64-s2-bulk-down-gr-r2-20260924T113146Z,2026-09-24T11:37:03Z,retrans_segs_cli,0,segments
s2,bulk-down,GR,2,baseline-arm64-s2-bulk-down-gr-r2-20260924T113146Z,2026-09-24T11:37:03Z,retrans_segs_srv,0,segments
s2,bulk-down,GR,2,baseline-arm64-s2-bulk-down-gr-r2-20260924T113146Z,2026-09-24T11:37:03Z,fast_retrans_segs_cli,0,segments
s2,bulk-down,GR,2,baseline-arm64-s2-bulk-down-gr-r2-20260924T113146Z,2026-09-24T11:37:03Z,fast_retrans_segs_srv,0,segments
s2,bulk-down,GR,2,baseline-arm64-s2-bulk-down-gr-r2-20260924T113146Z,2026-09-24T11:37:03Z,early_retrans_segs_cli,0,segments
s2,bulk-down,GR,2,baseline-arm64-s2-bulk-down-gr-r2-20260924T113146Z,2026-09-24T11:37:03Z,early_retrans_segs_srv,0,segments
s2,bulk-down,GR,2,baseline-arm64-s2-bulk-down-gr-r2-20260924T113146Z,2026-09-24T11:37:03Z,lost_segs_cli,0,segments
s2,bulk-down,GR,2,baseline-arm64-s2-bulk-down-gr-r2-20260924T113146Z,2026-09-24T11:37:03Z,lost_segs_srv,0,segments
s2,bulk-down,GR,2,baseline-arm64-s2-bulk-down-gr-r2-20260924T113146Z,2026-09-24T11:37:03Z,repeat_segs_cli,0,segments
s2,bulk-down,GR,2,baseline-arm64-s2-bulk-down-gr-r2-20260924T113146Z,2026-09-24T11:37:03Z,repeat_segs_srv,0,segments
s2,bulk-down,RG,2,baseline-arm64-s2-bulk-down-rg-r2-20260924T113146Z,2026-09-24T11:37:51Z,goodput_mbit_s,444.269700345,Mbit/s
s2,bulk-down,RG,2,baseline-arm64-s2-bulk-down-rg-r2-20260924T113146Z,2026-09-24T11:37:51Z,tcp_retransmits,10,segments
s2,bulk-down,RG,2,baseline-arm64-s2-bulk-down-rg-r2-20260924T113146Z,2026-09-24T11:37:51Z,cpu_s_per_gb_cli,8.52612298925,s/GB
s2,bulk-down,RG,2,baseline-arm64-s2-bulk-down-rg-r2-20260924T113146Z,2026-09-24T11:37:51Z,cpu_s_per_gb_srv,16.2239425836,s/GB
s2,bulk-down,RG,2,baseline-arm64-s2-bulk-down-rg-r2-20260924T113146Z,2026-09-24T11:37:51Z,cpu_s_per_gb_total,24.7500655728,s/GB
s2,bulk-down,RG,2,baseline-arm64-s2-bulk-down-rg-r2-20260924T113146Z,2026-09-24T11:37:51Z,rss_kb_cli,6052,kB
s2,bulk-down,RG,2,baseline-arm64-s2-bulk-down-rg-r2-20260924T113146Z,2026-09-24T11:37:51Z,rss_kb_srv,29528,kB
s2,bulk-down,RG,2,baseline-arm64-s2-bulk-down-rg-r2-20260924T113146Z,2026-09-24T11:37:51Z,hwm_kb_cli,7004,kB
s2,bulk-down,RG,2,baseline-arm64-s2-bulk-down-rg-r2-20260924T113146Z,2026-09-24T11:37:51Z,hwm_kb_srv,29528,kB
s2,bulk-down,RG,2,baseline-arm64-s2-bulk-down-rg-r2-20260924T113146Z,2026-09-24T11:37:51Z,out_segs_cli,22355,segments
s2,bulk-down,RG,2,baseline-arm64-s2-bulk-down-rg-r2-20260924T113146Z,2026-09-24T11:37:51Z,out_segs_srv,998016,segments
s2,bulk-down,RG,2,baseline-arm64-s2-bulk-down-rg-r2-20260924T113146Z,2026-09-24T11:37:51Z,retrans_pct_cli,0,% of OutSegs
s2,bulk-down,RG,2,baseline-arm64-s2-bulk-down-rg-r2-20260924T113146Z,2026-09-24T11:37:51Z,retrans_pct_srv,0,% of OutSegs
s2,bulk-down,RG,2,baseline-arm64-s2-bulk-down-rg-r2-20260924T113146Z,2026-09-24T11:37:51Z,retrans_segs_cli,0,segments
s2,bulk-down,RG,2,baseline-arm64-s2-bulk-down-rg-r2-20260924T113146Z,2026-09-24T11:37:51Z,retrans_segs_srv,0,segments
s2,bulk-down,RG,2,baseline-arm64-s2-bulk-down-rg-r2-20260924T113146Z,2026-09-24T11:37:51Z,fast_retrans_segs_cli,0,segments
s2,bulk-down,RG,2,baseline-arm64-s2-bulk-down-rg-r2-20260924T113146Z,2026-09-24T11:37:51Z,fast_retrans_segs_srv,0,segments
s2,bulk-down,RG,2,baseline-arm64-s2-bulk-down-rg-r2-20260924T113146Z,2026-09-24T11:37:51Z,early_retrans_segs_cli,0,segments
s2,bulk-down,RG,2,baseline-arm64-s2-bulk-down-rg-r2-20260924T113146Z,2026-09-24T11:37:51Z,early_retrans_segs_srv,0,segments
s2,bulk-down,RG,2,baseline-arm64-s2-bulk-down-rg-r2-20260924T113146Z,2026-09-24T11:37:51Z,lost_segs_cli,0,segments
s2,bulk-down,RG,2,baseline-arm64-s2-bulk-down-rg-r2-20260924T113146Z,2026-09-24T11:37:51Z,lost_segs_srv,0,segments
s2,bulk-down,RG,2,baseline-arm64-s2-bulk-down-rg-r2-20260924T113146Z,2026-09-24T11:37:51Z,repeat_segs_cli,0,segments
s2,bulk-down,RG,2,baseline-arm64-s2-bulk-down-rg-r2-20260924T113146Z,2026-09-24T11:37:51Z,repeat_segs_srv,0,segments
s2,bulk-down,GG,3,baseline-arm64-s2-bulk-down-gg-r3-20260924T113146Z,2026-09-24T11:38:38Z,goodput_mbit_s,295.225982348,Mbit/s
s2,bulk-down,GG,3,baseline-arm64-s2-bulk-down-gg-r3-20260924T113146Z,2026-09-24T11:38:38Z,tcp_retransmits,104,segments
s2,bulk-down,GG,3,baseline-arm64-s2-bulk-down-gg-r3-20260924T113146Z,2026-09-24T11:38:38Z,cpu_s_per_gb_cli,19.984650921,s/GB
s2,bulk-down,GG,3,baseline-arm64-s2-bulk-down-gg-r3-20260924T113146Z,2026-09-24T11:38:38Z,cpu_s_per_gb_srv,19.9304552574,s/GB
s2,bulk-down,GG,3,baseline-arm64-s2-bulk-down-gg-r3-20260924T113146Z,2026-09-24T11:38:38Z,cpu_s_per_gb_total,39.9151061784,s/GB
s2,bulk-down,GG,3,baseline-arm64-s2-bulk-down-gg-r3-20260924T113146Z,2026-09-24T11:38:38Z,rss_kb_cli,30552,kB
s2,bulk-down,GG,3,baseline-arm64-s2-bulk-down-gg-r3-20260924T113146Z,2026-09-24T11:38:38Z,rss_kb_srv,29720,kB
s2,bulk-down,GG,3,baseline-arm64-s2-bulk-down-gg-r3-20260924T113146Z,2026-09-24T11:38:38Z,hwm_kb_cli,30552,kB
s2,bulk-down,GG,3,baseline-arm64-s2-bulk-down-gg-r3-20260924T113146Z,2026-09-24T11:38:38Z,hwm_kb_srv,29720,kB
s2,bulk-down,GG,3,baseline-arm64-s2-bulk-down-gg-r3-20260924T113146Z,2026-09-24T11:38:38Z,out_segs_cli,16238,segments
s2,bulk-down,GG,3,baseline-arm64-s2-bulk-down-gg-r3-20260924T113146Z,2026-09-24T11:38:38Z,out_segs_srv,654640,segments
s2,bulk-down,GG,3,baseline-arm64-s2-bulk-down-gg-r3-20260924T113146Z,2026-09-24T11:38:38Z,retrans_pct_cli,0,% of OutSegs
s2,bulk-down,GG,3,baseline-arm64-s2-bulk-down-gg-r3-20260924T113146Z,2026-09-24T11:38:38Z,retrans_pct_srv,0,% of OutSegs
s2,bulk-down,GG,3,baseline-arm64-s2-bulk-down-gg-r3-20260924T113146Z,2026-09-24T11:38:38Z,retrans_segs_cli,0,segments
s2,bulk-down,GG,3,baseline-arm64-s2-bulk-down-gg-r3-20260924T113146Z,2026-09-24T11:38:38Z,retrans_segs_srv,0,segments
s2,bulk-down,GG,3,baseline-arm64-s2-bulk-down-gg-r3-20260924T113146Z,2026-09-24T11:38:38Z,fast_retrans_segs_cli,0,segments
s2,bulk-down,GG,3,baseline-arm64-s2-bulk-down-gg-r3-20260924T113146Z,2026-09-24T11:38:38Z,fast_retrans_segs_srv,0,segments
s2,bulk-down,GG,3,baseline-arm64-s2-bulk-down-gg-r3-20260924T113146Z,2026-09-24T11:38:38Z,early_retrans_segs_cli,0,segments
s2,bulk-down,GG,3,baseline-arm64-s2-bulk-down-gg-r3-20260924T113146Z,2026-09-24T11:38:38Z,early_retrans_segs_srv,0,segments
s2,bulk-down,GG,3,baseline-arm64-s2-bulk-down-gg-r3-20260924T113146Z,2026-09-24T11:38:38Z,lost_segs_cli,0,segments
s2,bulk-down,GG,3,baseline-arm64-s2-bulk-down-gg-r3-20260924T113146Z,2026-09-24T11:38:38Z,lost_segs_srv,0,segments
s2,bulk-down,GG,3,baseline-arm64-s2-bulk-down-gg-r3-20260924T113146Z,2026-09-24T11:38:38Z,repeat_segs_cli,0,segments
s2,bulk-down,GG,3,baseline-arm64-s2-bulk-down-gg-r3-20260924T113146Z,2026-09-24T11:38:38Z,repeat_segs_srv,0,segments
s2,bulk-down,RR,3,baseline-arm64-s2-bulk-down-rr-r3-20260924T113146Z,2026-09-24T11:39:25Z,goodput_mbit_s,698.410295572,Mbit/s
s2,bulk-down,RR,3,baseline-arm64-s2-bulk-down-rr-r3-20260924T113146Z,2026-09-24T11:39:25Z,tcp_retransmits,7,segments
s2,bulk-down,RR,3,baseline-arm64-s2-bulk-down-rr-r3-20260924T113146Z,2026-09-24T11:39:25Z,cpu_s_per_gb_cli,7.11908820835,s/GB
s2,bulk-down,RR,3,baseline-arm64-s2-bulk-down-rr-r3-20260924T113146Z,2026-09-24T11:39:25Z,cpu_s_per_gb_srv,10.4180381746,s/GB
s2,bulk-down,RR,3,baseline-arm64-s2-bulk-down-rr-r3-20260924T113146Z,2026-09-24T11:39:25Z,cpu_s_per_gb_total,17.5371263829,s/GB
s2,bulk-down,RR,3,baseline-arm64-s2-bulk-down-rr-r3-20260924T113146Z,2026-09-24T11:39:25Z,rss_kb_cli,6148,kB
s2,bulk-down,RR,3,baseline-arm64-s2-bulk-down-rr-r3-20260924T113146Z,2026-09-24T11:39:25Z,rss_kb_srv,5600,kB
s2,bulk-down,RR,3,baseline-arm64-s2-bulk-down-rr-r3-20260924T113146Z,2026-09-24T11:39:25Z,hwm_kb_cli,6148,kB
s2,bulk-down,RR,3,baseline-arm64-s2-bulk-down-rr-r3-20260924T113146Z,2026-09-24T11:39:25Z,hwm_kb_srv,5600,kB
s2,bulk-down,RR,3,baseline-arm64-s2-bulk-down-rr-r3-20260924T113146Z,2026-09-24T11:39:25Z,out_segs_cli,31182,segments
s2,bulk-down,RR,3,baseline-arm64-s2-bulk-down-rr-r3-20260924T113146Z,2026-09-24T11:39:25Z,out_segs_srv,1393197,segments
s2,bulk-down,RR,3,baseline-arm64-s2-bulk-down-rr-r3-20260924T113146Z,2026-09-24T11:39:25Z,retrans_pct_cli,0,% of OutSegs
s2,bulk-down,RR,3,baseline-arm64-s2-bulk-down-rr-r3-20260924T113146Z,2026-09-24T11:39:25Z,retrans_pct_srv,0,% of OutSegs
s2,bulk-down,RR,3,baseline-arm64-s2-bulk-down-rr-r3-20260924T113146Z,2026-09-24T11:39:25Z,retrans_segs_cli,0,segments
s2,bulk-down,RR,3,baseline-arm64-s2-bulk-down-rr-r3-20260924T113146Z,2026-09-24T11:39:25Z,retrans_segs_srv,0,segments
s2,bulk-down,RR,3,baseline-arm64-s2-bulk-down-rr-r3-20260924T113146Z,2026-09-24T11:39:25Z,fast_retrans_segs_cli,0,segments
s2,bulk-down,RR,3,baseline-arm64-s2-bulk-down-rr-r3-20260924T113146Z,2026-09-24T11:39:25Z,fast_retrans_segs_srv,0,segments
s2,bulk-down,RR,3,baseline-arm64-s2-bulk-down-rr-r3-20260924T113146Z,2026-09-24T11:39:25Z,early_retrans_segs_cli,0,segments
s2,bulk-down,RR,3,baseline-arm64-s2-bulk-down-rr-r3-20260924T113146Z,2026-09-24T11:39:25Z,early_retrans_segs_srv,0,segments
s2,bulk-down,RR,3,baseline-arm64-s2-bulk-down-rr-r3-20260924T113146Z,2026-09-24T11:39:25Z,lost_segs_cli,0,segments
s2,bulk-down,RR,3,baseline-arm64-s2-bulk-down-rr-r3-20260924T113146Z,2026-09-24T11:39:25Z,lost_segs_srv,0,segments
s2,bulk-down,RR,3,baseline-arm64-s2-bulk-down-rr-r3-20260924T113146Z,2026-09-24T11:39:25Z,repeat_segs_cli,0,segments
s2,bulk-down,RR,3,baseline-arm64-s2-bulk-down-rr-r3-20260924T113146Z,2026-09-24T11:39:25Z,repeat_segs_srv,0,segments
s2,bulk-down,GR,3,baseline-arm64-s2-bulk-down-gr-r3-20260924T113146Z,2026-09-24T11:40:12Z,goodput_mbit_s,569.898519952,Mbit/s
s2,bulk-down,GR,3,baseline-arm64-s2-bulk-down-gr-r3-20260924T113146Z,2026-09-24T11:40:12Z,tcp_retransmits,27,segments
s2,bulk-down,GR,3,baseline-arm64-s2-bulk-down-gr-r3-20260924T113146Z,2026-09-24T11:40:12Z,cpu_s_per_gb_cli,12.3109089308,s/GB
s2,bulk-down,GR,3,baseline-arm64-s2-bulk-down-gr-r3-20260924T113146Z,2026-09-24T11:40:12Z,cpu_s_per_gb_srv,11.0756067804,s/GB
s2,bulk-down,GR,3,baseline-arm64-s2-bulk-down-gr-r3-20260924T113146Z,2026-09-24T11:40:12Z,cpu_s_per_gb_total,23.3865157112,s/GB
s2,bulk-down,GR,3,baseline-arm64-s2-bulk-down-gr-r3-20260924T113146Z,2026-09-24T11:40:12Z,rss_kb_cli,29900,kB
s2,bulk-down,GR,3,baseline-arm64-s2-bulk-down-gr-r3-20260924T113146Z,2026-09-24T11:40:12Z,rss_kb_srv,5604,kB
s2,bulk-down,GR,3,baseline-arm64-s2-bulk-down-gr-r3-20260924T113146Z,2026-09-24T11:40:12Z,hwm_kb_cli,30660,kB
s2,bulk-down,GR,3,baseline-arm64-s2-bulk-down-gr-r3-20260924T113146Z,2026-09-24T11:40:12Z,hwm_kb_srv,5604,kB
s2,bulk-down,GR,3,baseline-arm64-s2-bulk-down-gr-r3-20260924T113146Z,2026-09-24T11:40:12Z,out_segs_cli,27150,segments
s2,bulk-down,GR,3,baseline-arm64-s2-bulk-down-gr-r3-20260924T113146Z,2026-09-24T11:40:12Z,out_segs_srv,1121728,segments
s2,bulk-down,GR,3,baseline-arm64-s2-bulk-down-gr-r3-20260924T113146Z,2026-09-24T11:40:12Z,retrans_pct_cli,0,% of OutSegs
s2,bulk-down,GR,3,baseline-arm64-s2-bulk-down-gr-r3-20260924T113146Z,2026-09-24T11:40:12Z,retrans_pct_srv,0,% of OutSegs
s2,bulk-down,GR,3,baseline-arm64-s2-bulk-down-gr-r3-20260924T113146Z,2026-09-24T11:40:12Z,retrans_segs_cli,0,segments
s2,bulk-down,GR,3,baseline-arm64-s2-bulk-down-gr-r3-20260924T113146Z,2026-09-24T11:40:12Z,retrans_segs_srv,0,segments
s2,bulk-down,GR,3,baseline-arm64-s2-bulk-down-gr-r3-20260924T113146Z,2026-09-24T11:40:12Z,fast_retrans_segs_cli,0,segments
s2,bulk-down,GR,3,baseline-arm64-s2-bulk-down-gr-r3-20260924T113146Z,2026-09-24T11:40:12Z,fast_retrans_segs_srv,0,segments
s2,bulk-down,GR,3,baseline-arm64-s2-bulk-down-gr-r3-20260924T113146Z,2026-09-24T11:40:12Z,early_retrans_segs_cli,0,segments
s2,bulk-down,GR,3,baseline-arm64-s2-bulk-down-gr-r3-20260924T113146Z,2026-09-24T11:40:12Z,early_retrans_segs_srv,0,segments
s2,bulk-down,GR,3,baseline-arm64-s2-bulk-down-gr-r3-20260924T113146Z,2026-09-24T11:40:12Z,lost_segs_cli,0,segments
s2,bulk-down,GR,3,baseline-arm64-s2-bulk-down-gr-r3-20260924T113146Z,2026-09-24T11:40:12Z,lost_segs_srv,0,segments
s2,bulk-down,GR,3,baseline-arm64-s2-bulk-down-gr-r3-20260924T113146Z,2026-09-24T11:40:12Z,repeat_segs_cli,0,segments
s2,bulk-down,GR,3,baseline-arm64-s2-bulk-down-gr-r3-20260924T113146Z,2026-09-24T11:40:12Z,repeat_segs_srv,0,segments
s2,bulk-down,RG,3,baseline-arm64-s2-bulk-down-rg-r3-20260924T113146Z,2026-09-24T11:41:00Z,goodput_mbit_s,448.799930359,Mbit/s
s2,bulk-down,RG,3,baseline-arm64-s2-bulk-down-rg-r3-20260924T113146Z,2026-09-24T11:41:00Z,tcp_retransmits,15,segments
s2,bulk-down,RG,3,baseline-arm64-s2-bulk-down-rg-r3-20260924T113146Z,2026-09-24T11:41:00Z,cpu_s_per_gb_cli,9.10001380421,s/GB
s2,bulk-down,RG,3,baseline-arm64-s2-bulk-down-rg-r3-20260924T113146Z,2026-09-24T11:41:00Z,cpu_s_per_gb_srv,16.3283303519,s/GB
s2,bulk-down,RG,3,baseline-arm64-s2-bulk-down-rg-r3-20260924T113146Z,2026-09-24T11:41:00Z,cpu_s_per_gb_total,25.4283441561,s/GB
s2,bulk-down,RG,3,baseline-arm64-s2-bulk-down-rg-r3-20260924T113146Z,2026-09-24T11:41:00Z,rss_kb_cli,6764,kB
s2,bulk-down,RG,3,baseline-arm64-s2-bulk-down-rg-r3-20260924T113146Z,2026-09-24T11:41:00Z,rss_kb_srv,29560,kB
s2,bulk-down,RG,3,baseline-arm64-s2-bulk-down-rg-r3-20260924T113146Z,2026-09-24T11:41:00Z,hwm_kb_cli,7616,kB
s2,bulk-down,RG,3,baseline-arm64-s2-bulk-down-rg-r3-20260924T113146Z,2026-09-24T11:41:00Z,hwm_kb_srv,29560,kB
s2,bulk-down,RG,3,baseline-arm64-s2-bulk-down-rg-r3-20260924T113146Z,2026-09-24T11:41:00Z,out_segs_cli,22279,segments
s2,bulk-down,RG,3,baseline-arm64-s2-bulk-down-rg-r3-20260924T113146Z,2026-09-24T11:41:00Z,out_segs_srv,987834,segments
s2,bulk-down,RG,3,baseline-arm64-s2-bulk-down-rg-r3-20260924T113146Z,2026-09-24T11:41:00Z,retrans_pct_cli,0,% of OutSegs
s2,bulk-down,RG,3,baseline-arm64-s2-bulk-down-rg-r3-20260924T113146Z,2026-09-24T11:41:00Z,retrans_pct_srv,0,% of OutSegs
s2,bulk-down,RG,3,baseline-arm64-s2-bulk-down-rg-r3-20260924T113146Z,2026-09-24T11:41:00Z,retrans_segs_cli,0,segments
s2,bulk-down,RG,3,baseline-arm64-s2-bulk-down-rg-r3-20260924T113146Z,2026-09-24T11:41:00Z,retrans_segs_srv,0,segments
s2,bulk-down,RG,3,baseline-arm64-s2-bulk-down-rg-r3-20260924T113146Z,2026-09-24T11:41:00Z,fast_retrans_segs_cli,0,segments
s2,bulk-down,RG,3,baseline-arm64-s2-bulk-down-rg-r3-20260924T113146Z,2026-09-24T11:41:00Z,fast_retrans_segs_srv,0,segments
s2,bulk-down,RG,3,baseline-arm64-s2-bulk-down-rg-r3-20260924T113146Z,2026-09-24T11:41:00Z,early_retrans_segs_cli,0,segments
s2,bulk-down,RG,3,baseline-arm64-s2-bulk-down-rg-r3-20260924T113146Z,2026-09-24T11:41:00Z,early_retrans_segs_srv,0,segments
s2,bulk-down,RG,3,baseline-arm64-s2-bulk-down-rg-r3-20260924T113146Z,2026-09-24T11:41:00Z,lost_segs_cli,0,segments
s2,bulk-down,RG,3,baseline-arm64-s2-bulk-down-rg-r3-20260924T113146Z,2026-09-24T11:41:00Z,lost_segs_srv,0,segments
s2,bulk-down,RG,3,baseline-arm64-s2-bulk-down-rg-r3-20260924T113146Z,2026-09-24T11:41:00Z,repeat_segs_cli,0,segments
s2,bulk-down,RG,3,baseline-arm64-s2-bulk-down-rg-r3-20260924T113146Z,2026-09-24T11:41:00Z,repeat_segs_srv,0,segments
s2,bulk-down,GG,4,baseline-arm64-s2-bulk-down-gg-r4-20260924T113146Z,2026-09-24T11:41:47Z,goodput_mbit_s,301.780082266,Mbit/s
s2,bulk-down,GG,4,baseline-arm64-s2-bulk-down-gg-r4-20260924T113146Z,2026-09-24T11:41:47Z,tcp_retransmits,100,segments
s2,bulk-down,GG,4,baseline-arm64-s2-bulk-down-gg-r4-20260924T113146Z,2026-09-24T11:41:47Z,cpu_s_per_gb_cli,19.6832016659,s/GB
s2,bulk-down,GG,4,baseline-arm64-s2-bulk-down-gg-r4-20260924T113146Z,2026-09-24T11:41:47Z,cpu_s_per_gb_srv,19.5771642159,s/GB
s2,bulk-down,GG,4,baseline-arm64-s2-bulk-down-gg-r4-20260924T113146Z,2026-09-24T11:41:47Z,cpu_s_per_gb_total,39.2603658818,s/GB
s2,bulk-down,GG,4,baseline-arm64-s2-bulk-down-gg-r4-20260924T113146Z,2026-09-24T11:41:47Z,rss_kb_cli,30484,kB
s2,bulk-down,GG,4,baseline-arm64-s2-bulk-down-gg-r4-20260924T113146Z,2026-09-24T11:41:47Z,rss_kb_srv,29584,kB
s2,bulk-down,GG,4,baseline-arm64-s2-bulk-down-gg-r4-20260924T113146Z,2026-09-24T11:41:47Z,hwm_kb_cli,30960,kB
s2,bulk-down,GG,4,baseline-arm64-s2-bulk-down-gg-r4-20260924T113146Z,2026-09-24T11:41:47Z,hwm_kb_srv,29584,kB
s2,bulk-down,GG,4,baseline-arm64-s2-bulk-down-gg-r4-20260924T113146Z,2026-09-24T11:41:47Z,out_segs_cli,16474,segments
s2,bulk-down,GG,4,baseline-arm64-s2-bulk-down-gg-r4-20260924T113146Z,2026-09-24T11:41:47Z,out_segs_srv,672742,segments
s2,bulk-down,GG,4,baseline-arm64-s2-bulk-down-gg-r4-20260924T113146Z,2026-09-24T11:41:47Z,retrans_pct_cli,0,% of OutSegs
s2,bulk-down,GG,4,baseline-arm64-s2-bulk-down-gg-r4-20260924T113146Z,2026-09-24T11:41:47Z,retrans_pct_srv,0,% of OutSegs
s2,bulk-down,GG,4,baseline-arm64-s2-bulk-down-gg-r4-20260924T113146Z,2026-09-24T11:41:47Z,retrans_segs_cli,0,segments
s2,bulk-down,GG,4,baseline-arm64-s2-bulk-down-gg-r4-20260924T113146Z,2026-09-24T11:41:47Z,retrans_segs_srv,0,segments
s2,bulk-down,GG,4,baseline-arm64-s2-bulk-down-gg-r4-20260924T113146Z,2026-09-24T11:41:47Z,fast_retrans_segs_cli,0,segments
s2,bulk-down,GG,4,baseline-arm64-s2-bulk-down-gg-r4-20260924T113146Z,2026-09-24T11:41:47Z,fast_retrans_segs_srv,0,segments
s2,bulk-down,GG,4,baseline-arm64-s2-bulk-down-gg-r4-20260924T113146Z,2026-09-24T11:41:47Z,early_retrans_segs_cli,0,segments
s2,bulk-down,GG,4,baseline-arm64-s2-bulk-down-gg-r4-20260924T113146Z,2026-09-24T11:41:47Z,early_retrans_segs_srv,0,segments
s2,bulk-down,GG,4,baseline-arm64-s2-bulk-down-gg-r4-20260924T113146Z,2026-09-24T11:41:47Z,lost_segs_cli,0,segments
s2,bulk-down,GG,4,baseline-arm64-s2-bulk-down-gg-r4-20260924T113146Z,2026-09-24T11:41:47Z,lost_segs_srv,0,segments
s2,bulk-down,GG,4,baseline-arm64-s2-bulk-down-gg-r4-20260924T113146Z,2026-09-24T11:41:47Z,repeat_segs_cli,0,segments
s2,bulk-down,GG,4,baseline-arm64-s2-bulk-down-gg-r4-20260924T113146Z,2026-09-24T11:41:47Z,repeat_segs_srv,0,segments
s2,bulk-down,RR,4,baseline-arm64-s2-bulk-down-rr-r4-20260924T113146Z,2026-09-24T11:42:34Z,goodput_mbit_s,707.580393824,Mbit/s
s2,bulk-down,RR,4,baseline-arm64-s2-bulk-down-rr-r4-20260924T113146Z,2026-09-24T11:42:34Z,tcp_retransmits,7,segments
s2,bulk-down,RR,4,baseline-arm64-s2-bulk-down-rr-r4-20260924T113146Z,2026-09-24T11:42:34Z,cpu_s_per_gb_cli,7.06069484998,s/GB
s2,bulk-down,RR,4,baseline-arm64-s2-bulk-down-rr-r4-20260924T113146Z,2026-09-24T11:42:34Z,cpu_s_per_gb_srv,10.3960110721,s/GB
s2,bulk-down,RR,4,baseline-arm64-s2-bulk-down-rr-r4-20260924T113146Z,2026-09-24T11:42:34Z,cpu_s_per_gb_total,17.4567059221,s/GB
s2,bulk-down,RR,4,baseline-arm64-s2-bulk-down-rr-r4-20260924T113146Z,2026-09-24T11:42:34Z,rss_kb_cli,6568,kB
s2,bulk-down,RR,4,baseline-arm64-s2-bulk-down-rr-r4-20260924T113146Z,2026-09-24T11:42:34Z,rss_kb_srv,5628,kB
s2,bulk-down,RR,4,baseline-arm64-s2-bulk-down-rr-r4-20260924T113146Z,2026-09-24T11:42:34Z,hwm_kb_cli,6568,kB
s2,bulk-down,RR,4,baseline-arm64-s2-bulk-down-rr-r4-20260924T113146Z,2026-09-24T11:42:34Z,hwm_kb_srv,5628,kB
s2,bulk-down,RR,4,baseline-arm64-s2-bulk-down-rr-r4-20260924T113146Z,2026-09-24T11:42:34Z,out_segs_cli,30953,segments
s2,bulk-down,RR,4,baseline-arm64-s2-bulk-down-rr-r4-20260924T113146Z,2026-09-24T11:42:34Z,out_segs_srv,1377908,segments
s2,bulk-down,RR,4,baseline-arm64-s2-bulk-down-rr-r4-20260924T113146Z,2026-09-24T11:42:34Z,retrans_pct_cli,0,% of OutSegs
s2,bulk-down,RR,4,baseline-arm64-s2-bulk-down-rr-r4-20260924T113146Z,2026-09-24T11:42:34Z,retrans_pct_srv,0,% of OutSegs
s2,bulk-down,RR,4,baseline-arm64-s2-bulk-down-rr-r4-20260924T113146Z,2026-09-24T11:42:34Z,retrans_segs_cli,0,segments
s2,bulk-down,RR,4,baseline-arm64-s2-bulk-down-rr-r4-20260924T113146Z,2026-09-24T11:42:34Z,retrans_segs_srv,0,segments
s2,bulk-down,RR,4,baseline-arm64-s2-bulk-down-rr-r4-20260924T113146Z,2026-09-24T11:42:34Z,fast_retrans_segs_cli,0,segments
s2,bulk-down,RR,4,baseline-arm64-s2-bulk-down-rr-r4-20260924T113146Z,2026-09-24T11:42:34Z,fast_retrans_segs_srv,0,segments
s2,bulk-down,RR,4,baseline-arm64-s2-bulk-down-rr-r4-20260924T113146Z,2026-09-24T11:42:34Z,early_retrans_segs_cli,0,segments
s2,bulk-down,RR,4,baseline-arm64-s2-bulk-down-rr-r4-20260924T113146Z,2026-09-24T11:42:34Z,early_retrans_segs_srv,0,segments
s2,bulk-down,RR,4,baseline-arm64-s2-bulk-down-rr-r4-20260924T113146Z,2026-09-24T11:42:34Z,lost_segs_cli,0,segments
s2,bulk-down,RR,4,baseline-arm64-s2-bulk-down-rr-r4-20260924T113146Z,2026-09-24T11:42:34Z,lost_segs_srv,0,segments
s2,bulk-down,RR,4,baseline-arm64-s2-bulk-down-rr-r4-20260924T113146Z,2026-09-24T11:42:34Z,repeat_segs_cli,0,segments
s2,bulk-down,RR,4,baseline-arm64-s2-bulk-down-rr-r4-20260924T113146Z,2026-09-24T11:42:34Z,repeat_segs_srv,0,segments
s2,bulk-down,GR,4,baseline-arm64-s2-bulk-down-gr-r4-20260924T113146Z,2026-09-24T11:43:21Z,goodput_mbit_s,562.397270031,Mbit/s
s2,bulk-down,GR,4,baseline-arm64-s2-bulk-down-gr-r4-20260924T113146Z,2026-09-24T11:43:21Z,tcp_retransmits,39,segments
s2,bulk-down,GR,4,baseline-arm64-s2-bulk-down-gr-r4-20260924T113146Z,2026-09-24T11:43:21Z,cpu_s_per_gb_cli,12.3470018703,s/GB
s2,bulk-down,GR,4,baseline-arm64-s2-bulk-down-gr-r4-20260924T113146Z,2026-09-24T11:43:21Z,cpu_s_per_gb_srv,11.2659279738,s/GB
s2,bulk-down,GR,4,baseline-arm64-s2-bulk-down-gr-r4-20260924T113146Z,2026-09-24T11:43:21Z,cpu_s_per_gb_total,23.6129298441,s/GB
s2,bulk-down,GR,4,baseline-arm64-s2-bulk-down-gr-r4-20260924T113146Z,2026-09-24T11:43:21Z,rss_kb_cli,30676,kB
s2,bulk-down,GR,4,baseline-arm64-s2-bulk-down-gr-r4-20260924T113146Z,2026-09-24T11:43:21Z,rss_kb_srv,5612,kB
s2,bulk-down,GR,4,baseline-arm64-s2-bulk-down-gr-r4-20260924T113146Z,2026-09-24T11:43:21Z,hwm_kb_cli,31732,kB
s2,bulk-down,GR,4,baseline-arm64-s2-bulk-down-gr-r4-20260924T113146Z,2026-09-24T11:43:21Z,hwm_kb_srv,5612,kB
s2,bulk-down,GR,4,baseline-arm64-s2-bulk-down-gr-r4-20260924T113146Z,2026-09-24T11:43:21Z,out_segs_cli,27048,segments
s2,bulk-down,GR,4,baseline-arm64-s2-bulk-down-gr-r4-20260924T113146Z,2026-09-24T11:43:21Z,out_segs_srv,1121244,segments
s2,bulk-down,GR,4,baseline-arm64-s2-bulk-down-gr-r4-20260924T113146Z,2026-09-24T11:43:21Z,retrans_pct_cli,0,% of OutSegs
s2,bulk-down,GR,4,baseline-arm64-s2-bulk-down-gr-r4-20260924T113146Z,2026-09-24T11:43:21Z,retrans_pct_srv,0,% of OutSegs
s2,bulk-down,GR,4,baseline-arm64-s2-bulk-down-gr-r4-20260924T113146Z,2026-09-24T11:43:21Z,retrans_segs_cli,0,segments
s2,bulk-down,GR,4,baseline-arm64-s2-bulk-down-gr-r4-20260924T113146Z,2026-09-24T11:43:21Z,retrans_segs_srv,0,segments
s2,bulk-down,GR,4,baseline-arm64-s2-bulk-down-gr-r4-20260924T113146Z,2026-09-24T11:43:21Z,fast_retrans_segs_cli,0,segments
s2,bulk-down,GR,4,baseline-arm64-s2-bulk-down-gr-r4-20260924T113146Z,2026-09-24T11:43:21Z,fast_retrans_segs_srv,0,segments
s2,bulk-down,GR,4,baseline-arm64-s2-bulk-down-gr-r4-20260924T113146Z,2026-09-24T11:43:21Z,early_retrans_segs_cli,0,segments
s2,bulk-down,GR,4,baseline-arm64-s2-bulk-down-gr-r4-20260924T113146Z,2026-09-24T11:43:21Z,early_retrans_segs_srv,0,segments
s2,bulk-down,GR,4,baseline-arm64-s2-bulk-down-gr-r4-20260924T113146Z,2026-09-24T11:43:21Z,lost_segs_cli,0,segments
s2,bulk-down,GR,4,baseline-arm64-s2-bulk-down-gr-r4-20260924T113146Z,2026-09-24T11:43:21Z,lost_segs_srv,0,segments
s2,bulk-down,GR,4,baseline-arm64-s2-bulk-down-gr-r4-20260924T113146Z,2026-09-24T11:43:21Z,repeat_segs_cli,0,segments
s2,bulk-down,GR,4,baseline-arm64-s2-bulk-down-gr-r4-20260924T113146Z,2026-09-24T11:43:21Z,repeat_segs_srv,0,segments
s2,bulk-down,RG,4,baseline-arm64-s2-bulk-down-rg-r4-20260924T113146Z,2026-09-24T11:44:09Z,goodput_mbit_s,454.620353758,Mbit/s
s2,bulk-down,RG,4,baseline-arm64-s2-bulk-down-rg-r4-20260924T113146Z,2026-09-24T11:44:09Z,tcp_retransmits,14,segments
s2,bulk-down,RG,4,baseline-arm64-s2-bulk-down-rg-r4-20260924T113146Z,2026-09-24T11:44:09Z,cpu_s_per_gb_cli,9.08030810316,s/GB
s2,bulk-down,RG,4,baseline-arm64-s2-bulk-down-rg-r4-20260924T113146Z,2026-09-24T11:44:09Z,cpu_s_per_gb_srv,16.1105078846,s/GB
s2,bulk-down,RG,4,baseline-arm64-s2-bulk-down-rg-r4-20260924T113146Z,2026-09-24T11:44:09Z,cpu_s_per_gb_total,25.1908159877,s/GB
s2,bulk-down,RG,4,baseline-arm64-s2-bulk-down-rg-r4-20260924T113146Z,2026-09-24T11:44:09Z,rss_kb_cli,6416,kB
s2,bulk-down,RG,4,baseline-arm64-s2-bulk-down-rg-r4-20260924T113146Z,2026-09-24T11:44:09Z,rss_kb_srv,29756,kB
s2,bulk-down,RG,4,baseline-arm64-s2-bulk-down-rg-r4-20260924T113146Z,2026-09-24T11:44:09Z,hwm_kb_cli,6416,kB
s2,bulk-down,RG,4,baseline-arm64-s2-bulk-down-rg-r4-20260924T113146Z,2026-09-24T11:44:09Z,hwm_kb_srv,29756,kB
s2,bulk-down,RG,4,baseline-arm64-s2-bulk-down-rg-r4-20260924T113146Z,2026-09-24T11:44:09Z,out_segs_cli,22545,segments
s2,bulk-down,RG,4,baseline-arm64-s2-bulk-down-rg-r4-20260924T113146Z,2026-09-24T11:44:09Z,out_segs_srv,1014690,segments
s2,bulk-down,RG,4,baseline-arm64-s2-bulk-down-rg-r4-20260924T113146Z,2026-09-24T11:44:09Z,retrans_pct_cli,0,% of OutSegs
s2,bulk-down,RG,4,baseline-arm64-s2-bulk-down-rg-r4-20260924T113146Z,2026-09-24T11:44:09Z,retrans_pct_srv,0,% of OutSegs
s2,bulk-down,RG,4,baseline-arm64-s2-bulk-down-rg-r4-20260924T113146Z,2026-09-24T11:44:09Z,retrans_segs_cli,0,segments
s2,bulk-down,RG,4,baseline-arm64-s2-bulk-down-rg-r4-20260924T113146Z,2026-09-24T11:44:09Z,retrans_segs_srv,0,segments
s2,bulk-down,RG,4,baseline-arm64-s2-bulk-down-rg-r4-20260924T113146Z,2026-09-24T11:44:09Z,fast_retrans_segs_cli,0,segments
s2,bulk-down,RG,4,baseline-arm64-s2-bulk-down-rg-r4-20260924T113146Z,2026-09-24T11:44:09Z,fast_retrans_segs_srv,0,segments
s2,bulk-down,RG,4,baseline-arm64-s2-bulk-down-rg-r4-20260924T113146Z,2026-09-24T11:44:09Z,early_retrans_segs_cli,0,segments
s2,bulk-down,RG,4,baseline-arm64-s2-bulk-down-rg-r4-20260924T113146Z,2026-09-24T11:44:09Z,early_retrans_segs_srv,0,segments
s2,bulk-down,RG,4,baseline-arm64-s2-bulk-down-rg-r4-20260924T113146Z,2026-09-24T11:44:09Z,lost_segs_cli,0,segments
s2,bulk-down,RG,4,baseline-arm64-s2-bulk-down-rg-r4-20260924T113146Z,2026-09-24T11:44:09Z,lost_segs_srv,0,segments
s2,bulk-down,RG,4,baseline-arm64-s2-bulk-down-rg-r4-20260924T113146Z,2026-09-24T11:44:09Z,repeat_segs_cli,0,segments
s2,bulk-down,RG,4,baseline-arm64-s2-bulk-down-rg-r4-20260924T113146Z,2026-09-24T11:44:09Z,repeat_segs_srv,0,segments
s2,bulk-down,GG,5,baseline-arm64-s2-bulk-down-gg-r5-20260924T113146Z,2026-09-24T11:44:56Z,goodput_mbit_s,296.056433484,Mbit/s
s2,bulk-down,GG,5,baseline-arm64-s2-bulk-down-gg-r5-20260924T113146Z,2026-09-24T11:44:56Z,tcp_retransmits,78,segments
s2,bulk-down,GG,5,baseline-arm64-s2-bulk-down-gg-r5-20260924T113146Z,2026-09-24T11:44:56Z,cpu_s_per_gb_cli,20.2522797987,s/GB
s2,bulk-down,GG,5,baseline-arm64-s2-bulk-down-gg-r5-20260924T113146Z,2026-09-24T11:44:56Z,cpu_s_per_gb_srv,19.7794113578,s/GB
s2,bulk-down,GG,5,baseline-arm64-s2-bulk-down-gg-r5-20260924T113146Z,2026-09-24T11:44:56Z,cpu_s_per_gb_total,40.0316911565,s/GB
s2,bulk-down,GG,5,baseline-arm64-s2-bulk-down-gg-r5-20260924T113146Z,2026-09-24T11:44:56Z,rss_kb_cli,29856,kB
s2,bulk-down,GG,5,baseline-arm64-s2-bulk-down-gg-r5-20260924T113146Z,2026-09-24T11:44:56Z,rss_kb_srv,29624,kB
s2,bulk-down,GG,5,baseline-arm64-s2-bulk-down-gg-r5-20260924T113146Z,2026-09-24T11:44:56Z,hwm_kb_cli,30484,kB
s2,bulk-down,GG,5,baseline-arm64-s2-bulk-down-gg-r5-20260924T113146Z,2026-09-24T11:44:56Z,hwm_kb_srv,29624,kB
s2,bulk-down,GG,5,baseline-arm64-s2-bulk-down-gg-r5-20260924T113146Z,2026-09-24T11:44:56Z,out_segs_cli,16383,segments
s2,bulk-down,GG,5,baseline-arm64-s2-bulk-down-gg-r5-20260924T113146Z,2026-09-24T11:44:56Z,out_segs_srv,670594,segments
s2,bulk-down,GG,5,baseline-arm64-s2-bulk-down-gg-r5-20260924T113146Z,2026-09-24T11:44:56Z,retrans_pct_cli,0,% of OutSegs
s2,bulk-down,GG,5,baseline-arm64-s2-bulk-down-gg-r5-20260924T113146Z,2026-09-24T11:44:56Z,retrans_pct_srv,0,% of OutSegs
s2,bulk-down,GG,5,baseline-arm64-s2-bulk-down-gg-r5-20260924T113146Z,2026-09-24T11:44:56Z,retrans_segs_cli,0,segments
s2,bulk-down,GG,5,baseline-arm64-s2-bulk-down-gg-r5-20260924T113146Z,2026-09-24T11:44:56Z,retrans_segs_srv,0,segments
s2,bulk-down,GG,5,baseline-arm64-s2-bulk-down-gg-r5-20260924T113146Z,2026-09-24T11:44:56Z,fast_retrans_segs_cli,0,segments
s2,bulk-down,GG,5,baseline-arm64-s2-bulk-down-gg-r5-20260924T113146Z,2026-09-24T11:44:56Z,fast_retrans_segs_srv,0,segments
s2,bulk-down,GG,5,baseline-arm64-s2-bulk-down-gg-r5-20260924T113146Z,2026-09-24T11:44:56Z,early_retrans_segs_cli,0,segments
s2,bulk-down,GG,5,baseline-arm64-s2-bulk-down-gg-r5-20260924T113146Z,2026-09-24T11:44:56Z,early_retrans_segs_srv,0,segments
s2,bulk-down,GG,5,baseline-arm64-s2-bulk-down-gg-r5-20260924T113146Z,2026-09-24T11:44:56Z,lost_segs_cli,0,segments
s2,bulk-down,GG,5,baseline-arm64-s2-bulk-down-gg-r5-20260924T113146Z,2026-09-24T11:44:56Z,lost_segs_srv,0,segments
s2,bulk-down,GG,5,baseline-arm64-s2-bulk-down-gg-r5-20260924T113146Z,2026-09-24T11:44:56Z,repeat_segs_cli,0,segments
s2,bulk-down,GG,5,baseline-arm64-s2-bulk-down-gg-r5-20260924T113146Z,2026-09-24T11:44:56Z,repeat_segs_srv,0,segments
s2,bulk-down,RR,5,baseline-arm64-s2-bulk-down-rr-r5-20260924T113146Z,2026-09-24T11:45:43Z,goodput_mbit_s,701.507410631,Mbit/s
s2,bulk-down,RR,5,baseline-arm64-s2-bulk-down-rr-r5-20260924T113146Z,2026-09-24T11:45:43Z,tcp_retransmits,0,segments
s2,bulk-down,RR,5,baseline-arm64-s2-bulk-down-rr-r5-20260924T113146Z,2026-09-24T11:45:43Z,cpu_s_per_gb_cli,7.02497314088,s/GB
s2,bulk-down,RR,5,baseline-arm64-s2-bulk-down-rr-r5-20260924T113146Z,2026-09-24T11:45:43Z,cpu_s_per_gb_srv,10.3663970537,s/GB
s2,bulk-down,RR,5,baseline-arm64-s2-bulk-down-rr-r5-20260924T113146Z,2026-09-24T11:45:43Z,cpu_s_per_gb_total,17.3913701946,s/GB
s2,bulk-down,RR,5,baseline-arm64-s2-bulk-down-rr-r5-20260924T113146Z,2026-09-24T11:45:43Z,rss_kb_cli,6392,kB
s2,bulk-down,RR,5,baseline-arm64-s2-bulk-down-rr-r5-20260924T113146Z,2026-09-24T11:45:43Z,rss_kb_srv,5632,kB
s2,bulk-down,RR,5,baseline-arm64-s2-bulk-down-rr-r5-20260924T113146Z,2026-09-24T11:45:43Z,hwm_kb_cli,6392,kB
s2,bulk-down,RR,5,baseline-arm64-s2-bulk-down-rr-r5-20260924T113146Z,2026-09-24T11:45:43Z,hwm_kb_srv,5632,kB
s2,bulk-down,RR,5,baseline-arm64-s2-bulk-down-rr-r5-20260924T113146Z,2026-09-24T11:45:43Z,out_segs_cli,31056,segments
s2,bulk-down,RR,5,baseline-arm64-s2-bulk-down-rr-r5-20260924T113146Z,2026-09-24T11:45:43Z,out_segs_srv,1381905,segments
s2,bulk-down,RR,5,baseline-arm64-s2-bulk-down-rr-r5-20260924T113146Z,2026-09-24T11:45:43Z,retrans_pct_cli,0,% of OutSegs
s2,bulk-down,RR,5,baseline-arm64-s2-bulk-down-rr-r5-20260924T113146Z,2026-09-24T11:45:43Z,retrans_pct_srv,0,% of OutSegs
s2,bulk-down,RR,5,baseline-arm64-s2-bulk-down-rr-r5-20260924T113146Z,2026-09-24T11:45:43Z,retrans_segs_cli,0,segments
s2,bulk-down,RR,5,baseline-arm64-s2-bulk-down-rr-r5-20260924T113146Z,2026-09-24T11:45:43Z,retrans_segs_srv,0,segments
s2,bulk-down,RR,5,baseline-arm64-s2-bulk-down-rr-r5-20260924T113146Z,2026-09-24T11:45:43Z,fast_retrans_segs_cli,0,segments
s2,bulk-down,RR,5,baseline-arm64-s2-bulk-down-rr-r5-20260924T113146Z,2026-09-24T11:45:43Z,fast_retrans_segs_srv,0,segments
s2,bulk-down,RR,5,baseline-arm64-s2-bulk-down-rr-r5-20260924T113146Z,2026-09-24T11:45:43Z,early_retrans_segs_cli,0,segments
s2,bulk-down,RR,5,baseline-arm64-s2-bulk-down-rr-r5-20260924T113146Z,2026-09-24T11:45:43Z,early_retrans_segs_srv,0,segments
s2,bulk-down,RR,5,baseline-arm64-s2-bulk-down-rr-r5-20260924T113146Z,2026-09-24T11:45:43Z,lost_segs_cli,0,segments
s2,bulk-down,RR,5,baseline-arm64-s2-bulk-down-rr-r5-20260924T113146Z,2026-09-24T11:45:43Z,lost_segs_srv,0,segments
s2,bulk-down,RR,5,baseline-arm64-s2-bulk-down-rr-r5-20260924T113146Z,2026-09-24T11:45:43Z,repeat_segs_cli,0,segments
s2,bulk-down,RR,5,baseline-arm64-s2-bulk-down-rr-r5-20260924T113146Z,2026-09-24T11:45:43Z,repeat_segs_srv,0,segments
s2,bulk-down,GR,5,baseline-arm64-s2-bulk-down-gr-r5-20260924T113146Z,2026-09-24T11:46:30Z,goodput_mbit_s,565.589446066,Mbit/s
s2,bulk-down,GR,5,baseline-arm64-s2-bulk-down-gr-r5-20260924T113146Z,2026-09-24T11:46:30Z,tcp_retransmits,39,segments
s2,bulk-down,GR,5,baseline-arm64-s2-bulk-down-gr-r5-20260924T113146Z,2026-09-24T11:46:30Z,cpu_s_per_gb_cli,12.2867751068,s/GB
s2,bulk-down,GR,5,baseline-arm64-s2-bulk-down-gr-r5-20260924T113146Z,2026-09-24T11:46:30Z,cpu_s_per_gb_srv,11.1980735151,s/GB
s2,bulk-down,GR,5,baseline-arm64-s2-bulk-down-gr-r5-20260924T113146Z,2026-09-24T11:46:30Z,cpu_s_per_gb_total,23.484848622,s/GB
s2,bulk-down,GR,5,baseline-arm64-s2-bulk-down-gr-r5-20260924T113146Z,2026-09-24T11:46:30Z,rss_kb_cli,30976,kB
s2,bulk-down,GR,5,baseline-arm64-s2-bulk-down-gr-r5-20260924T113146Z,2026-09-24T11:46:30Z,rss_kb_srv,5628,kB
s2,bulk-down,GR,5,baseline-arm64-s2-bulk-down-gr-r5-20260924T113146Z,2026-09-24T11:46:30Z,hwm_kb_cli,31856,kB
s2,bulk-down,GR,5,baseline-arm64-s2-bulk-down-gr-r5-20260924T113146Z,2026-09-24T11:46:30Z,hwm_kb_srv,5628,kB
s2,bulk-down,GR,5,baseline-arm64-s2-bulk-down-gr-r5-20260924T113146Z,2026-09-24T11:46:30Z,out_segs_cli,26746,segments
s2,bulk-down,GR,5,baseline-arm64-s2-bulk-down-gr-r5-20260924T113146Z,2026-09-24T11:46:30Z,out_segs_srv,1100366,segments
s2,bulk-down,GR,5,baseline-arm64-s2-bulk-down-gr-r5-20260924T113146Z,2026-09-24T11:46:30Z,retrans_pct_cli,0,% of OutSegs
s2,bulk-down,GR,5,baseline-arm64-s2-bulk-down-gr-r5-20260924T113146Z,2026-09-24T11:46:30Z,retrans_pct_srv,0,% of OutSegs
s2,bulk-down,GR,5,baseline-arm64-s2-bulk-down-gr-r5-20260924T113146Z,2026-09-24T11:46:30Z,retrans_segs_cli,0,segments
s2,bulk-down,GR,5,baseline-arm64-s2-bulk-down-gr-r5-20260924T113146Z,2026-09-24T11:46:30Z,retrans_segs_srv,0,segments
s2,bulk-down,GR,5,baseline-arm64-s2-bulk-down-gr-r5-20260924T113146Z,2026-09-24T11:46:30Z,fast_retrans_segs_cli,0,segments
s2,bulk-down,GR,5,baseline-arm64-s2-bulk-down-gr-r5-20260924T113146Z,2026-09-24T11:46:30Z,fast_retrans_segs_srv,0,segments
s2,bulk-down,GR,5,baseline-arm64-s2-bulk-down-gr-r5-20260924T113146Z,2026-09-24T11:46:30Z,early_retrans_segs_cli,0,segments
s2,bulk-down,GR,5,baseline-arm64-s2-bulk-down-gr-r5-20260924T113146Z,2026-09-24T11:46:30Z,early_retrans_segs_srv,0,segments
s2,bulk-down,GR,5,baseline-arm64-s2-bulk-down-gr-r5-20260924T113146Z,2026-09-24T11:46:30Z,lost_segs_cli,0,segments
s2,bulk-down,GR,5,baseline-arm64-s2-bulk-down-gr-r5-20260924T113146Z,2026-09-24T11:46:30Z,lost_segs_srv,0,segments
s2,bulk-down,GR,5,baseline-arm64-s2-bulk-down-gr-r5-20260924T113146Z,2026-09-24T11:46:30Z,repeat_segs_cli,0,segments
s2,bulk-down,GR,5,baseline-arm64-s2-bulk-down-gr-r5-20260924T113146Z,2026-09-24T11:46:30Z,repeat_segs_srv,0,segments
s2,bulk-down,RG,5,baseline-arm64-s2-bulk-down-rg-r5-20260924T113146Z,2026-09-24T11:47:17Z,goodput_mbit_s,445.854537493,Mbit/s
s2,bulk-down,RG,5,baseline-arm64-s2-bulk-down-rg-r5-20260924T113146Z,2026-09-24T11:47:17Z,tcp_retransmits,13,segments
s2,bulk-down,RG,5,baseline-arm64-s2-bulk-down-rg-r5-20260924T113146Z,2026-09-24T11:47:17Z,cpu_s_per_gb_cli,9.14199556367,s/GB
s2,bulk-down,RG,5,baseline-arm64-s2-bulk-down-rg-r5-20260924T113146Z,2026-09-24T11:47:17Z,cpu_s_per_gb_srv,16.3102531254,s/GB
s2,bulk-down,RG,5,baseline-arm64-s2-bulk-down-rg-r5-20260924T113146Z,2026-09-24T11:47:17Z,cpu_s_per_gb_total,25.452248689,s/GB
s2,bulk-down,RG,5,baseline-arm64-s2-bulk-down-rg-r5-20260924T113146Z,2026-09-24T11:47:17Z,rss_kb_cli,6072,kB
s2,bulk-down,RG,5,baseline-arm64-s2-bulk-down-rg-r5-20260924T113146Z,2026-09-24T11:47:17Z,rss_kb_srv,29720,kB
s2,bulk-down,RG,5,baseline-arm64-s2-bulk-down-rg-r5-20260924T113146Z,2026-09-24T11:47:17Z,hwm_kb_cli,6072,kB
s2,bulk-down,RG,5,baseline-arm64-s2-bulk-down-rg-r5-20260924T113146Z,2026-09-24T11:47:17Z,hwm_kb_srv,29720,kB
s2,bulk-down,RG,5,baseline-arm64-s2-bulk-down-rg-r5-20260924T113146Z,2026-09-24T11:47:17Z,out_segs_cli,22498,segments
s2,bulk-down,RG,5,baseline-arm64-s2-bulk-down-rg-r5-20260924T113146Z,2026-09-24T11:47:17Z,out_segs_srv,1004010,segments
s2,bulk-down,RG,5,baseline-arm64-s2-bulk-down-rg-r5-20260924T113146Z,2026-09-24T11:47:17Z,retrans_pct_cli,0,% of OutSegs
s2,bulk-down,RG,5,baseline-arm64-s2-bulk-down-rg-r5-20260924T113146Z,2026-09-24T11:47:17Z,retrans_pct_srv,0,% of OutSegs
s2,bulk-down,RG,5,baseline-arm64-s2-bulk-down-rg-r5-20260924T113146Z,2026-09-24T11:47:17Z,retrans_segs_cli,0,segments
s2,bulk-down,RG,5,baseline-arm64-s2-bulk-down-rg-r5-20260924T113146Z,2026-09-24T11:47:17Z,retrans_segs_srv,0,segments
s2,bulk-down,RG,5,baseline-arm64-s2-bulk-down-rg-r5-20260924T113146Z,2026-09-24T11:47:17Z,fast_retrans_segs_cli,0,segments
s2,bulk-down,RG,5,baseline-arm64-s2-bulk-down-rg-r5-20260924T113146Z,2026-09-24T11:47:17Z,fast_retrans_segs_srv,0,segments
s2,bulk-down,RG,5,baseline-arm64-s2-bulk-down-rg-r5-20260924T113146Z,2026-09-24T11:47:17Z,early_retrans_segs_cli,0,segments
s2,bulk-down,RG,5,baseline-arm64-s2-bulk-down-rg-r5-20260924T113146Z,2026-09-24T11:47:17Z,early_retrans_segs_srv,0,segments
s2,bulk-down,RG,5,baseline-arm64-s2-bulk-down-rg-r5-20260924T113146Z,2026-09-24T11:47:17Z,lost_segs_cli,0,segments
s2,bulk-down,RG,5,baseline-arm64-s2-bulk-down-rg-r5-20260924T113146Z,2026-09-24T11:47:17Z,lost_segs_srv,0,segments
s2,bulk-down,RG,5,baseline-arm64-s2-bulk-down-rg-r5-20260924T113146Z,2026-09-24T11:47:17Z,repeat_segs_cli,0,segments
s2,bulk-down,RG,5,baseline-arm64-s2-bulk-down-rg-r5-20260924T113146Z,2026-09-24T11:47:17Z,repeat_segs_srv,0,segments
s2,latency,GG,1,baseline-arm64-s2-latency-gg-r1-20260924T114849Z,2026-09-24T11:49:23Z,rtt_p50_ms,0.459775,ms
s2,latency,GG,1,baseline-arm64-s2-latency-gg-r1-20260924T114849Z,2026-09-24T11:49:23Z,rtt_p90_ms,0.665599,ms
s2,latency,GG,1,baseline-arm64-s2-latency-gg-r1-20260924T114849Z,2026-09-24T11:49:23Z,rtt_p99_ms,1.013759,ms
s2,latency,GG,1,baseline-arm64-s2-latency-gg-r1-20260924T114849Z,2026-09-24T11:49:23Z,rtt_max_ms,6.288351,ms
s2,latency,GG,1,baseline-arm64-s2-latency-gg-r1-20260924T114849Z,2026-09-24T11:49:23Z,rtt_errors,0,count
s2,latency,GG,1,baseline-arm64-s2-latency-gg-r1-20260924T114849Z,2026-09-24T11:49:23Z,cpu_s_cli,11.17,s
s2,latency,GG,1,baseline-arm64-s2-latency-gg-r1-20260924T114849Z,2026-09-24T11:49:23Z,cpu_s_srv,11.26,s
s2,latency,GG,1,baseline-arm64-s2-latency-gg-r1-20260924T114849Z,2026-09-24T11:49:23Z,rss_kb_cli,28476,kB
s2,latency,GG,1,baseline-arm64-s2-latency-gg-r1-20260924T114849Z,2026-09-24T11:49:23Z,rss_kb_srv,28476,kB
s2,latency,GG,1,baseline-arm64-s2-latency-gg-r1-20260924T114849Z,2026-09-24T11:49:23Z,hwm_kb_cli,28476,kB
s2,latency,GG,1,baseline-arm64-s2-latency-gg-r1-20260924T114849Z,2026-09-24T11:49:23Z,hwm_kb_srv,28476,kB
s2,latency,RR,1,baseline-arm64-s2-latency-rr-r1-20260924T114849Z,2026-09-24T11:50:08Z,rtt_p50_ms,0.247295,ms
s2,latency,RR,1,baseline-arm64-s2-latency-rr-r1-20260924T114849Z,2026-09-24T11:50:08Z,rtt_p90_ms,0.338943,ms
s2,latency,RR,1,baseline-arm64-s2-latency-rr-r1-20260924T114849Z,2026-09-24T11:50:08Z,rtt_p99_ms,0.571391,ms
s2,latency,RR,1,baseline-arm64-s2-latency-rr-r1-20260924T114849Z,2026-09-24T11:50:08Z,rtt_max_ms,4.302621,ms
s2,latency,RR,1,baseline-arm64-s2-latency-rr-r1-20260924T114849Z,2026-09-24T11:50:08Z,rtt_errors,0,count
s2,latency,RR,1,baseline-arm64-s2-latency-rr-r1-20260924T114849Z,2026-09-24T11:50:08Z,cpu_s_cli,9.79,s
s2,latency,RR,1,baseline-arm64-s2-latency-rr-r1-20260924T114849Z,2026-09-24T11:50:08Z,cpu_s_srv,8.8,s
s2,latency,RR,1,baseline-arm64-s2-latency-rr-r1-20260924T114849Z,2026-09-24T11:50:08Z,rss_kb_cli,5000,kB
s2,latency,RR,1,baseline-arm64-s2-latency-rr-r1-20260924T114849Z,2026-09-24T11:50:08Z,rss_kb_srv,4724,kB
s2,latency,RR,1,baseline-arm64-s2-latency-rr-r1-20260924T114849Z,2026-09-24T11:50:08Z,hwm_kb_cli,5000,kB
s2,latency,RR,1,baseline-arm64-s2-latency-rr-r1-20260924T114849Z,2026-09-24T11:50:08Z,hwm_kb_srv,4724,kB
s2,latency,GG,2,baseline-arm64-s2-latency-gg-r2-20260924T114849Z,2026-09-24T11:50:53Z,rtt_p50_ms,0.470015,ms
s2,latency,GG,2,baseline-arm64-s2-latency-gg-r2-20260924T114849Z,2026-09-24T11:50:53Z,rtt_p90_ms,0.677887,ms
s2,latency,GG,2,baseline-arm64-s2-latency-gg-r2-20260924T114849Z,2026-09-24T11:50:53Z,rtt_p99_ms,1.034239,ms
s2,latency,GG,2,baseline-arm64-s2-latency-gg-r2-20260924T114849Z,2026-09-24T11:50:53Z,rtt_max_ms,10.289611,ms
s2,latency,GG,2,baseline-arm64-s2-latency-gg-r2-20260924T114849Z,2026-09-24T11:50:53Z,rtt_errors,0,count
s2,latency,GG,2,baseline-arm64-s2-latency-gg-r2-20260924T114849Z,2026-09-24T11:50:53Z,cpu_s_cli,11.19,s
s2,latency,GG,2,baseline-arm64-s2-latency-gg-r2-20260924T114849Z,2026-09-24T11:50:53Z,cpu_s_srv,11.2,s
s2,latency,GG,2,baseline-arm64-s2-latency-gg-r2-20260924T114849Z,2026-09-24T11:50:53Z,rss_kb_cli,28740,kB
s2,latency,GG,2,baseline-arm64-s2-latency-gg-r2-20260924T114849Z,2026-09-24T11:50:53Z,rss_kb_srv,28476,kB
s2,latency,GG,2,baseline-arm64-s2-latency-gg-r2-20260924T114849Z,2026-09-24T11:50:53Z,hwm_kb_cli,28740,kB
s2,latency,GG,2,baseline-arm64-s2-latency-gg-r2-20260924T114849Z,2026-09-24T11:50:53Z,hwm_kb_srv,28476,kB
s2,latency,RR,2,baseline-arm64-s2-latency-rr-r2-20260924T114849Z,2026-09-24T11:51:38Z,rtt_p50_ms,0.249343,ms
s2,latency,RR,2,baseline-arm64-s2-latency-rr-r2-20260924T114849Z,2026-09-24T11:51:38Z,rtt_p90_ms,0.338943,ms
s2,latency,RR,2,baseline-arm64-s2-latency-rr-r2-20260924T114849Z,2026-09-24T11:51:38Z,rtt_p99_ms,0.571391,ms
s2,latency,RR,2,baseline-arm64-s2-latency-rr-r2-20260924T114849Z,2026-09-24T11:51:38Z,rtt_max_ms,4.872547,ms
s2,latency,RR,2,baseline-arm64-s2-latency-rr-r2-20260924T114849Z,2026-09-24T11:51:38Z,rtt_errors,0,count
s2,latency,RR,2,baseline-arm64-s2-latency-rr-r2-20260924T114849Z,2026-09-24T11:51:38Z,cpu_s_cli,9.67,s
s2,latency,RR,2,baseline-arm64-s2-latency-rr-r2-20260924T114849Z,2026-09-24T11:51:38Z,cpu_s_srv,8.83,s
s2,latency,RR,2,baseline-arm64-s2-latency-rr-r2-20260924T114849Z,2026-09-24T11:51:38Z,rss_kb_cli,4996,kB
s2,latency,RR,2,baseline-arm64-s2-latency-rr-r2-20260924T114849Z,2026-09-24T11:51:38Z,rss_kb_srv,4756,kB
s2,latency,RR,2,baseline-arm64-s2-latency-rr-r2-20260924T114849Z,2026-09-24T11:51:38Z,hwm_kb_cli,4996,kB
s2,latency,RR,2,baseline-arm64-s2-latency-rr-r2-20260924T114849Z,2026-09-24T11:51:38Z,hwm_kb_srv,4756,kB
s2,latency,GG,3,baseline-arm64-s2-latency-gg-r3-20260924T114849Z,2026-09-24T11:52:24Z,rtt_p50_ms,0.461823,ms
s2,latency,GG,3,baseline-arm64-s2-latency-gg-r3-20260924T114849Z,2026-09-24T11:52:24Z,rtt_p90_ms,0.669695,ms
s2,latency,GG,3,baseline-arm64-s2-latency-gg-r3-20260924T114849Z,2026-09-24T11:52:24Z,rtt_p99_ms,1.085439,ms
s2,latency,GG,3,baseline-arm64-s2-latency-gg-r3-20260924T114849Z,2026-09-24T11:52:24Z,rtt_max_ms,7.460881,ms
s2,latency,GG,3,baseline-arm64-s2-latency-gg-r3-20260924T114849Z,2026-09-24T11:52:24Z,rtt_errors,0,count
s2,latency,GG,3,baseline-arm64-s2-latency-gg-r3-20260924T114849Z,2026-09-24T11:52:24Z,cpu_s_cli,11.16,s
s2,latency,GG,3,baseline-arm64-s2-latency-gg-r3-20260924T114849Z,2026-09-24T11:52:24Z,cpu_s_srv,11.21,s
s2,latency,GG,3,baseline-arm64-s2-latency-gg-r3-20260924T114849Z,2026-09-24T11:52:24Z,rss_kb_cli,28208,kB
s2,latency,GG,3,baseline-arm64-s2-latency-gg-r3-20260924T114849Z,2026-09-24T11:52:24Z,rss_kb_srv,28520,kB
s2,latency,GG,3,baseline-arm64-s2-latency-gg-r3-20260924T114849Z,2026-09-24T11:52:24Z,hwm_kb_cli,28208,kB
s2,latency,GG,3,baseline-arm64-s2-latency-gg-r3-20260924T114849Z,2026-09-24T11:52:24Z,hwm_kb_srv,28520,kB
s2,latency,RR,3,baseline-arm64-s2-latency-rr-r3-20260924T114849Z,2026-09-24T11:53:09Z,rtt_p50_ms,0.252415,ms
s2,latency,RR,3,baseline-arm64-s2-latency-rr-r3-20260924T114849Z,2026-09-24T11:53:09Z,rtt_p90_ms,0.345087,ms
s2,latency,RR,3,baseline-arm64-s2-latency-rr-r3-20260924T114849Z,2026-09-24T11:53:09Z,rtt_p99_ms,0.555007,ms
s2,latency,RR,3,baseline-arm64-s2-latency-rr-r3-20260924T114849Z,2026-09-24T11:53:09Z,rtt_max_ms,4.570505,ms
s2,latency,RR,3,baseline-arm64-s2-latency-rr-r3-20260924T114849Z,2026-09-24T11:53:09Z,rtt_errors,0,count
s2,latency,RR,3,baseline-arm64-s2-latency-rr-r3-20260924T114849Z,2026-09-24T11:53:09Z,cpu_s_cli,9.78,s
s2,latency,RR,3,baseline-arm64-s2-latency-rr-r3-20260924T114849Z,2026-09-24T11:53:09Z,cpu_s_srv,8.76,s
s2,latency,RR,3,baseline-arm64-s2-latency-rr-r3-20260924T114849Z,2026-09-24T11:53:09Z,rss_kb_cli,5000,kB
s2,latency,RR,3,baseline-arm64-s2-latency-rr-r3-20260924T114849Z,2026-09-24T11:53:09Z,rss_kb_srv,4728,kB
s2,latency,RR,3,baseline-arm64-s2-latency-rr-r3-20260924T114849Z,2026-09-24T11:53:09Z,hwm_kb_cli,5000,kB
s2,latency,RR,3,baseline-arm64-s2-latency-rr-r3-20260924T114849Z,2026-09-24T11:53:09Z,hwm_kb_srv,4728,kB
s2,latency,GG,4,baseline-arm64-s2-latency-gg-r4-20260924T114849Z,2026-09-24T11:53:53Z,rtt_p50_ms,0.451583,ms
s2,latency,GG,4,baseline-arm64-s2-latency-gg-r4-20260924T114849Z,2026-09-24T11:53:53Z,rtt_p90_ms,0.653311,ms
s2,latency,GG,4,baseline-arm64-s2-latency-gg-r4-20260924T114849Z,2026-09-24T11:53:53Z,rtt_p99_ms,1.009663,ms
s2,latency,GG,4,baseline-arm64-s2-latency-gg-r4-20260924T114849Z,2026-09-24T11:53:53Z,rtt_max_ms,10.964939,ms
s2,latency,GG,4,baseline-arm64-s2-latency-gg-r4-20260924T114849Z,2026-09-24T11:53:53Z,rtt_errors,0,count
s2,latency,GG,4,baseline-arm64-s2-latency-gg-r4-20260924T114849Z,2026-09-24T11:53:53Z,cpu_s_cli,11.27,s
s2,latency,GG,4,baseline-arm64-s2-latency-gg-r4-20260924T114849Z,2026-09-24T11:53:53Z,cpu_s_srv,11.23,s
s2,latency,GG,4,baseline-arm64-s2-latency-gg-r4-20260924T114849Z,2026-09-24T11:53:53Z,rss_kb_cli,28532,kB
s2,latency,GG,4,baseline-arm64-s2-latency-gg-r4-20260924T114849Z,2026-09-24T11:53:53Z,rss_kb_srv,28356,kB
s2,latency,GG,4,baseline-arm64-s2-latency-gg-r4-20260924T114849Z,2026-09-24T11:53:53Z,hwm_kb_cli,28532,kB
s2,latency,GG,4,baseline-arm64-s2-latency-gg-r4-20260924T114849Z,2026-09-24T11:53:53Z,hwm_kb_srv,28356,kB
s2,latency,RR,4,baseline-arm64-s2-latency-rr-r4-20260924T114849Z,2026-09-24T11:54:39Z,rtt_p50_ms,0.249343,ms
s2,latency,RR,4,baseline-arm64-s2-latency-rr-r4-20260924T114849Z,2026-09-24T11:54:39Z,rtt_p90_ms,0.338943,ms
s2,latency,RR,4,baseline-arm64-s2-latency-rr-r4-20260924T114849Z,2026-09-24T11:54:39Z,rtt_p99_ms,0.579583,ms
s2,latency,RR,4,baseline-arm64-s2-latency-rr-r4-20260924T114849Z,2026-09-24T11:54:39Z,rtt_max_ms,6.753196,ms
s2,latency,RR,4,baseline-arm64-s2-latency-rr-r4-20260924T114849Z,2026-09-24T11:54:39Z,rtt_errors,0,count
s2,latency,RR,4,baseline-arm64-s2-latency-rr-r4-20260924T114849Z,2026-09-24T11:54:39Z,cpu_s_cli,9.7,s
s2,latency,RR,4,baseline-arm64-s2-latency-rr-r4-20260924T114849Z,2026-09-24T11:54:39Z,cpu_s_srv,8.8,s
s2,latency,RR,4,baseline-arm64-s2-latency-rr-r4-20260924T114849Z,2026-09-24T11:54:39Z,rss_kb_cli,4992,kB
s2,latency,RR,4,baseline-arm64-s2-latency-rr-r4-20260924T114849Z,2026-09-24T11:54:39Z,rss_kb_srv,4736,kB
s2,latency,RR,4,baseline-arm64-s2-latency-rr-r4-20260924T114849Z,2026-09-24T11:54:39Z,hwm_kb_cli,4992,kB
s2,latency,RR,4,baseline-arm64-s2-latency-rr-r4-20260924T114849Z,2026-09-24T11:54:39Z,hwm_kb_srv,4736,kB
s2,latency,GG,5,baseline-arm64-s2-latency-gg-r5-20260924T114849Z,2026-09-24T11:55:24Z,rtt_p50_ms,0.459775,ms
s2,latency,GG,5,baseline-arm64-s2-latency-gg-r5-20260924T114849Z,2026-09-24T11:55:24Z,rtt_p90_ms,0.661503,ms
s2,latency,GG,5,baseline-arm64-s2-latency-gg-r5-20260924T114849Z,2026-09-24T11:55:24Z,rtt_p99_ms,1.013759,ms
s2,latency,GG,5,baseline-arm64-s2-latency-gg-r5-20260924T114849Z,2026-09-24T11:55:24Z,rtt_max_ms,4.873466,ms
s2,latency,GG,5,baseline-arm64-s2-latency-gg-r5-20260924T114849Z,2026-09-24T11:55:24Z,rtt_errors,0,count
s2,latency,GG,5,baseline-arm64-s2-latency-gg-r5-20260924T114849Z,2026-09-24T11:55:24Z,cpu_s_cli,11.26,s
s2,latency,GG,5,baseline-arm64-s2-latency-gg-r5-20260924T114849Z,2026-09-24T11:55:24Z,cpu_s_srv,11.23,s
s2,latency,GG,5,baseline-arm64-s2-latency-gg-r5-20260924T114849Z,2026-09-24T11:55:24Z,rss_kb_cli,28376,kB
s2,latency,GG,5,baseline-arm64-s2-latency-gg-r5-20260924T114849Z,2026-09-24T11:55:24Z,rss_kb_srv,28120,kB
s2,latency,GG,5,baseline-arm64-s2-latency-gg-r5-20260924T114849Z,2026-09-24T11:55:24Z,hwm_kb_cli,28376,kB
s2,latency,GG,5,baseline-arm64-s2-latency-gg-r5-20260924T114849Z,2026-09-24T11:55:24Z,hwm_kb_srv,28120,kB
s2,latency,RR,5,baseline-arm64-s2-latency-rr-r5-20260924T114849Z,2026-09-24T11:56:09Z,rtt_p50_ms,0.249343,ms
s2,latency,RR,5,baseline-arm64-s2-latency-rr-r5-20260924T114849Z,2026-09-24T11:56:09Z,rtt_p90_ms,0.343039,ms
s2,latency,RR,5,baseline-arm64-s2-latency-rr-r5-20260924T114849Z,2026-09-24T11:56:09Z,rtt_p99_ms,0.587775,ms
s2,latency,RR,5,baseline-arm64-s2-latency-rr-r5-20260924T114849Z,2026-09-24T11:56:09Z,rtt_max_ms,5.61451,ms
s2,latency,RR,5,baseline-arm64-s2-latency-rr-r5-20260924T114849Z,2026-09-24T11:56:09Z,rtt_errors,0,count
s2,latency,RR,5,baseline-arm64-s2-latency-rr-r5-20260924T114849Z,2026-09-24T11:56:09Z,cpu_s_cli,9.69,s
s2,latency,RR,5,baseline-arm64-s2-latency-rr-r5-20260924T114849Z,2026-09-24T11:56:09Z,cpu_s_srv,8.83,s
s2,latency,RR,5,baseline-arm64-s2-latency-rr-r5-20260924T114849Z,2026-09-24T11:56:09Z,rss_kb_cli,5012,kB
s2,latency,RR,5,baseline-arm64-s2-latency-rr-r5-20260924T114849Z,2026-09-24T11:56:09Z,rss_kb_srv,4704,kB
s2,latency,RR,5,baseline-arm64-s2-latency-rr-r5-20260924T114849Z,2026-09-24T11:56:09Z,hwm_kb_cli,5012,kB
s2,latency,RR,5,baseline-arm64-s2-latency-rr-r5-20260924T114849Z,2026-09-24T11:56:09Z,hwm_kb_srv,4704,kB
s2,latency-loaded,GG,1,baseline-arm64-s2-latency-loaded-gg-r1-20260924T115739Z,2026-09-24T11:58:13Z,rtt_p50_ms,3.334143,ms
s2,latency-loaded,GG,1,baseline-arm64-s2-latency-loaded-gg-r1-20260924T115739Z,2026-09-24T11:58:13Z,rtt_p90_ms,9.011199,ms
s2,latency-loaded,GG,1,baseline-arm64-s2-latency-loaded-gg-r1-20260924T115739Z,2026-09-24T11:58:13Z,rtt_p99_ms,13.467647,ms
s2,latency-loaded,GG,1,baseline-arm64-s2-latency-loaded-gg-r1-20260924T115739Z,2026-09-24T11:58:13Z,rtt_max_ms,28.923272,ms
s2,latency-loaded,GG,1,baseline-arm64-s2-latency-loaded-gg-r1-20260924T115739Z,2026-09-24T11:58:13Z,rtt_errors,0,count
s2,latency-loaded,GG,1,baseline-arm64-s2-latency-loaded-gg-r1-20260924T115739Z,2026-09-24T11:58:13Z,goodput_mbit_s,295.255,Mbit/s
s2,latency-loaded,GG,1,baseline-arm64-s2-latency-loaded-gg-r1-20260924T115739Z,2026-09-24T11:58:13Z,cpu_s_per_gb_cli,18.0845910853,s/GB
s2,latency-loaded,GG,1,baseline-arm64-s2-latency-loaded-gg-r1-20260924T115739Z,2026-09-24T11:58:13Z,cpu_s_per_gb_srv,18.7077305534,s/GB
s2,latency-loaded,GG,1,baseline-arm64-s2-latency-loaded-gg-r1-20260924T115739Z,2026-09-24T11:58:13Z,cpu_s_per_gb_total,36.7923216386,s/GB
s2,latency-loaded,GG,1,baseline-arm64-s2-latency-loaded-gg-r1-20260924T115739Z,2026-09-24T11:58:13Z,rss_kb_cli,29728,kB
s2,latency-loaded,GG,1,baseline-arm64-s2-latency-loaded-gg-r1-20260924T115739Z,2026-09-24T11:58:13Z,rss_kb_srv,30952,kB
s2,latency-loaded,GG,1,baseline-arm64-s2-latency-loaded-gg-r1-20260924T115739Z,2026-09-24T11:58:13Z,hwm_kb_cli,29728,kB
s2,latency-loaded,GG,1,baseline-arm64-s2-latency-loaded-gg-r1-20260924T115739Z,2026-09-24T11:58:13Z,hwm_kb_srv,30952,kB
s2,latency-loaded,GG,1,baseline-arm64-s2-latency-loaded-gg-r1-20260924T115739Z,2026-09-24T11:58:13Z,out_segs_cli,747629,segments
s2,latency-loaded,GG,1,baseline-arm64-s2-latency-loaded-gg-r1-20260924T115739Z,2026-09-24T11:58:13Z,out_segs_srv,29218,segments
s2,latency-loaded,GG,1,baseline-arm64-s2-latency-loaded-gg-r1-20260924T115739Z,2026-09-24T11:58:13Z,retrans_pct_cli,0,% of OutSegs
s2,latency-loaded,GG,1,baseline-arm64-s2-latency-loaded-gg-r1-20260924T115739Z,2026-09-24T11:58:13Z,retrans_pct_srv,0,% of OutSegs
s2,latency-loaded,GG,1,baseline-arm64-s2-latency-loaded-gg-r1-20260924T115739Z,2026-09-24T11:58:13Z,retrans_segs_cli,0,segments
s2,latency-loaded,GG,1,baseline-arm64-s2-latency-loaded-gg-r1-20260924T115739Z,2026-09-24T11:58:13Z,retrans_segs_srv,0,segments
s2,latency-loaded,GG,1,baseline-arm64-s2-latency-loaded-gg-r1-20260924T115739Z,2026-09-24T11:58:13Z,fast_retrans_segs_cli,0,segments
s2,latency-loaded,GG,1,baseline-arm64-s2-latency-loaded-gg-r1-20260924T115739Z,2026-09-24T11:58:13Z,fast_retrans_segs_srv,0,segments
s2,latency-loaded,GG,1,baseline-arm64-s2-latency-loaded-gg-r1-20260924T115739Z,2026-09-24T11:58:13Z,early_retrans_segs_cli,0,segments
s2,latency-loaded,GG,1,baseline-arm64-s2-latency-loaded-gg-r1-20260924T115739Z,2026-09-24T11:58:13Z,early_retrans_segs_srv,0,segments
s2,latency-loaded,GG,1,baseline-arm64-s2-latency-loaded-gg-r1-20260924T115739Z,2026-09-24T11:58:13Z,lost_segs_cli,0,segments
s2,latency-loaded,GG,1,baseline-arm64-s2-latency-loaded-gg-r1-20260924T115739Z,2026-09-24T11:58:13Z,lost_segs_srv,0,segments
s2,latency-loaded,GG,1,baseline-arm64-s2-latency-loaded-gg-r1-20260924T115739Z,2026-09-24T11:58:13Z,repeat_segs_cli,0,segments
s2,latency-loaded,GG,1,baseline-arm64-s2-latency-loaded-gg-r1-20260924T115739Z,2026-09-24T11:58:13Z,repeat_segs_srv,0,segments
s2,latency-loaded,RR,1,baseline-arm64-s2-latency-loaded-rr-r1-20260924T115739Z,2026-09-24T11:58:59Z,rtt_p50_ms,2.105343,ms
s2,latency-loaded,RR,1,baseline-arm64-s2-latency-loaded-rr-r1-20260924T115739Z,2026-09-24T11:58:59Z,rtt_p90_ms,3.727359,ms
s2,latency-loaded,RR,1,baseline-arm64-s2-latency-loaded-rr-r1-20260924T115739Z,2026-09-24T11:58:59Z,rtt_p99_ms,6.438911,ms
s2,latency-loaded,RR,1,baseline-arm64-s2-latency-loaded-rr-r1-20260924T115739Z,2026-09-24T11:58:59Z,rtt_max_ms,19.772903,ms
s2,latency-loaded,RR,1,baseline-arm64-s2-latency-loaded-rr-r1-20260924T115739Z,2026-09-24T11:58:59Z,rtt_errors,0,count
s2,latency-loaded,RR,1,baseline-arm64-s2-latency-loaded-rr-r1-20260924T115739Z,2026-09-24T11:58:59Z,goodput_mbit_s,657.62,Mbit/s
s2,latency-loaded,RR,1,baseline-arm64-s2-latency-loaded-rr-r1-20260924T115739Z,2026-09-24T11:58:59Z,cpu_s_per_gb_cli,9.79219164167,s/GB
s2,latency-loaded,RR,1,baseline-arm64-s2-latency-loaded-rr-r1-20260924T115739Z,2026-09-24T11:58:59Z,cpu_s_per_gb_srv,6.90319100205,s/GB
s2,latency-loaded,RR,1,baseline-arm64-s2-latency-loaded-rr-r1-20260924T115739Z,2026-09-24T11:58:59Z,cpu_s_per_gb_total,16.6953826437,s/GB
s2,latency-loaded,RR,1,baseline-arm64-s2-latency-loaded-rr-r1-20260924T115739Z,2026-09-24T11:58:59Z,rss_kb_cli,5916,kB
s2,latency-loaded,RR,1,baseline-arm64-s2-latency-loaded-rr-r1-20260924T115739Z,2026-09-24T11:58:59Z,rss_kb_srv,6172,kB
s2,latency-loaded,RR,1,baseline-arm64-s2-latency-loaded-rr-r1-20260924T115739Z,2026-09-24T11:58:59Z,hwm_kb_cli,5916,kB
s2,latency-loaded,RR,1,baseline-arm64-s2-latency-loaded-rr-r1-20260924T115739Z,2026-09-24T11:58:59Z,hwm_kb_srv,6248,kB
s2,latency-loaded,RR,1,baseline-arm64-s2-latency-loaded-rr-r1-20260924T115739Z,2026-09-24T11:58:59Z,out_segs_cli,1428030,segments
s2,latency-loaded,RR,1,baseline-arm64-s2-latency-loaded-rr-r1-20260924T115739Z,2026-09-24T11:58:59Z,out_segs_srv,41287,segments
s2,latency-loaded,RR,1,baseline-arm64-s2-latency-loaded-rr-r1-20260924T115739Z,2026-09-24T11:58:59Z,retrans_pct_cli,0,% of OutSegs
s2,latency-loaded,RR,1,baseline-arm64-s2-latency-loaded-rr-r1-20260924T115739Z,2026-09-24T11:58:59Z,retrans_pct_srv,0,% of OutSegs
s2,latency-loaded,RR,1,baseline-arm64-s2-latency-loaded-rr-r1-20260924T115739Z,2026-09-24T11:58:59Z,retrans_segs_cli,0,segments
s2,latency-loaded,RR,1,baseline-arm64-s2-latency-loaded-rr-r1-20260924T115739Z,2026-09-24T11:58:59Z,retrans_segs_srv,0,segments
s2,latency-loaded,RR,1,baseline-arm64-s2-latency-loaded-rr-r1-20260924T115739Z,2026-09-24T11:58:59Z,fast_retrans_segs_cli,0,segments
s2,latency-loaded,RR,1,baseline-arm64-s2-latency-loaded-rr-r1-20260924T115739Z,2026-09-24T11:58:59Z,fast_retrans_segs_srv,0,segments
s2,latency-loaded,RR,1,baseline-arm64-s2-latency-loaded-rr-r1-20260924T115739Z,2026-09-24T11:58:59Z,early_retrans_segs_cli,0,segments
s2,latency-loaded,RR,1,baseline-arm64-s2-latency-loaded-rr-r1-20260924T115739Z,2026-09-24T11:58:59Z,early_retrans_segs_srv,0,segments
s2,latency-loaded,RR,1,baseline-arm64-s2-latency-loaded-rr-r1-20260924T115739Z,2026-09-24T11:58:59Z,lost_segs_cli,0,segments
s2,latency-loaded,RR,1,baseline-arm64-s2-latency-loaded-rr-r1-20260924T115739Z,2026-09-24T11:58:59Z,lost_segs_srv,0,segments
s2,latency-loaded,RR,1,baseline-arm64-s2-latency-loaded-rr-r1-20260924T115739Z,2026-09-24T11:58:59Z,repeat_segs_cli,0,segments
s2,latency-loaded,RR,1,baseline-arm64-s2-latency-loaded-rr-r1-20260924T115739Z,2026-09-24T11:58:59Z,repeat_segs_srv,0,segments
s2,latency-loaded,GG,2,baseline-arm64-s2-latency-loaded-gg-r2-20260924T115739Z,2026-09-24T11:59:44Z,rtt_p50_ms,3.252223,ms
s2,latency-loaded,GG,2,baseline-arm64-s2-latency-loaded-gg-r2-20260924T115739Z,2026-09-24T11:59:44Z,rtt_p90_ms,8.617983,ms
s2,latency-loaded,GG,2,baseline-arm64-s2-latency-loaded-gg-r2-20260924T115739Z,2026-09-24T11:59:44Z,rtt_p99_ms,13.139967,ms
s2,latency-loaded,GG,2,baseline-arm64-s2-latency-loaded-gg-r2-20260924T115739Z,2026-09-24T11:59:44Z,rtt_max_ms,50.551463,ms
s2,latency-loaded,GG,2,baseline-arm64-s2-latency-loaded-gg-r2-20260924T115739Z,2026-09-24T11:59:44Z,rtt_errors,0,count
s2,latency-loaded,GG,2,baseline-arm64-s2-latency-loaded-gg-r2-20260924T115739Z,2026-09-24T11:59:44Z,goodput_mbit_s,305.329,Mbit/s
s2,latency-loaded,GG,2,baseline-arm64-s2-latency-loaded-gg-r2-20260924T115739Z,2026-09-24T11:59:44Z,cpu_s_per_gb_cli,17.7503942133,s/GB
s2,latency-loaded,GG,2,baseline-arm64-s2-latency-loaded-gg-r2-20260924T115739Z,2026-09-24T11:59:44Z,cpu_s_per_gb_srv,18.2743910905,s/GB
s2,latency-loaded,GG,2,baseline-arm64-s2-latency-loaded-gg-r2-20260924T115739Z,2026-09-24T11:59:44Z,cpu_s_per_gb_total,36.0247853038,s/GB
s2,latency-loaded,GG,2,baseline-arm64-s2-latency-loaded-gg-r2-20260924T115739Z,2026-09-24T11:59:44Z,rss_kb_cli,29452,kB
s2,latency-loaded,GG,2,baseline-arm64-s2-latency-loaded-gg-r2-20260924T115739Z,2026-09-24T11:59:44Z,rss_kb_srv,30360,kB
s2,latency-loaded,GG,2,baseline-arm64-s2-latency-loaded-gg-r2-20260924T115739Z,2026-09-24T11:59:44Z,hwm_kb_cli,29452,kB
s2,latency-loaded,GG,2,baseline-arm64-s2-latency-loaded-gg-r2-20260924T115739Z,2026-09-24T11:59:44Z,hwm_kb_srv,30956,kB
s2,latency-loaded,GG,2,baseline-arm64-s2-latency-loaded-gg-r2-20260924T115739Z,2026-09-24T11:59:44Z,out_segs_cli,769149,segments
s2,latency-loaded,GG,2,baseline-arm64-s2-latency-loaded-gg-r2-20260924T115739Z,2026-09-24T11:59:44Z,out_segs_srv,29928,segments
s2,latency-loaded,GG,2,baseline-arm64-s2-latency-loaded-gg-r2-20260924T115739Z,2026-09-24T11:59:44Z,retrans_pct_cli,0,% of OutSegs
s2,latency-loaded,GG,2,baseline-arm64-s2-latency-loaded-gg-r2-20260924T115739Z,2026-09-24T11:59:44Z,retrans_pct_srv,0,% of OutSegs
s2,latency-loaded,GG,2,baseline-arm64-s2-latency-loaded-gg-r2-20260924T115739Z,2026-09-24T11:59:44Z,retrans_segs_cli,0,segments
s2,latency-loaded,GG,2,baseline-arm64-s2-latency-loaded-gg-r2-20260924T115739Z,2026-09-24T11:59:44Z,retrans_segs_srv,0,segments
s2,latency-loaded,GG,2,baseline-arm64-s2-latency-loaded-gg-r2-20260924T115739Z,2026-09-24T11:59:44Z,fast_retrans_segs_cli,0,segments
s2,latency-loaded,GG,2,baseline-arm64-s2-latency-loaded-gg-r2-20260924T115739Z,2026-09-24T11:59:44Z,fast_retrans_segs_srv,0,segments
s2,latency-loaded,GG,2,baseline-arm64-s2-latency-loaded-gg-r2-20260924T115739Z,2026-09-24T11:59:44Z,early_retrans_segs_cli,0,segments
s2,latency-loaded,GG,2,baseline-arm64-s2-latency-loaded-gg-r2-20260924T115739Z,2026-09-24T11:59:44Z,early_retrans_segs_srv,0,segments
s2,latency-loaded,GG,2,baseline-arm64-s2-latency-loaded-gg-r2-20260924T115739Z,2026-09-24T11:59:44Z,lost_segs_cli,0,segments
s2,latency-loaded,GG,2,baseline-arm64-s2-latency-loaded-gg-r2-20260924T115739Z,2026-09-24T11:59:44Z,lost_segs_srv,0,segments
s2,latency-loaded,GG,2,baseline-arm64-s2-latency-loaded-gg-r2-20260924T115739Z,2026-09-24T11:59:44Z,repeat_segs_cli,0,segments
s2,latency-loaded,GG,2,baseline-arm64-s2-latency-loaded-gg-r2-20260924T115739Z,2026-09-24T11:59:44Z,repeat_segs_srv,0,segments
s2,latency-loaded,RR,2,baseline-arm64-s2-latency-loaded-rr-r2-20260924T115739Z,2026-09-24T12:00:29Z,rtt_p50_ms,2.084863,ms
s2,latency-loaded,RR,2,baseline-arm64-s2-latency-loaded-rr-r2-20260924T115739Z,2026-09-24T12:00:29Z,rtt_p90_ms,3.612671,ms
s2,latency-loaded,RR,2,baseline-arm64-s2-latency-loaded-rr-r2-20260924T115739Z,2026-09-24T12:00:29Z,rtt_p99_ms,7.585791,ms
s2,latency-loaded,RR,2,baseline-arm64-s2-latency-loaded-rr-r2-20260924T115739Z,2026-09-24T12:00:29Z,rtt_max_ms,28.533988,ms
s2,latency-loaded,RR,2,baseline-arm64-s2-latency-loaded-rr-r2-20260924T115739Z,2026-09-24T12:00:29Z,rtt_errors,0,count
s2,latency-loaded,RR,2,baseline-arm64-s2-latency-loaded-rr-r2-20260924T115739Z,2026-09-24T12:00:29Z,goodput_mbit_s,671.038,Mbit/s
s2,latency-loaded,RR,2,baseline-arm64-s2-latency-loaded-rr-r2-20260924T115739Z,2026-09-24T12:00:29Z,cpu_s_per_gb_cli,9.64403152466,s/GB
s2,latency-loaded,RR,2,baseline-arm64-s2-latency-loaded-rr-r2-20260924T115739Z,2026-09-24T12:00:29Z,cpu_s_per_gb_srv,6.9260597229,s/GB
s2,latency-loaded,RR,2,baseline-arm64-s2-latency-loaded-rr-r2-20260924T115739Z,2026-09-24T12:00:29Z,cpu_s_per_gb_total,16.5700912476,s/GB
s2,latency-loaded,RR,2,baseline-arm64-s2-latency-loaded-rr-r2-20260924T115739Z,2026-09-24T12:00:29Z,rss_kb_cli,5912,kB
s2,latency-loaded,RR,2,baseline-arm64-s2-latency-loaded-rr-r2-20260924T115739Z,2026-09-24T12:00:29Z,rss_kb_srv,6276,kB
s2,latency-loaded,RR,2,baseline-arm64-s2-latency-loaded-rr-r2-20260924T115739Z,2026-09-24T12:00:29Z,hwm_kb_cli,5912,kB
s2,latency-loaded,RR,2,baseline-arm64-s2-latency-loaded-rr-r2-20260924T115739Z,2026-09-24T12:00:29Z,hwm_kb_srv,6276,kB
s2,latency-loaded,RR,2,baseline-arm64-s2-latency-loaded-rr-r2-20260924T115739Z,2026-09-24T12:00:29Z,out_segs_cli,1457167,segments
s2,latency-loaded,RR,2,baseline-arm64-s2-latency-loaded-rr-r2-20260924T115739Z,2026-09-24T12:00:29Z,out_segs_srv,42195,segments
s2,latency-loaded,RR,2,baseline-arm64-s2-latency-loaded-rr-r2-20260924T115739Z,2026-09-24T12:00:29Z,retrans_pct_cli,0,% of OutSegs
s2,latency-loaded,RR,2,baseline-arm64-s2-latency-loaded-rr-r2-20260924T115739Z,2026-09-24T12:00:29Z,retrans_pct_srv,0,% of OutSegs
s2,latency-loaded,RR,2,baseline-arm64-s2-latency-loaded-rr-r2-20260924T115739Z,2026-09-24T12:00:29Z,retrans_segs_cli,0,segments
s2,latency-loaded,RR,2,baseline-arm64-s2-latency-loaded-rr-r2-20260924T115739Z,2026-09-24T12:00:29Z,retrans_segs_srv,0,segments
s2,latency-loaded,RR,2,baseline-arm64-s2-latency-loaded-rr-r2-20260924T115739Z,2026-09-24T12:00:29Z,fast_retrans_segs_cli,0,segments
s2,latency-loaded,RR,2,baseline-arm64-s2-latency-loaded-rr-r2-20260924T115739Z,2026-09-24T12:00:29Z,fast_retrans_segs_srv,0,segments
s2,latency-loaded,RR,2,baseline-arm64-s2-latency-loaded-rr-r2-20260924T115739Z,2026-09-24T12:00:29Z,early_retrans_segs_cli,0,segments
s2,latency-loaded,RR,2,baseline-arm64-s2-latency-loaded-rr-r2-20260924T115739Z,2026-09-24T12:00:29Z,early_retrans_segs_srv,0,segments
s2,latency-loaded,RR,2,baseline-arm64-s2-latency-loaded-rr-r2-20260924T115739Z,2026-09-24T12:00:29Z,lost_segs_cli,0,segments
s2,latency-loaded,RR,2,baseline-arm64-s2-latency-loaded-rr-r2-20260924T115739Z,2026-09-24T12:00:29Z,lost_segs_srv,0,segments
s2,latency-loaded,RR,2,baseline-arm64-s2-latency-loaded-rr-r2-20260924T115739Z,2026-09-24T12:00:29Z,repeat_segs_cli,0,segments
s2,latency-loaded,RR,2,baseline-arm64-s2-latency-loaded-rr-r2-20260924T115739Z,2026-09-24T12:00:29Z,repeat_segs_srv,0,segments
s2,latency-loaded,GG,3,baseline-arm64-s2-latency-loaded-gg-r3-20260924T115739Z,2026-09-24T12:01:15Z,rtt_p50_ms,3.334143,ms
s2,latency-loaded,GG,3,baseline-arm64-s2-latency-loaded-gg-r3-20260924T115739Z,2026-09-24T12:01:15Z,rtt_p90_ms,9.273343,ms
s2,latency-loaded,GG,3,baseline-arm64-s2-latency-loaded-gg-r3-20260924T115739Z,2026-09-24T12:01:15Z,rtt_p99_ms,13.533183,ms
s2,latency-loaded,GG,3,baseline-arm64-s2-latency-loaded-gg-r3-20260924T115739Z,2026-09-24T12:01:15Z,rtt_max_ms,22.030594,ms
s2,latency-loaded,GG,3,baseline-arm64-s2-latency-loaded-gg-r3-20260924T115739Z,2026-09-24T12:01:15Z,rtt_errors,0,count
s2,latency-loaded,GG,3,baseline-arm64-s2-latency-loaded-gg-r3-20260924T115739Z,2026-09-24T12:01:15Z,goodput_mbit_s,291.905,Mbit/s
s2,latency-loaded,GG,3,baseline-arm64-s2-latency-loaded-gg-r3-20260924T115739Z,2026-09-24T12:01:15Z,cpu_s_per_gb_cli,18.1006289077,s/GB
s2,latency-loaded,GG,3,baseline-arm64-s2-latency-loaded-gg-r3-20260924T115739Z,2026-09-24T12:01:15Z,cpu_s_per_gb_srv,19.0323796766,s/GB
s2,latency-loaded,GG,3,baseline-arm64-s2-latency-loaded-gg-r3-20260924T115739Z,2026-09-24T12:01:15Z,cpu_s_per_gb_total,37.1330085842,s/GB
s2,latency-loaded,GG,3,baseline-arm64-s2-latency-loaded-gg-r3-20260924T115739Z,2026-09-24T12:01:15Z,rss_kb_cli,29832,kB
s2,latency-loaded,GG,3,baseline-arm64-s2-latency-loaded-gg-r3-20260924T115739Z,2026-09-24T12:01:15Z,rss_kb_srv,30236,kB
s2,latency-loaded,GG,3,baseline-arm64-s2-latency-loaded-gg-r3-20260924T115739Z,2026-09-24T12:01:15Z,hwm_kb_cli,29832,kB
s2,latency-loaded,GG,3,baseline-arm64-s2-latency-loaded-gg-r3-20260924T115739Z,2026-09-24T12:01:15Z,hwm_kb_srv,30484,kB
s2,latency-loaded,GG,3,baseline-arm64-s2-latency-loaded-gg-r3-20260924T115739Z,2026-09-24T12:01:15Z,out_segs_cli,738875,segments
s2,latency-loaded,GG,3,baseline-arm64-s2-latency-loaded-gg-r3-20260924T115739Z,2026-09-24T12:01:15Z,out_segs_srv,29203,segments
s2,latency-loaded,GG,3,baseline-arm64-s2-latency-loaded-gg-r3-20260924T115739Z,2026-09-24T12:01:15Z,retrans_pct_cli,0,% of OutSegs
s2,latency-loaded,GG,3,baseline-arm64-s2-latency-loaded-gg-r3-20260924T115739Z,2026-09-24T12:01:15Z,retrans_pct_srv,0,% of OutSegs
s2,latency-loaded,GG,3,baseline-arm64-s2-latency-loaded-gg-r3-20260924T115739Z,2026-09-24T12:01:15Z,retrans_segs_cli,0,segments
s2,latency-loaded,GG,3,baseline-arm64-s2-latency-loaded-gg-r3-20260924T115739Z,2026-09-24T12:01:15Z,retrans_segs_srv,0,segments
s2,latency-loaded,GG,3,baseline-arm64-s2-latency-loaded-gg-r3-20260924T115739Z,2026-09-24T12:01:15Z,fast_retrans_segs_cli,0,segments
s2,latency-loaded,GG,3,baseline-arm64-s2-latency-loaded-gg-r3-20260924T115739Z,2026-09-24T12:01:15Z,fast_retrans_segs_srv,0,segments
s2,latency-loaded,GG,3,baseline-arm64-s2-latency-loaded-gg-r3-20260924T115739Z,2026-09-24T12:01:15Z,early_retrans_segs_cli,0,segments
s2,latency-loaded,GG,3,baseline-arm64-s2-latency-loaded-gg-r3-20260924T115739Z,2026-09-24T12:01:15Z,early_retrans_segs_srv,0,segments
s2,latency-loaded,GG,3,baseline-arm64-s2-latency-loaded-gg-r3-20260924T115739Z,2026-09-24T12:01:15Z,lost_segs_cli,0,segments
s2,latency-loaded,GG,3,baseline-arm64-s2-latency-loaded-gg-r3-20260924T115739Z,2026-09-24T12:01:15Z,lost_segs_srv,0,segments
s2,latency-loaded,GG,3,baseline-arm64-s2-latency-loaded-gg-r3-20260924T115739Z,2026-09-24T12:01:15Z,repeat_segs_cli,0,segments
s2,latency-loaded,GG,3,baseline-arm64-s2-latency-loaded-gg-r3-20260924T115739Z,2026-09-24T12:01:15Z,repeat_segs_srv,0,segments
s2,latency-loaded,RR,3,baseline-arm64-s2-latency-loaded-rr-r3-20260924T115739Z,2026-09-24T12:02:00Z,rtt_p50_ms,2.105343,ms
s2,latency-loaded,RR,3,baseline-arm64-s2-latency-loaded-rr-r3-20260924T115739Z,2026-09-24T12:02:00Z,rtt_p90_ms,3.678207,ms
s2,latency-loaded,RR,3,baseline-arm64-s2-latency-loaded-rr-r3-20260924T115739Z,2026-09-24T12:02:00Z,rtt_p99_ms,6.438911,ms
s2,latency-loaded,RR,3,baseline-arm64-s2-latency-loaded-rr-r3-20260924T115739Z,2026-09-24T12:02:00Z,rtt_max_ms,13.260148,ms
s2,latency-loaded,RR,3,baseline-arm64-s2-latency-loaded-rr-r3-20260924T115739Z,2026-09-24T12:02:00Z,rtt_errors,0,count
s2,latency-loaded,RR,3,baseline-arm64-s2-latency-loaded-rr-r3-20260924T115739Z,2026-09-24T12:02:00Z,goodput_mbit_s,667.674,Mbit/s
s2,latency-loaded,RR,3,baseline-arm64-s2-latency-loaded-rr-r3-20260924T115739Z,2026-09-24T12:02:00Z,cpu_s_per_gb_cli,9.67452274495,s/GB
s2,latency-loaded,RR,3,baseline-arm64-s2-latency-loaded-rr-r3-20260924T115739Z,2026-09-24T12:02:00Z,cpu_s_per_gb_srv,6.86501737815,s/GB
s2,latency-loaded,RR,3,baseline-arm64-s2-latency-loaded-rr-r3-20260924T115739Z,2026-09-24T12:02:00Z,cpu_s_per_gb_total,16.5395401231,s/GB
s2,latency-loaded,RR,3,baseline-arm64-s2-latency-loaded-rr-r3-20260924T115739Z,2026-09-24T12:02:00Z,rss_kb_cli,5908,kB
s2,latency-loaded,RR,3,baseline-arm64-s2-latency-loaded-rr-r3-20260924T115739Z,2026-09-24T12:02:00Z,rss_kb_srv,6432,kB
s2,latency-loaded,RR,3,baseline-arm64-s2-latency-loaded-rr-r3-20260924T115739Z,2026-09-24T12:02:00Z,hwm_kb_cli,5908,kB
s2,latency-loaded,RR,3,baseline-arm64-s2-latency-loaded-rr-r3-20260924T115739Z,2026-09-24T12:02:00Z,hwm_kb_srv,6432,kB
s2,latency-loaded,RR,3,baseline-arm64-s2-latency-loaded-rr-r3-20260924T115739Z,2026-09-24T12:02:00Z,out_segs_cli,1443779,segments
s2,latency-loaded,RR,3,baseline-arm64-s2-latency-loaded-rr-r3-20260924T115739Z,2026-09-24T12:02:00Z,out_segs_srv,41317,segments
s2,latency-loaded,RR,3,baseline-arm64-s2-latency-loaded-rr-r3-20260924T115739Z,2026-09-24T12:02:00Z,retrans_pct_cli,0,% of OutSegs
s2,latency-loaded,RR,3,baseline-arm64-s2-latency-loaded-rr-r3-20260924T115739Z,2026-09-24T12:02:00Z,retrans_pct_srv,0,% of OutSegs
s2,latency-loaded,RR,3,baseline-arm64-s2-latency-loaded-rr-r3-20260924T115739Z,2026-09-24T12:02:00Z,retrans_segs_cli,0,segments
s2,latency-loaded,RR,3,baseline-arm64-s2-latency-loaded-rr-r3-20260924T115739Z,2026-09-24T12:02:00Z,retrans_segs_srv,0,segments
s2,latency-loaded,RR,3,baseline-arm64-s2-latency-loaded-rr-r3-20260924T115739Z,2026-09-24T12:02:00Z,fast_retrans_segs_cli,0,segments
s2,latency-loaded,RR,3,baseline-arm64-s2-latency-loaded-rr-r3-20260924T115739Z,2026-09-24T12:02:00Z,fast_retrans_segs_srv,0,segments
s2,latency-loaded,RR,3,baseline-arm64-s2-latency-loaded-rr-r3-20260924T115739Z,2026-09-24T12:02:00Z,early_retrans_segs_cli,0,segments
s2,latency-loaded,RR,3,baseline-arm64-s2-latency-loaded-rr-r3-20260924T115739Z,2026-09-24T12:02:00Z,early_retrans_segs_srv,0,segments
s2,latency-loaded,RR,3,baseline-arm64-s2-latency-loaded-rr-r3-20260924T115739Z,2026-09-24T12:02:00Z,lost_segs_cli,0,segments
s2,latency-loaded,RR,3,baseline-arm64-s2-latency-loaded-rr-r3-20260924T115739Z,2026-09-24T12:02:00Z,lost_segs_srv,0,segments
s2,latency-loaded,RR,3,baseline-arm64-s2-latency-loaded-rr-r3-20260924T115739Z,2026-09-24T12:02:00Z,repeat_segs_cli,0,segments
s2,latency-loaded,RR,3,baseline-arm64-s2-latency-loaded-rr-r3-20260924T115739Z,2026-09-24T12:02:00Z,repeat_segs_srv,0,segments
s2,latency-loaded,GG,4,baseline-arm64-s2-latency-loaded-gg-r4-20260924T115739Z,2026-09-24T12:02:46Z,rtt_p50_ms,3.350527,ms
s2,latency-loaded,GG,4,baseline-arm64-s2-latency-loaded-gg-r4-20260924T115739Z,2026-09-24T12:02:46Z,rtt_p90_ms,8.208383,ms
s2,latency-loaded,GG,4,baseline-arm64-s2-latency-loaded-gg-r4-20260924T115739Z,2026-09-24T12:02:46Z,rtt_p99_ms,13.664255,ms
s2,latency-loaded,GG,4,baseline-arm64-s2-latency-loaded-gg-r4-20260924T115739Z,2026-09-24T12:02:46Z,rtt_max_ms,19.052138,ms
s2,latency-loaded,GG,4,baseline-arm64-s2-latency-loaded-gg-r4-20260924T115739Z,2026-09-24T12:02:46Z,rtt_errors,0,count
s2,latency-loaded,GG,4,baseline-arm64-s2-latency-loaded-gg-r4-20260924T115739Z,2026-09-24T12:02:46Z,goodput_mbit_s,291.911,Mbit/s
s2,latency-loaded,GG,4,baseline-arm64-s2-latency-loaded-gg-r4-20260924T115739Z,2026-09-24T12:02:46Z,cpu_s_per_gb_cli,18.2376510796,s/GB
s2,latency-loaded,GG,4,baseline-arm64-s2-latency-loaded-gg-r4-20260924T115739Z,2026-09-24T12:02:46Z,cpu_s_per_gb_srv,18.8953575047,s/GB
s2,latency-loaded,GG,4,baseline-arm64-s2-latency-loaded-gg-r4-20260924T115739Z,2026-09-24T12:02:46Z,cpu_s_per_gb_total,37.1330085842,s/GB
s2,latency-loaded,GG,4,baseline-arm64-s2-latency-loaded-gg-r4-20260924T115739Z,2026-09-24T12:02:46Z,rss_kb_cli,29896,kB
s2,latency-loaded,GG,4,baseline-arm64-s2-latency-loaded-gg-r4-20260924T115739Z,2026-09-24T12:02:46Z,rss_kb_srv,30116,kB
s2,latency-loaded,GG,4,baseline-arm64-s2-latency-loaded-gg-r4-20260924T115739Z,2026-09-24T12:02:46Z,hwm_kb_cli,29896,kB
s2,latency-loaded,GG,4,baseline-arm64-s2-latency-loaded-gg-r4-20260924T115739Z,2026-09-24T12:02:46Z,hwm_kb_srv,30612,kB
s2,latency-loaded,GG,4,baseline-arm64-s2-latency-loaded-gg-r4-20260924T115739Z,2026-09-24T12:02:46Z,out_segs_cli,738064,segments
s2,latency-loaded,GG,4,baseline-arm64-s2-latency-loaded-gg-r4-20260924T115739Z,2026-09-24T12:02:46Z,out_segs_srv,29409,segments
s2,latency-loaded,GG,4,baseline-arm64-s2-latency-loaded-gg-r4-20260924T115739Z,2026-09-24T12:02:46Z,retrans_pct_cli,0,% of OutSegs
s2,latency-loaded,GG,4,baseline-arm64-s2-latency-loaded-gg-r4-20260924T115739Z,2026-09-24T12:02:46Z,retrans_pct_srv,0,% of OutSegs
s2,latency-loaded,GG,4,baseline-arm64-s2-latency-loaded-gg-r4-20260924T115739Z,2026-09-24T12:02:46Z,retrans_segs_cli,0,segments
s2,latency-loaded,GG,4,baseline-arm64-s2-latency-loaded-gg-r4-20260924T115739Z,2026-09-24T12:02:46Z,retrans_segs_srv,0,segments
s2,latency-loaded,GG,4,baseline-arm64-s2-latency-loaded-gg-r4-20260924T115739Z,2026-09-24T12:02:46Z,fast_retrans_segs_cli,0,segments
s2,latency-loaded,GG,4,baseline-arm64-s2-latency-loaded-gg-r4-20260924T115739Z,2026-09-24T12:02:46Z,fast_retrans_segs_srv,0,segments
s2,latency-loaded,GG,4,baseline-arm64-s2-latency-loaded-gg-r4-20260924T115739Z,2026-09-24T12:02:46Z,early_retrans_segs_cli,0,segments
s2,latency-loaded,GG,4,baseline-arm64-s2-latency-loaded-gg-r4-20260924T115739Z,2026-09-24T12:02:46Z,early_retrans_segs_srv,0,segments
s2,latency-loaded,GG,4,baseline-arm64-s2-latency-loaded-gg-r4-20260924T115739Z,2026-09-24T12:02:46Z,lost_segs_cli,0,segments
s2,latency-loaded,GG,4,baseline-arm64-s2-latency-loaded-gg-r4-20260924T115739Z,2026-09-24T12:02:46Z,lost_segs_srv,0,segments
s2,latency-loaded,GG,4,baseline-arm64-s2-latency-loaded-gg-r4-20260924T115739Z,2026-09-24T12:02:46Z,repeat_segs_cli,0,segments
s2,latency-loaded,GG,4,baseline-arm64-s2-latency-loaded-gg-r4-20260924T115739Z,2026-09-24T12:02:46Z,repeat_segs_srv,0,segments
s2,latency-loaded,RR,4,baseline-arm64-s2-latency-loaded-rr-r4-20260924T115739Z,2026-09-24T12:03:31Z,rtt_p50_ms,2.121727,ms
s2,latency-loaded,RR,4,baseline-arm64-s2-latency-loaded-rr-r4-20260924T115739Z,2026-09-24T12:03:31Z,rtt_p90_ms,3.710975,ms
s2,latency-loaded,RR,4,baseline-arm64-s2-latency-loaded-rr-r4-20260924T115739Z,2026-09-24T12:03:31Z,rtt_p99_ms,6.963199,ms
s2,latency-loaded,RR,4,baseline-arm64-s2-latency-loaded-rr-r4-20260924T115739Z,2026-09-24T12:03:31Z,rtt_max_ms,17.728611,ms
s2,latency-loaded,RR,4,baseline-arm64-s2-latency-loaded-rr-r4-20260924T115739Z,2026-09-24T12:03:31Z,rtt_errors,0,count
s2,latency-loaded,RR,4,baseline-arm64-s2-latency-loaded-rr-r4-20260924T115739Z,2026-09-24T12:03:31Z,goodput_mbit_s,657.632,Mbit/s
s2,latency-loaded,RR,4,baseline-arm64-s2-latency-loaded-rr-r4-20260924T115739Z,2026-09-24T12:03:31Z,cpu_s_per_gb_cli,9.70096004253,s/GB
s2,latency-loaded,RR,4,baseline-arm64-s2-latency-loaded-rr-r4-20260924T115739Z,2026-09-24T12:03:31Z,cpu_s_per_gb_srv,6.89710889544,s/GB
s2,latency-loaded,RR,4,baseline-arm64-s2-latency-loaded-rr-r4-20260924T115739Z,2026-09-24T12:03:31Z,cpu_s_per_gb_total,16.598068938,s/GB
s2,latency-loaded,RR,4,baseline-arm64-s2-latency-loaded-rr-r4-20260924T115739Z,2026-09-24T12:03:31Z,rss_kb_cli,5908,kB
s2,latency-loaded,RR,4,baseline-arm64-s2-latency-loaded-rr-r4-20260924T115739Z,2026-09-24T12:03:31Z,rss_kb_srv,6412,kB
s2,latency-loaded,RR,4,baseline-arm64-s2-latency-loaded-rr-r4-20260924T115739Z,2026-09-24T12:03:31Z,hwm_kb_cli,5908,kB
s2,latency-loaded,RR,4,baseline-arm64-s2-latency-loaded-rr-r4-20260924T115739Z,2026-09-24T12:03:31Z,hwm_kb_srv,6412,kB
s2,latency-loaded,RR,4,baseline-arm64-s2-latency-loaded-rr-r4-20260924T115739Z,2026-09-24T12:03:31Z,out_segs_cli,1428022,segments
s2,latency-loaded,RR,4,baseline-arm64-s2-latency-loaded-rr-r4-20260924T115739Z,2026-09-24T12:03:31Z,out_segs_srv,41242,segments
s2,latency-loaded,RR,4,baseline-arm64-s2-latency-loaded-rr-r4-20260924T115739Z,2026-09-24T12:03:31Z,retrans_pct_cli,0,% of OutSegs
s2,latency-loaded,RR,4,baseline-arm64-s2-latency-loaded-rr-r4-20260924T115739Z,2026-09-24T12:03:31Z,retrans_pct_srv,0,% of OutSegs
s2,latency-loaded,RR,4,baseline-arm64-s2-latency-loaded-rr-r4-20260924T115739Z,2026-09-24T12:03:31Z,retrans_segs_cli,0,segments
s2,latency-loaded,RR,4,baseline-arm64-s2-latency-loaded-rr-r4-20260924T115739Z,2026-09-24T12:03:31Z,retrans_segs_srv,0,segments
s2,latency-loaded,RR,4,baseline-arm64-s2-latency-loaded-rr-r4-20260924T115739Z,2026-09-24T12:03:31Z,fast_retrans_segs_cli,0,segments
s2,latency-loaded,RR,4,baseline-arm64-s2-latency-loaded-rr-r4-20260924T115739Z,2026-09-24T12:03:31Z,fast_retrans_segs_srv,0,segments
s2,latency-loaded,RR,4,baseline-arm64-s2-latency-loaded-rr-r4-20260924T115739Z,2026-09-24T12:03:31Z,early_retrans_segs_cli,0,segments
s2,latency-loaded,RR,4,baseline-arm64-s2-latency-loaded-rr-r4-20260924T115739Z,2026-09-24T12:03:31Z,early_retrans_segs_srv,0,segments
s2,latency-loaded,RR,4,baseline-arm64-s2-latency-loaded-rr-r4-20260924T115739Z,2026-09-24T12:03:31Z,lost_segs_cli,0,segments
s2,latency-loaded,RR,4,baseline-arm64-s2-latency-loaded-rr-r4-20260924T115739Z,2026-09-24T12:03:31Z,lost_segs_srv,0,segments
s2,latency-loaded,RR,4,baseline-arm64-s2-latency-loaded-rr-r4-20260924T115739Z,2026-09-24T12:03:31Z,repeat_segs_cli,0,segments
s2,latency-loaded,RR,4,baseline-arm64-s2-latency-loaded-rr-r4-20260924T115739Z,2026-09-24T12:03:31Z,repeat_segs_srv,0,segments
s2,latency-loaded,GG,5,baseline-arm64-s2-latency-loaded-gg-r5-20260924T115739Z,2026-09-24T12:04:17Z,rtt_p50_ms,3.317759,ms
s2,latency-loaded,GG,5,baseline-arm64-s2-latency-loaded-gg-r5-20260924T115739Z,2026-09-24T12:04:17Z,rtt_p90_ms,8.683519,ms
s2,latency-loaded,GG,5,baseline-arm64-s2-latency-loaded-gg-r5-20260924T115739Z,2026-09-24T12:04:17Z,rtt_p99_ms,13.533183,ms
s2,latency-loaded,GG,5,baseline-arm64-s2-latency-loaded-gg-r5-20260924T115739Z,2026-09-24T12:04:17Z,rtt_max_ms,29.921353,ms
s2,latency-loaded,GG,5,baseline-arm64-s2-latency-loaded-gg-r5-20260924T115739Z,2026-09-24T12:04:17Z,rtt_errors,0,count
s2,latency-loaded,GG,5,baseline-arm64-s2-latency-loaded-gg-r5-20260924T115739Z,2026-09-24T12:04:17Z,goodput_mbit_s,285.196,Mbit/s
s2,latency-loaded,GG,5,baseline-arm64-s2-latency-loaded-gg-r5-20260924T115739Z,2026-09-24T12:04:17Z,cpu_s_per_gb_cli,18.3301813462,s/GB
s2,latency-loaded,GG,5,baseline-arm64-s2-latency-loaded-gg-r5-20260924T115739Z,2026-09-24T12:04:17Z,cpu_s_per_gb_srv,19.3399541518,s/GB
s2,latency-loaded,GG,5,baseline-arm64-s2-latency-loaded-gg-r5-20260924T115739Z,2026-09-24T12:04:17Z,cpu_s_per_gb_total,37.670135498,s/GB
s2,latency-loaded,GG,5,baseline-arm64-s2-latency-loaded-gg-r5-20260924T115739Z,2026-09-24T12:04:17Z,rss_kb_cli,29756,kB
s2,latency-loaded,GG,5,baseline-arm64-s2-latency-loaded-gg-r5-20260924T115739Z,2026-09-24T12:04:17Z,rss_kb_srv,29924,kB
s2,latency-loaded,GG,5,baseline-arm64-s2-latency-loaded-gg-r5-20260924T115739Z,2026-09-24T12:04:17Z,hwm_kb_cli,29756,kB
s2,latency-loaded,GG,5,baseline-arm64-s2-latency-loaded-gg-r5-20260924T115739Z,2026-09-24T12:04:17Z,hwm_kb_srv,30972,kB
s2,latency-loaded,GG,5,baseline-arm64-s2-latency-loaded-gg-r5-20260924T115739Z,2026-09-24T12:04:17Z,out_segs_cli,718728,segments
s2,latency-loaded,GG,5,baseline-arm64-s2-latency-loaded-gg-r5-20260924T115739Z,2026-09-24T12:04:17Z,out_segs_srv,28419,segments
s2,latency-loaded,GG,5,baseline-arm64-s2-latency-loaded-gg-r5-20260924T115739Z,2026-09-24T12:04:17Z,retrans_pct_cli,0,% of OutSegs
s2,latency-loaded,GG,5,baseline-arm64-s2-latency-loaded-gg-r5-20260924T115739Z,2026-09-24T12:04:17Z,retrans_pct_srv,0,% of OutSegs
s2,latency-loaded,GG,5,baseline-arm64-s2-latency-loaded-gg-r5-20260924T115739Z,2026-09-24T12:04:17Z,retrans_segs_cli,0,segments
s2,latency-loaded,GG,5,baseline-arm64-s2-latency-loaded-gg-r5-20260924T115739Z,2026-09-24T12:04:17Z,retrans_segs_srv,0,segments
s2,latency-loaded,GG,5,baseline-arm64-s2-latency-loaded-gg-r5-20260924T115739Z,2026-09-24T12:04:17Z,fast_retrans_segs_cli,0,segments
s2,latency-loaded,GG,5,baseline-arm64-s2-latency-loaded-gg-r5-20260924T115739Z,2026-09-24T12:04:17Z,fast_retrans_segs_srv,0,segments
s2,latency-loaded,GG,5,baseline-arm64-s2-latency-loaded-gg-r5-20260924T115739Z,2026-09-24T12:04:17Z,early_retrans_segs_cli,0,segments
s2,latency-loaded,GG,5,baseline-arm64-s2-latency-loaded-gg-r5-20260924T115739Z,2026-09-24T12:04:17Z,early_retrans_segs_srv,0,segments
s2,latency-loaded,GG,5,baseline-arm64-s2-latency-loaded-gg-r5-20260924T115739Z,2026-09-24T12:04:17Z,lost_segs_cli,0,segments
s2,latency-loaded,GG,5,baseline-arm64-s2-latency-loaded-gg-r5-20260924T115739Z,2026-09-24T12:04:17Z,lost_segs_srv,0,segments
s2,latency-loaded,GG,5,baseline-arm64-s2-latency-loaded-gg-r5-20260924T115739Z,2026-09-24T12:04:17Z,repeat_segs_cli,0,segments
s2,latency-loaded,GG,5,baseline-arm64-s2-latency-loaded-gg-r5-20260924T115739Z,2026-09-24T12:04:17Z,repeat_segs_srv,0,segments
s2,latency-loaded,RR,5,baseline-arm64-s2-latency-loaded-rr-r5-20260924T115739Z,2026-09-24T12:05:03Z,rtt_p50_ms,2.043903,ms
s2,latency-loaded,RR,5,baseline-arm64-s2-latency-loaded-rr-r5-20260924T115739Z,2026-09-24T12:05:03Z,rtt_p90_ms,3.612671,ms
s2,latency-loaded,RR,5,baseline-arm64-s2-latency-loaded-rr-r5-20260924T115739Z,2026-09-24T12:05:03Z,rtt_p99_ms,7.159807,ms
s2,latency-loaded,RR,5,baseline-arm64-s2-latency-loaded-rr-r5-20260924T115739Z,2026-09-24T12:05:03Z,rtt_max_ms,16.348163,ms
s2,latency-loaded,RR,5,baseline-arm64-s2-latency-loaded-rr-r5-20260924T115739Z,2026-09-24T12:05:03Z,rtt_errors,0,count
s2,latency-loaded,RR,5,baseline-arm64-s2-latency-loaded-rr-r5-20260924T115739Z,2026-09-24T12:05:03Z,goodput_mbit_s,677.761,Mbit/s
s2,latency-loaded,RR,5,baseline-arm64-s2-latency-loaded-rr-r5-20260924T115739Z,2026-09-24T12:05:03Z,cpu_s_per_gb_cli,9.60165911382,s/GB
s2,latency-loaded,RR,5,baseline-arm64-s2-latency-loaded-rr-r5-20260924T115739Z,2026-09-24T12:05:03Z,cpu_s_per_gb_srv,6.898795024,s/GB
s2,latency-loaded,RR,5,baseline-arm64-s2-latency-loaded-rr-r5-20260924T115739Z,2026-09-24T12:05:03Z,cpu_s_per_gb_total,16.5004541378,s/GB
s2,latency-loaded,RR,5,baseline-arm64-s2-latency-loaded-rr-r5-20260924T115739Z,2026-09-24T12:05:03Z,rss_kb_cli,5888,kB
s2,latency-loaded,RR,5,baseline-arm64-s2-latency-loaded-rr-r5-20260924T115739Z,2026-09-24T12:05:03Z,rss_kb_srv,6724,kB
s2,latency-loaded,RR,5,baseline-arm64-s2-latency-loaded-rr-r5-20260924T115739Z,2026-09-24T12:05:03Z,hwm_kb_cli,5888,kB
s2,latency-loaded,RR,5,baseline-arm64-s2-latency-loaded-rr-r5-20260924T115739Z,2026-09-24T12:05:03Z,hwm_kb_srv,6724,kB
s2,latency-loaded,RR,5,baseline-arm64-s2-latency-loaded-rr-r5-20260924T115739Z,2026-09-24T12:05:03Z,out_segs_cli,1471856,segments
s2,latency-loaded,RR,5,baseline-arm64-s2-latency-loaded-rr-r5-20260924T115739Z,2026-09-24T12:05:03Z,out_segs_srv,42757,segments
s2,latency-loaded,RR,5,baseline-arm64-s2-latency-loaded-rr-r5-20260924T115739Z,2026-09-24T12:05:03Z,retrans_pct_cli,0,% of OutSegs
s2,latency-loaded,RR,5,baseline-arm64-s2-latency-loaded-rr-r5-20260924T115739Z,2026-09-24T12:05:03Z,retrans_pct_srv,0,% of OutSegs
s2,latency-loaded,RR,5,baseline-arm64-s2-latency-loaded-rr-r5-20260924T115739Z,2026-09-24T12:05:03Z,retrans_segs_cli,0,segments
s2,latency-loaded,RR,5,baseline-arm64-s2-latency-loaded-rr-r5-20260924T115739Z,2026-09-24T12:05:03Z,retrans_segs_srv,0,segments
s2,latency-loaded,RR,5,baseline-arm64-s2-latency-loaded-rr-r5-20260924T115739Z,2026-09-24T12:05:03Z,fast_retrans_segs_cli,0,segments
s2,latency-loaded,RR,5,baseline-arm64-s2-latency-loaded-rr-r5-20260924T115739Z,2026-09-24T12:05:03Z,fast_retrans_segs_srv,0,segments
s2,latency-loaded,RR,5,baseline-arm64-s2-latency-loaded-rr-r5-20260924T115739Z,2026-09-24T12:05:03Z,early_retrans_segs_cli,0,segments
s2,latency-loaded,RR,5,baseline-arm64-s2-latency-loaded-rr-r5-20260924T115739Z,2026-09-24T12:05:03Z,early_retrans_segs_srv,0,segments
s2,latency-loaded,RR,5,baseline-arm64-s2-latency-loaded-rr-r5-20260924T115739Z,2026-09-24T12:05:03Z,lost_segs_cli,0,segments
s2,latency-loaded,RR,5,baseline-arm64-s2-latency-loaded-rr-r5-20260924T115739Z,2026-09-24T12:05:03Z,lost_segs_srv,0,segments
s2,latency-loaded,RR,5,baseline-arm64-s2-latency-loaded-rr-r5-20260924T115739Z,2026-09-24T12:05:03Z,repeat_segs_cli,0,segments
s2,latency-loaded,RR,5,baseline-arm64-s2-latency-loaded-rr-r5-20260924T115739Z,2026-09-24T12:05:03Z,repeat_segs_srv,0,segments
