config,metric,pair,repetition,runid,started_iso,measurement,value,unit
s1,bulk-up,GG,1,baseline-s1-bulk-up-gg-r1-20260924T095036Z,2026-09-24T09:50:53Z,goodput_mbit_s,157.272400745,Mbit/s
s1,bulk-up,GG,1,baseline-s1-bulk-up-gg-r1-20260924T095036Z,2026-09-24T09:50:53Z,tcp_retransmits,58,segments
s1,bulk-up,GG,1,baseline-s1-bulk-up-gg-r1-20260924T095036Z,2026-09-24T09:50:53Z,cpu_s_per_gb_cli,29.4265922229,s/GB
s1,bulk-up,GG,1,baseline-s1-bulk-up-gg-r1-20260924T095036Z,2026-09-24T09:50:53Z,cpu_s_per_gb_srv,21.3442884065,s/GB
s1,bulk-up,GG,1,baseline-s1-bulk-up-gg-r1-20260924T095036Z,2026-09-24T09:50:53Z,cpu_s_per_gb_total,50.7708806294,s/GB
s1,bulk-up,GG,1,baseline-s1-bulk-up-gg-r1-20260924T095036Z,2026-09-24T09:50:53Z,rss_kb_cli,49472,kB
s1,bulk-up,GG,1,baseline-s1-bulk-up-gg-r1-20260924T095036Z,2026-09-24T09:50:53Z,rss_kb_srv,53660,kB
s1,bulk-up,GG,1,baseline-s1-bulk-up-gg-r1-20260924T095036Z,2026-09-24T09:50:53Z,hwm_kb_cli,49472,kB
s1,bulk-up,GG,1,baseline-s1-bulk-up-gg-r1-20260924T095036Z,2026-09-24T09:50:53Z,hwm_kb_srv,59720,kB
s1,bulk-up,GG,1,baseline-s1-bulk-up-gg-r1-20260924T095036Z,2026-09-24T09:50:53Z,out_segs_cli,565601,segments
s1,bulk-up,GG,1,baseline-s1-bulk-up-gg-r1-20260924T095036Z,2026-09-24T09:50:53Z,out_segs_srv,241543,segments
s1,bulk-up,GG,1,baseline-s1-bulk-up-gg-r1-20260924T095036Z,2026-09-24T09:50:53Z,retrans_pct_cli,36.5130188949,% of OutSegs
s1,bulk-up,GG,1,baseline-s1-bulk-up-gg-r1-20260924T095036Z,2026-09-24T09:50:53Z,retrans_pct_srv,0.000414004959779,% of OutSegs
s1,bulk-up,GG,1,baseline-s1-bulk-up-gg-r1-20260924T095036Z,2026-09-24T09:50:53Z,retrans_segs_cli,206518,segments
s1,bulk-up,GG,1,baseline-s1-bulk-up-gg-r1-20260924T095036Z,2026-09-24T09:50:53Z,retrans_segs_srv,1,segments
s1,bulk-up,GG,1,baseline-s1-bulk-up-gg-r1-20260924T095036Z,2026-09-24T09:50:53Z,fast_retrans_segs_cli,137520,segments
s1,bulk-up,GG,1,baseline-s1-bulk-up-gg-r1-20260924T095036Z,2026-09-24T09:50:53Z,fast_retrans_segs_srv,0,segments
s1,bulk-up,GG,1,baseline-s1-bulk-up-gg-r1-20260924T095036Z,2026-09-24T09:50:53Z,early_retrans_segs_cli,4419,segments
s1,bulk-up,GG,1,baseline-s1-bulk-up-gg-r1-20260924T095036Z,2026-09-24T09:50:53Z,early_retrans_segs_srv,0,segments
s1,bulk-up,GG,1,baseline-s1-bulk-up-gg-r1-20260924T095036Z,2026-09-24T09:50:53Z,lost_segs_cli,64579,segments
s1,bulk-up,GG,1,baseline-s1-bulk-up-gg-r1-20260924T095036Z,2026-09-24T09:50:53Z,lost_segs_srv,1,segments
s1,bulk-up,GG,1,baseline-s1-bulk-up-gg-r1-20260924T095036Z,2026-09-24T09:50:53Z,repeat_segs_cli,1,segments
s1,bulk-up,GG,1,baseline-s1-bulk-up-gg-r1-20260924T095036Z,2026-09-24T09:50:53Z,repeat_segs_srv,3852,segments
s1,bulk-up,RR,1,baseline-s1-bulk-up-rr-r1-20260924T095036Z,2026-09-24T09:51:31Z,goodput_mbit_s,182.119198362,Mbit/s
s1,bulk-up,RR,1,baseline-s1-bulk-up-rr-r1-20260924T095036Z,2026-09-24T09:51:31Z,tcp_retransmits,63,segments
s1,bulk-up,RR,1,baseline-s1-bulk-up-rr-r1-20260924T095036Z,2026-09-24T09:51:31Z,cpu_s_per_gb_cli,27.5956823471,s/GB
s1,bulk-up,RR,1,baseline-s1-bulk-up-rr-r1-20260924T095036Z,2026-09-24T09:51:31Z,cpu_s_per_gb_srv,15.2456273698,s/GB
s1,bulk-up,RR,1,baseline-s1-bulk-up-rr-r1-20260924T095036Z,2026-09-24T09:51:31Z,cpu_s_per_gb_total,42.8413097169,s/GB
s1,bulk-up,RR,1,baseline-s1-bulk-up-rr-r1-20260924T095036Z,2026-09-24T09:51:31Z,rss_kb_cli,16312,kB
s1,bulk-up,RR,1,baseline-s1-bulk-up-rr-r1-20260924T095036Z,2026-09-24T09:51:31Z,rss_kb_srv,16340,kB
s1,bulk-up,RR,1,baseline-s1-bulk-up-rr-r1-20260924T095036Z,2026-09-24T09:51:31Z,hwm_kb_cli,20376,kB
s1,bulk-up,RR,1,baseline-s1-bulk-up-rr-r1-20260924T095036Z,2026-09-24T09:51:31Z,hwm_kb_srv,16552,kB
s1,bulk-up,RR,1,baseline-s1-bulk-up-rr-r1-20260924T095036Z,2026-09-24T09:51:31Z,out_segs_cli,649113,segments
s1,bulk-up,RR,1,baseline-s1-bulk-up-rr-r1-20260924T095036Z,2026-09-24T09:51:31Z,out_segs_srv,376296,segments
s1,bulk-up,RR,1,baseline-s1-bulk-up-rr-r1-20260924T095036Z,2026-09-24T09:51:31Z,retrans_pct_cli,35.3274391362,% of OutSegs
s1,bulk-up,RR,1,baseline-s1-bulk-up-rr-r1-20260924T095036Z,2026-09-24T09:51:31Z,retrans_pct_srv,0.00079724472224,% of OutSegs
s1,bulk-up,RR,1,baseline-s1-bulk-up-rr-r1-20260924T095036Z,2026-09-24T09:51:31Z,retrans_segs_cli,229315,segments
s1,bulk-up,RR,1,baseline-s1-bulk-up-rr-r1-20260924T095036Z,2026-09-24T09:51:31Z,retrans_segs_srv,3,segments
s1,bulk-up,RR,1,baseline-s1-bulk-up-rr-r1-20260924T095036Z,2026-09-24T09:51:31Z,fast_retrans_segs_cli,146062,segments
s1,bulk-up,RR,1,baseline-s1-bulk-up-rr-r1-20260924T095036Z,2026-09-24T09:51:31Z,fast_retrans_segs_srv,0,segments
s1,bulk-up,RR,1,baseline-s1-bulk-up-rr-r1-20260924T095036Z,2026-09-24T09:51:31Z,early_retrans_segs_cli,2025,segments
s1,bulk-up,RR,1,baseline-s1-bulk-up-rr-r1-20260924T095036Z,2026-09-24T09:51:31Z,early_retrans_segs_srv,0,segments
s1,bulk-up,RR,1,baseline-s1-bulk-up-rr-r1-20260924T095036Z,2026-09-24T09:51:31Z,lost_segs_cli,81228,segments
s1,bulk-up,RR,1,baseline-s1-bulk-up-rr-r1-20260924T095036Z,2026-09-24T09:51:31Z,lost_segs_srv,3,segments
s1,bulk-up,RR,1,baseline-s1-bulk-up-rr-r1-20260924T095036Z,2026-09-24T09:51:31Z,repeat_segs_cli,3,segments
s1,bulk-up,RR,1,baseline-s1-bulk-up-rr-r1-20260924T095036Z,2026-09-24T09:51:31Z,repeat_segs_srv,19313,segments
s1,bulk-up,GR,1,baseline-s1-bulk-up-gr-r1-20260924T095036Z,2026-09-24T09:52:10Z,goodput_mbit_s,229.16776004,Mbit/s
s1,bulk-up,GR,1,baseline-s1-bulk-up-gr-r1-20260924T095036Z,2026-09-24T09:52:10Z,tcp_retransmits,76,segments
s1,bulk-up,GR,1,baseline-s1-bulk-up-gr-r1-20260924T095036Z,2026-09-24T09:52:10Z,cpu_s_per_gb_cli,20.8962383366,s/GB
s1,bulk-up,GR,1,baseline-s1-bulk-up-gr-r1-20260924T095036Z,2026-09-24T09:52:10Z,cpu_s_per_gb_srv,13.7796563322,s/GB
s1,bulk-up,GR,1,baseline-s1-bulk-up-gr-r1-20260924T095036Z,2026-09-24T09:52:10Z,cpu_s_per_gb_total,34.6758946688,s/GB
s1,bulk-up,GR,1,baseline-s1-bulk-up-gr-r1-20260924T095036Z,2026-09-24T09:52:10Z,rss_kb_cli,50096,kB
s1,bulk-up,GR,1,baseline-s1-bulk-up-gr-r1-20260924T095036Z,2026-09-24T09:52:10Z,rss_kb_srv,16072,kB
s1,bulk-up,GR,1,baseline-s1-bulk-up-gr-r1-20260924T095036Z,2026-09-24T09:52:10Z,hwm_kb_cli,52672,kB
s1,bulk-up,GR,1,baseline-s1-bulk-up-gr-r1-20260924T095036Z,2026-09-24T09:52:10Z,hwm_kb_srv,16072,kB
s1,bulk-up,GR,1,baseline-s1-bulk-up-gr-r1-20260924T095036Z,2026-09-24T09:52:10Z,out_segs_cli,711686,segments
s1,bulk-up,GR,1,baseline-s1-bulk-up-gr-r1-20260924T095036Z,2026-09-24T09:52:10Z,out_segs_srv,337383,segments
s1,bulk-up,GR,1,baseline-s1-bulk-up-gr-r1-20260924T095036Z,2026-09-24T09:52:10Z,retrans_pct_cli,23.8172452458,% of OutSegs
s1,bulk-up,GR,1,baseline-s1-bulk-up-gr-r1-20260924T095036Z,2026-09-24T09:52:10Z,retrans_pct_srv,0,% of OutSegs
s1,bulk-up,GR,1,baseline-s1-bulk-up-gr-r1-20260924T095036Z,2026-09-24T09:52:10Z,retrans_segs_cli,169504,segments
s1,bulk-up,GR,1,baseline-s1-bulk-up-gr-r1-20260924T095036Z,2026-09-24T09:52:10Z,retrans_segs_srv,0,segments
s1,bulk-up,GR,1,baseline-s1-bulk-up-gr-r1-20260924T095036Z,2026-09-24T09:52:10Z,fast_retrans_segs_cli,139167,segments
s1,bulk-up,GR,1,baseline-s1-bulk-up-gr-r1-20260924T095036Z,2026-09-24T09:52:10Z,fast_retrans_segs_srv,0,segments
s1,bulk-up,GR,1,baseline-s1-bulk-up-gr-r1-20260924T095036Z,2026-09-24T09:52:10Z,early_retrans_segs_cli,2818,segments
s1,bulk-up,GR,1,baseline-s1-bulk-up-gr-r1-20260924T095036Z,2026-09-24T09:52:10Z,early_retrans_segs_srv,0,segments
s1,bulk-up,GR,1,baseline-s1-bulk-up-gr-r1-20260924T095036Z,2026-09-24T09:52:10Z,lost_segs_cli,27519,segments
s1,bulk-up,GR,1,baseline-s1-bulk-up-gr-r1-20260924T095036Z,2026-09-24T09:52:10Z,lost_segs_srv,0,segments
s1,bulk-up,GR,1,baseline-s1-bulk-up-gr-r1-20260924T095036Z,2026-09-24T09:52:10Z,repeat_segs_cli,0,segments
s1,bulk-up,GR,1,baseline-s1-bulk-up-gr-r1-20260924T095036Z,2026-09-24T09:52:10Z,repeat_segs_srv,1120,segments
s1,bulk-up,RG,1,baseline-s1-bulk-up-rg-r1-20260924T095036Z,2026-09-24T09:52:49Z,goodput_mbit_s,150.629743843,Mbit/s
s1,bulk-up,RG,1,baseline-s1-bulk-up-rg-r1-20260924T095036Z,2026-09-24T09:52:49Z,tcp_retransmits,54,segments
s1,bulk-up,RG,1,baseline-s1-bulk-up-rg-r1-20260924T095036Z,2026-09-24T09:52:49Z,cpu_s_per_gb_cli,29.6595044124,s/GB
s1,bulk-up,RG,1,baseline-s1-bulk-up-rg-r1-20260924T095036Z,2026-09-24T09:52:49Z,cpu_s_per_gb_srv,23.0240896787,s/GB
s1,bulk-up,RG,1,baseline-s1-bulk-up-rg-r1-20260924T095036Z,2026-09-24T09:52:49Z,cpu_s_per_gb_total,52.6835940911,s/GB
s1,bulk-up,RG,1,baseline-s1-bulk-up-rg-r1-20260924T095036Z,2026-09-24T09:52:49Z,rss_kb_cli,17128,kB
s1,bulk-up,RG,1,baseline-s1-bulk-up-rg-r1-20260924T095036Z,2026-09-24T09:52:49Z,rss_kb_srv,75936,kB
s1,bulk-up,RG,1,baseline-s1-bulk-up-rg-r1-20260924T095036Z,2026-09-24T09:52:49Z,hwm_kb_cli,20352,kB
s1,bulk-up,RG,1,baseline-s1-bulk-up-rg-r1-20260924T095036Z,2026-09-24T09:52:49Z,hwm_kb_srv,75936,kB
s1,bulk-up,RG,1,baseline-s1-bulk-up-rg-r1-20260924T095036Z,2026-09-24T09:52:49Z,out_segs_cli,592339,segments
s1,bulk-up,RG,1,baseline-s1-bulk-up-rg-r1-20260924T095036Z,2026-09-24T09:52:49Z,out_segs_srv,300472,segments
s1,bulk-up,RG,1,baseline-s1-bulk-up-rg-r1-20260924T095036Z,2026-09-24T09:52:49Z,retrans_pct_cli,40.8237512641,% of OutSegs
s1,bulk-up,RG,1,baseline-s1-bulk-up-rg-r1-20260924T095036Z,2026-09-24T09:52:49Z,retrans_pct_srv,0,% of OutSegs
s1,bulk-up,RG,1,baseline-s1-bulk-up-rg-r1-20260924T095036Z,2026-09-24T09:52:49Z,retrans_segs_cli,241815,segments
s1,bulk-up,RG,1,baseline-s1-bulk-up-rg-r1-20260924T095036Z,2026-09-24T09:52:49Z,retrans_segs_srv,0,segments
s1,bulk-up,RG,1,baseline-s1-bulk-up-rg-r1-20260924T095036Z,2026-09-24T09:52:49Z,fast_retrans_segs_cli,135886,segments
s1,bulk-up,RG,1,baseline-s1-bulk-up-rg-r1-20260924T095036Z,2026-09-24T09:52:49Z,fast_retrans_segs_srv,0,segments
s1,bulk-up,RG,1,baseline-s1-bulk-up-rg-r1-20260924T095036Z,2026-09-24T09:52:49Z,early_retrans_segs_cli,4595,segments
s1,bulk-up,RG,1,baseline-s1-bulk-up-rg-r1-20260924T095036Z,2026-09-24T09:52:49Z,early_retrans_segs_srv,0,segments
s1,bulk-up,RG,1,baseline-s1-bulk-up-rg-r1-20260924T095036Z,2026-09-24T09:52:49Z,lost_segs_cli,101334,segments
s1,bulk-up,RG,1,baseline-s1-bulk-up-rg-r1-20260924T095036Z,2026-09-24T09:52:49Z,lost_segs_srv,0,segments
s1,bulk-up,RG,1,baseline-s1-bulk-up-rg-r1-20260924T095036Z,2026-09-24T09:52:49Z,repeat_segs_cli,0,segments
s1,bulk-up,RG,1,baseline-s1-bulk-up-rg-r1-20260924T095036Z,2026-09-24T09:52:49Z,repeat_segs_srv,18270,segments
s1,bulk-up,GG,2,baseline-s1-bulk-up-gg-r2-20260924T095036Z,2026-09-24T09:53:26Z,goodput_mbit_s,147.871976384,Mbit/s
s1,bulk-up,GG,2,baseline-s1-bulk-up-gg-r2-20260924T095036Z,2026-09-24T09:53:26Z,tcp_retransmits,61,segments
s1,bulk-up,GG,2,baseline-s1-bulk-up-gg-r2-20260924T095036Z,2026-09-24T09:53:26Z,cpu_s_per_gb_cli,31.724061976,s/GB
s1,bulk-up,GG,2,baseline-s1-bulk-up-gg-r2-20260924T095036Z,2026-09-24T09:53:26Z,cpu_s_per_gb_srv,22.8100853087,s/GB
s1,bulk-up,GG,2,baseline-s1-bulk-up-gg-r2-20260924T095036Z,2026-09-24T09:53:26Z,cpu_s_per_gb_total,54.5341472848,s/GB
s1,bulk-up,GG,2,baseline-s1-bulk-up-gg-r2-20260924T095036Z,2026-09-24T09:53:26Z,rss_kb_cli,52524,kB
s1,bulk-up,GG,2,baseline-s1-bulk-up-gg-r2-20260924T095036Z,2026-09-24T09:53:26Z,rss_kb_srv,53072,kB
s1,bulk-up,GG,2,baseline-s1-bulk-up-gg-r2-20260924T095036Z,2026-09-24T09:53:26Z,hwm_kb_cli,52524,kB
s1,bulk-up,GG,2,baseline-s1-bulk-up-gg-r2-20260924T095036Z,2026-09-24T09:53:26Z,hwm_kb_srv,53072,kB
s1,bulk-up,GG,2,baseline-s1-bulk-up-gg-r2-20260924T095036Z,2026-09-24T09:53:26Z,out_segs_cli,581622,segments
s1,bulk-up,GG,2,baseline-s1-bulk-up-gg-r2-20260924T095036Z,2026-09-24T09:53:26Z,out_segs_srv,242076,segments
s1,bulk-up,GG,2,baseline-s1-bulk-up-gg-r2-20260924T095036Z,2026-09-24T09:53:26Z,retrans_pct_cli,39.7137659855,% of OutSegs
s1,bulk-up,GG,2,baseline-s1-bulk-up-gg-r2-20260924T095036Z,2026-09-24T09:53:26Z,retrans_pct_srv,0.000826186817363,% of OutSegs
s1,bulk-up,GG,2,baseline-s1-bulk-up-gg-r2-20260924T095036Z,2026-09-24T09:53:26Z,retrans_segs_cli,230984,segments
s1,bulk-up,GG,2,baseline-s1-bulk-up-gg-r2-20260924T095036Z,2026-09-24T09:53:26Z,retrans_segs_srv,2,segments
s1,bulk-up,GG,2,baseline-s1-bulk-up-gg-r2-20260924T095036Z,2026-09-24T09:53:26Z,fast_retrans_segs_cli,146575,segments
s1,bulk-up,GG,2,baseline-s1-bulk-up-gg-r2-20260924T095036Z,2026-09-24T09:53:26Z,fast_retrans_segs_srv,0,segments
s1,bulk-up,GG,2,baseline-s1-bulk-up-gg-r2-20260924T095036Z,2026-09-24T09:53:26Z,early_retrans_segs_cli,2915,segments
s1,bulk-up,GG,2,baseline-s1-bulk-up-gg-r2-20260924T095036Z,2026-09-24T09:53:26Z,early_retrans_segs_srv,0,segments
s1,bulk-up,GG,2,baseline-s1-bulk-up-gg-r2-20260924T095036Z,2026-09-24T09:53:26Z,lost_segs_cli,81494,segments
s1,bulk-up,GG,2,baseline-s1-bulk-up-gg-r2-20260924T095036Z,2026-09-24T09:53:26Z,lost_segs_srv,2,segments
s1,bulk-up,GG,2,baseline-s1-bulk-up-gg-r2-20260924T095036Z,2026-09-24T09:53:26Z,repeat_segs_cli,3,segments
s1,bulk-up,GG,2,baseline-s1-bulk-up-gg-r2-20260924T095036Z,2026-09-24T09:53:26Z,repeat_segs_srv,5039,segments
s1,bulk-up,RR,2,baseline-s1-bulk-up-rr-r2-20260924T095036Z,2026-09-24T09:54:05Z,goodput_mbit_s,165.464904761,Mbit/s
s1,bulk-up,RR,2,baseline-s1-bulk-up-rr-r2-20260924T095036Z,2026-09-24T09:54:05Z,tcp_retransmits,40,segments
s1,bulk-up,RR,2,baseline-s1-bulk-up-rr-r2-20260924T095036Z,2026-09-24T09:54:05Z,cpu_s_per_gb_cli,30.7355608259,s/GB
s1,bulk-up,RR,2,baseline-s1-bulk-up-rr-r2-20260924T095036Z,2026-09-24T09:54:05Z,cpu_s_per_gb_srv,16.6635664683,s/GB
s1,bulk-up,RR,2,baseline-s1-bulk-up-rr-r2-20260924T095036Z,2026-09-24T09:54:05Z,cpu_s_per_gb_total,47.3991272941,s/GB
s1,bulk-up,RR,2,baseline-s1-bulk-up-rr-r2-20260924T095036Z,2026-09-24T09:54:05Z,rss_kb_cli,17868,kB
s1,bulk-up,RR,2,baseline-s1-bulk-up-rr-r2-20260924T095036Z,2026-09-24T09:54:05Z,rss_kb_srv,21752,kB
s1,bulk-up,RR,2,baseline-s1-bulk-up-rr-r2-20260924T095036Z,2026-09-24T09:54:05Z,hwm_kb_cli,20504,kB
s1,bulk-up,RR,2,baseline-s1-bulk-up-rr-r2-20260924T095036Z,2026-09-24T09:54:05Z,hwm_kb_srv,21752,kB
s1,bulk-up,RR,2,baseline-s1-bulk-up-rr-r2-20260924T095036Z,2026-09-24T09:54:05Z,out_segs_cli,595309,segments
s1,bulk-up,RR,2,baseline-s1-bulk-up-rr-r2-20260924T095036Z,2026-09-24T09:54:05Z,out_segs_srv,348248,segments
s1,bulk-up,RR,2,baseline-s1-bulk-up-rr-r2-20260924T095036Z,2026-09-24T09:54:05Z,retrans_pct_cli,34.2118126889,% of OutSegs
s1,bulk-up,RR,2,baseline-s1-bulk-up-rr-r2-20260924T095036Z,2026-09-24T09:54:05Z,retrans_pct_srv,0,% of OutSegs
s1,bulk-up,RR,2,baseline-s1-bulk-up-rr-r2-20260924T095036Z,2026-09-24T09:54:05Z,retrans_segs_cli,203666,segments
s1,bulk-up,RR,2,baseline-s1-bulk-up-rr-r2-20260924T095036Z,2026-09-24T09:54:05Z,retrans_segs_srv,0,segments
s1,bulk-up,RR,2,baseline-s1-bulk-up-rr-r2-20260924T095036Z,2026-09-24T09:54:05Z,fast_retrans_segs_cli,121722,segments
s1,bulk-up,RR,2,baseline-s1-bulk-up-rr-r2-20260924T095036Z,2026-09-24T09:54:05Z,fast_retrans_segs_srv,0,segments
s1,bulk-up,RR,2,baseline-s1-bulk-up-rr-r2-20260924T095036Z,2026-09-24T09:54:05Z,early_retrans_segs_cli,1945,segments
s1,bulk-up,RR,2,baseline-s1-bulk-up-rr-r2-20260924T095036Z,2026-09-24T09:54:05Z,early_retrans_segs_srv,0,segments
s1,bulk-up,RR,2,baseline-s1-bulk-up-rr-r2-20260924T095036Z,2026-09-24T09:54:05Z,lost_segs_cli,79999,segments
s1,bulk-up,RR,2,baseline-s1-bulk-up-rr-r2-20260924T095036Z,2026-09-24T09:54:05Z,lost_segs_srv,0,segments
s1,bulk-up,RR,2,baseline-s1-bulk-up-rr-r2-20260924T095036Z,2026-09-24T09:54:05Z,repeat_segs_cli,0,segments
s1,bulk-up,RR,2,baseline-s1-bulk-up-rr-r2-20260924T095036Z,2026-09-24T09:54:05Z,repeat_segs_srv,21422,segments
s1,bulk-up,GR,2,baseline-s1-bulk-up-gr-r2-20260924T095036Z,2026-09-24T09:54:47Z,goodput_mbit_s,216.298215893,Mbit/s
s1,bulk-up,GR,2,baseline-s1-bulk-up-gr-r2-20260924T095036Z,2026-09-24T09:54:47Z,tcp_retransmits,83,segments
s1,bulk-up,GR,2,baseline-s1-bulk-up-gr-r2-20260924T095036Z,2026-09-24T09:54:47Z,cpu_s_per_gb_cli,22.7192128916,s/GB
s1,bulk-up,GR,2,baseline-s1-bulk-up-gr-r2-20260924T095036Z,2026-09-24T09:54:47Z,cpu_s_per_gb_srv,13.8298846462,s/GB
s1,bulk-up,GR,2,baseline-s1-bulk-up-gr-r2-20260924T095036Z,2026-09-24T09:54:47Z,cpu_s_per_gb_total,36.5490975378,s/GB
s1,bulk-up,GR,2,baseline-s1-bulk-up-gr-r2-20260924T095036Z,2026-09-24T09:54:47Z,rss_kb_cli,50408,kB
s1,bulk-up,GR,2,baseline-s1-bulk-up-gr-r2-20260924T095036Z,2026-09-24T09:54:47Z,rss_kb_srv,18304,kB
s1,bulk-up,GR,2,baseline-s1-bulk-up-gr-r2-20260924T095036Z,2026-09-24T09:54:47Z,hwm_kb_cli,50408,kB
s1,bulk-up,GR,2,baseline-s1-bulk-up-gr-r2-20260924T095036Z,2026-09-24T09:54:47Z,hwm_kb_srv,18304,kB
s1,bulk-up,GR,2,baseline-s1-bulk-up-gr-r2-20260924T095036Z,2026-09-24T09:54:47Z,out_segs_cli,682118,segments
s1,bulk-up,GR,2,baseline-s1-bulk-up-gr-r2-20260924T095036Z,2026-09-24T09:54:47Z,out_segs_srv,289580,segments
s1,bulk-up,GR,2,baseline-s1-bulk-up-gr-r2-20260924T095036Z,2026-09-24T09:54:47Z,retrans_pct_cli,27.3627143691,% of OutSegs
s1,bulk-up,GR,2,baseline-s1-bulk-up-gr-r2-20260924T095036Z,2026-09-24T09:54:47Z,retrans_pct_srv,0,% of OutSegs
s1,bulk-up,GR,2,baseline-s1-bulk-up-gr-r2-20260924T095036Z,2026-09-24T09:54:47Z,retrans_segs_cli,186646,segments
s1,bulk-up,GR,2,baseline-s1-bulk-up-gr-r2-20260924T095036Z,2026-09-24T09:54:47Z,retrans_segs_srv,0,segments
s1,bulk-up,GR,2,baseline-s1-bulk-up-gr-r2-20260924T095036Z,2026-09-24T09:54:47Z,fast_retrans_segs_cli,137280,segments
s1,bulk-up,GR,2,baseline-s1-bulk-up-gr-r2-20260924T095036Z,2026-09-24T09:54:47Z,fast_retrans_segs_srv,0,segments
s1,bulk-up,GR,2,baseline-s1-bulk-up-gr-r2-20260924T095036Z,2026-09-24T09:54:47Z,early_retrans_segs_cli,6029,segments
s1,bulk-up,GR,2,baseline-s1-bulk-up-gr-r2-20260924T095036Z,2026-09-24T09:54:47Z,early_retrans_segs_srv,0,segments
s1,bulk-up,GR,2,baseline-s1-bulk-up-gr-r2-20260924T095036Z,2026-09-24T09:54:47Z,lost_segs_cli,43337,segments
s1,bulk-up,GR,2,baseline-s1-bulk-up-gr-r2-20260924T095036Z,2026-09-24T09:54:47Z,lost_segs_srv,0,segments
s1,bulk-up,GR,2,baseline-s1-bulk-up-gr-r2-20260924T095036Z,2026-09-24T09:54:47Z,repeat_segs_cli,2,segments
s1,bulk-up,GR,2,baseline-s1-bulk-up-gr-r2-20260924T095036Z,2026-09-24T09:54:47Z,repeat_segs_srv,3518,segments
s1,bulk-up,RG,2,baseline-s1-bulk-up-rg-r2-20260924T095036Z,2026-09-24T09:55:26Z,goodput_mbit_s,157.576385915,Mbit/s
s1,bulk-up,RG,2,baseline-s1-bulk-up-rg-r2-20260924T095036Z,2026-09-24T09:55:26Z,tcp_retransmits,51,segments
s1,bulk-up,RG,2,baseline-s1-bulk-up-rg-r2-20260924T095036Z,2026-09-24T09:55:26Z,cpu_s_per_gb_cli,27.9475173597,s/GB
s1,bulk-up,RG,2,baseline-s1-bulk-up-rg-r2-20260924T095036Z,2026-09-24T09:55:26Z,cpu_s_per_gb_srv,22.3428661819,s/GB
s1,bulk-up,RG,2,baseline-s1-bulk-up-rg-r2-20260924T095036Z,2026-09-24T09:55:26Z,cpu_s_per_gb_total,50.2903835415,s/GB
s1,bulk-up,RG,2,baseline-s1-bulk-up-rg-r2-20260924T095036Z,2026-09-24T09:55:26Z,rss_kb_cli,18720,kB
s1,bulk-up,RG,2,baseline-s1-bulk-up-rg-r2-20260924T095036Z,2026-09-24T09:55:26Z,rss_kb_srv,73980,kB
s1,bulk-up,RG,2,baseline-s1-bulk-up-rg-r2-20260924T095036Z,2026-09-24T09:55:26Z,hwm_kb_cli,20564,kB
s1,bulk-up,RG,2,baseline-s1-bulk-up-rg-r2-20260924T095036Z,2026-09-24T09:55:26Z,hwm_kb_srv,77052,kB
s1,bulk-up,RG,2,baseline-s1-bulk-up-rg-r2-20260924T095036Z,2026-09-24T09:55:26Z,out_segs_cli,611368,segments
s1,bulk-up,RG,2,baseline-s1-bulk-up-rg-r2-20260924T095036Z,2026-09-24T09:55:26Z,out_segs_srv,321484,segments
s1,bulk-up,RG,2,baseline-s1-bulk-up-rg-r2-20260924T095036Z,2026-09-24T09:55:26Z,retrans_pct_cli,39.9487706259,% of OutSegs
s1,bulk-up,RG,2,baseline-s1-bulk-up-rg-r2-20260924T095036Z,2026-09-24T09:55:26Z,retrans_pct_srv,0.000933172412935,% of OutSegs
s1,bulk-up,RG,2,baseline-s1-bulk-up-rg-r2-20260924T095036Z,2026-09-24T09:55:26Z,retrans_segs_cli,244234,segments
s1,bulk-up,RG,2,baseline-s1-bulk-up-rg-r2-20260924T095036Z,2026-09-24T09:55:26Z,retrans_segs_srv,3,segments
s1,bulk-up,RG,2,baseline-s1-bulk-up-rg-r2-20260924T095036Z,2026-09-24T09:55:26Z,fast_retrans_segs_cli,144674,segments
s1,bulk-up,RG,2,baseline-s1-bulk-up-rg-r2-20260924T095036Z,2026-09-24T09:55:26Z,fast_retrans_segs_srv,0,segments
s1,bulk-up,RG,2,baseline-s1-bulk-up-rg-r2-20260924T095036Z,2026-09-24T09:55:26Z,early_retrans_segs_cli,1437,segments
s1,bulk-up,RG,2,baseline-s1-bulk-up-rg-r2-20260924T095036Z,2026-09-24T09:55:26Z,early_retrans_segs_srv,0,segments
s1,bulk-up,RG,2,baseline-s1-bulk-up-rg-r2-20260924T095036Z,2026-09-24T09:55:26Z,lost_segs_cli,98123,segments
s1,bulk-up,RG,2,baseline-s1-bulk-up-rg-r2-20260924T095036Z,2026-09-24T09:55:26Z,lost_segs_srv,3,segments
s1,bulk-up,RG,2,baseline-s1-bulk-up-rg-r2-20260924T095036Z,2026-09-24T09:55:26Z,repeat_segs_cli,3,segments
s1,bulk-up,RG,2,baseline-s1-bulk-up-rg-r2-20260924T095036Z,2026-09-24T09:55:26Z,repeat_segs_srv,19585,segments
s1,bulk-up,GG,3,baseline-s1-bulk-up-gg-r3-20260924T095036Z,2026-09-24T09:56:05Z,goodput_mbit_s,136.385612382,Mbit/s
s1,bulk-up,GG,3,baseline-s1-bulk-up-gg-r3-20260924T095036Z,2026-09-24T09:56:05Z,tcp_retransmits,58,segments
s1,bulk-up,GG,3,baseline-s1-bulk-up-gg-r3-20260924T095036Z,2026-09-24T09:56:05Z,cpu_s_per_gb_cli,34.4007854294,s/GB
s1,bulk-up,GG,3,baseline-s1-bulk-up-gg-r3-20260924T095036Z,2026-09-24T09:56:05Z,cpu_s_per_gb_srv,24.1388562166,s/GB
s1,bulk-up,GG,3,baseline-s1-bulk-up-gg-r3-20260924T095036Z,2026-09-24T09:56:05Z,cpu_s_per_gb_total,58.539641646,s/GB
s1,bulk-up,GG,3,baseline-s1-bulk-up-gg-r3-20260924T095036Z,2026-09-24T09:56:05Z,rss_kb_cli,50912,kB
s1,bulk-up,GG,3,baseline-s1-bulk-up-gg-r3-20260924T095036Z,2026-09-24T09:56:05Z,rss_kb_srv,48136,kB
s1,bulk-up,GG,3,baseline-s1-bulk-up-gg-r3-20260924T095036Z,2026-09-24T09:56:05Z,hwm_kb_cli,50912,kB
s1,bulk-up,GG,3,baseline-s1-bulk-up-gg-r3-20260924T095036Z,2026-09-24T09:56:05Z,hwm_kb_srv,56808,kB
s1,bulk-up,GG,3,baseline-s1-bulk-up-gg-r3-20260924T095036Z,2026-09-24T09:56:05Z,out_segs_cli,516317,segments
s1,bulk-up,GG,3,baseline-s1-bulk-up-gg-r3-20260924T095036Z,2026-09-24T09:56:05Z,out_segs_srv,223650,segments
s1,bulk-up,GG,3,baseline-s1-bulk-up-gg-r3-20260924T095036Z,2026-09-24T09:56:05Z,retrans_pct_cli,38.6927023515,% of OutSegs
s1,bulk-up,GG,3,baseline-s1-bulk-up-gg-r3-20260924T095036Z,2026-09-24T09:56:05Z,retrans_pct_srv,0.000447127207691,% of OutSegs
s1,bulk-up,GG,3,baseline-s1-bulk-up-gg-r3-20260924T095036Z,2026-09-24T09:56:05Z,retrans_segs_cli,199777,segments
s1,bulk-up,GG,3,baseline-s1-bulk-up-gg-r3-20260924T095036Z,2026-09-24T09:56:05Z,retrans_segs_srv,1,segments
s1,bulk-up,GG,3,baseline-s1-bulk-up-gg-r3-20260924T095036Z,2026-09-24T09:56:05Z,fast_retrans_segs_cli,118687,segments
s1,bulk-up,GG,3,baseline-s1-bulk-up-gg-r3-20260924T095036Z,2026-09-24T09:56:05Z,fast_retrans_segs_srv,0,segments
s1,bulk-up,GG,3,baseline-s1-bulk-up-gg-r3-20260924T095036Z,2026-09-24T09:56:05Z,early_retrans_segs_cli,3731,segments
s1,bulk-up,GG,3,baseline-s1-bulk-up-gg-r3-20260924T095036Z,2026-09-24T09:56:05Z,early_retrans_segs_srv,0,segments
s1,bulk-up,GG,3,baseline-s1-bulk-up-gg-r3-20260924T095036Z,2026-09-24T09:56:05Z,lost_segs_cli,77359,segments
s1,bulk-up,GG,3,baseline-s1-bulk-up-gg-r3-20260924T095036Z,2026-09-24T09:56:05Z,lost_segs_srv,1,segments
s1,bulk-up,GG,3,baseline-s1-bulk-up-gg-r3-20260924T095036Z,2026-09-24T09:56:05Z,repeat_segs_cli,1,segments
s1,bulk-up,GG,3,baseline-s1-bulk-up-gg-r3-20260924T095036Z,2026-09-24T09:56:05Z,repeat_segs_srv,8570,segments
s1,bulk-up,RR,3,baseline-s1-bulk-up-rr-r3-20260924T095036Z,2026-09-24T09:56:43Z,goodput_mbit_s,183.716987346,Mbit/s
s1,bulk-up,RR,3,baseline-s1-bulk-up-rr-r3-20260924T095036Z,2026-09-24T09:56:43Z,tcp_retransmits,63,segments
s1,bulk-up,RR,3,baseline-s1-bulk-up-rr-r3-20260924T095036Z,2026-09-24T09:56:43Z,cpu_s_per_gb_cli,28.6894973488,s/GB
s1,bulk-up,RR,3,baseline-s1-bulk-up-rr-r3-20260924T095036Z,2026-09-24T09:56:43Z,cpu_s_per_gb_srv,15.6786353652,s/GB
s1,bulk-up,RR,3,baseline-s1-bulk-up-rr-r3-20260924T095036Z,2026-09-24T09:56:43Z,cpu_s_per_gb_total,44.368132714,s/GB
s1,bulk-up,RR,3,baseline-s1-bulk-up-rr-r3-20260924T095036Z,2026-09-24T09:56:43Z,rss_kb_cli,17540,kB
s1,bulk-up,RR,3,baseline-s1-bulk-up-rr-r3-20260924T095036Z,2026-09-24T09:56:43Z,rss_kb_srv,22540,kB
s1,bulk-up,RR,3,baseline-s1-bulk-up-rr-r3-20260924T095036Z,2026-09-24T09:56:43Z,hwm_kb_cli,20324,kB
s1,bulk-up,RR,3,baseline-s1-bulk-up-rr-r3-20260924T095036Z,2026-09-24T09:56:43Z,hwm_kb_srv,22540,kB
s1,bulk-up,RR,3,baseline-s1-bulk-up-rr-r3-20260924T095036Z,2026-09-24T09:56:43Z,out_segs_cli,651201,segments
s1,bulk-up,RR,3,baseline-s1-bulk-up-rr-r3-20260924T095036Z,2026-09-24T09:56:43Z,out_segs_srv,372644,segments
s1,bulk-up,RR,3,baseline-s1-bulk-up-rr-r3-20260924T095036Z,2026-09-24T09:56:43Z,retrans_pct_cli,34.9747620166,% of OutSegs
s1,bulk-up,RR,3,baseline-s1-bulk-up-rr-r3-20260924T095036Z,2026-09-24T09:56:43Z,retrans_pct_srv,0.000268352636833,% of OutSegs
s1,bulk-up,RR,3,baseline-s1-bulk-up-rr-r3-20260924T095036Z,2026-09-24T09:56:43Z,retrans_segs_cli,227756,segments
s1,bulk-up,RR,3,baseline-s1-bulk-up-rr-r3-20260924T095036Z,2026-09-24T09:56:43Z,retrans_segs_srv,1,segments
s1,bulk-up,RR,3,baseline-s1-bulk-up-rr-r3-20260924T095036Z,2026-09-24T09:56:43Z,fast_retrans_segs_cli,147157,segments
s1,bulk-up,RR,3,baseline-s1-bulk-up-rr-r3-20260924T095036Z,2026-09-24T09:56:43Z,fast_retrans_segs_srv,0,segments
s1,bulk-up,RR,3,baseline-s1-bulk-up-rr-r3-20260924T095036Z,2026-09-24T09:56:43Z,early_retrans_segs_cli,1209,segments
s1,bulk-up,RR,3,baseline-s1-bulk-up-rr-r3-20260924T095036Z,2026-09-24T09:56:43Z,early_retrans_segs_srv,0,segments
s1,bulk-up,RR,3,baseline-s1-bulk-up-rr-r3-20260924T095036Z,2026-09-24T09:56:43Z,lost_segs_cli,79390,segments
s1,bulk-up,RR,3,baseline-s1-bulk-up-rr-r3-20260924T095036Z,2026-09-24T09:56:43Z,lost_segs_srv,1,segments
s1,bulk-up,RR,3,baseline-s1-bulk-up-rr-r3-20260924T095036Z,2026-09-24T09:56:43Z,repeat_segs_cli,2,segments
s1,bulk-up,RR,3,baseline-s1-bulk-up-rr-r3-20260924T095036Z,2026-09-24T09:56:43Z,repeat_segs_srv,16143,segments
s1,bulk-up,GR,3,baseline-s1-bulk-up-gr-r3-20260924T095036Z,2026-09-24T09:57:23Z,goodput_mbit_s,204.246458024,Mbit/s
s1,bulk-up,GR,3,baseline-s1-bulk-up-gr-r3-20260924T095036Z,2026-09-24T09:57:23Z,tcp_retransmits,67,segments
s1,bulk-up,GR,3,baseline-s1-bulk-up-gr-r3-20260924T095036Z,2026-09-24T09:57:23Z,cpu_s_per_gb_cli,23.553050329,s/GB
s1,bulk-up,GR,3,baseline-s1-bulk-up-gr-r3-20260924T095036Z,2026-09-24T09:57:23Z,cpu_s_per_gb_srv,14.8571393632,s/GB
s1,bulk-up,GR,3,baseline-s1-bulk-up-gr-r3-20260924T095036Z,2026-09-24T09:57:23Z,cpu_s_per_gb_total,38.4101896922,s/GB
s1,bulk-up,GR,3,baseline-s1-bulk-up-gr-r3-20260924T095036Z,2026-09-24T09:57:23Z,rss_kb_cli,44564,kB
s1,bulk-up,GR,3,baseline-s1-bulk-up-gr-r3-20260924T095036Z,2026-09-24T09:57:23Z,rss_kb_srv,17468,kB
s1,bulk-up,GR,3,baseline-s1-bulk-up-gr-r3-20260924T095036Z,2026-09-24T09:57:23Z,hwm_kb_cli,47068,kB
s1,bulk-up,GR,3,baseline-s1-bulk-up-gr-r3-20260924T095036Z,2026-09-24T09:57:23Z,hwm_kb_srv,17468,kB
s1,bulk-up,GR,3,baseline-s1-bulk-up-gr-r3-20260924T095036Z,2026-09-24T09:57:23Z,out_segs_cli,620794,segments
s1,bulk-up,GR,3,baseline-s1-bulk-up-gr-r3-20260924T095036Z,2026-09-24T09:57:23Z,out_segs_srv,309862,segments
s1,bulk-up,GR,3,baseline-s1-bulk-up-gr-r3-20260924T095036Z,2026-09-24T09:57:23Z,retrans_pct_cli,22.9478699859,% of OutSegs
s1,bulk-up,GR,3,baseline-s1-bulk-up-gr-r3-20260924T095036Z,2026-09-24T09:57:23Z,retrans_pct_srv,0.000645448619063,% of OutSegs
s1,bulk-up,GR,3,baseline-s1-bulk-up-gr-r3-20260924T095036Z,2026-09-24T09:57:23Z,retrans_segs_cli,142459,segments
s1,bulk-up,GR,3,baseline-s1-bulk-up-gr-r3-20260924T095036Z,2026-09-24T09:57:23Z,retrans_segs_srv,2,segments
s1,bulk-up,GR,3,baseline-s1-bulk-up-gr-r3-20260924T095036Z,2026-09-24T09:57:23Z,fast_retrans_segs_cli,111840,segments
s1,bulk-up,GR,3,baseline-s1-bulk-up-gr-r3-20260924T095036Z,2026-09-24T09:57:23Z,fast_retrans_segs_srv,0,segments
s1,bulk-up,GR,3,baseline-s1-bulk-up-gr-r3-20260924T095036Z,2026-09-24T09:57:23Z,early_retrans_segs_cli,3654,segments
s1,bulk-up,GR,3,baseline-s1-bulk-up-gr-r3-20260924T095036Z,2026-09-24T09:57:23Z,early_retrans_segs_srv,0,segments
s1,bulk-up,GR,3,baseline-s1-bulk-up-gr-r3-20260924T095036Z,2026-09-24T09:57:23Z,lost_segs_cli,26965,segments
s1,bulk-up,GR,3,baseline-s1-bulk-up-gr-r3-20260924T095036Z,2026-09-24T09:57:23Z,lost_segs_srv,2,segments
s1,bulk-up,GR,3,baseline-s1-bulk-up-gr-r3-20260924T095036Z,2026-09-24T09:57:23Z,repeat_segs_cli,3,segments
s1,bulk-up,GR,3,baseline-s1-bulk-up-gr-r3-20260924T095036Z,2026-09-24T09:57:23Z,repeat_segs_srv,1895,segments
s1,bulk-up,RG,3,baseline-s1-bulk-up-rg-r3-20260924T095036Z,2026-09-24T09:58:01Z,goodput_mbit_s,148.392568265,Mbit/s
s1,bulk-up,RG,3,baseline-s1-bulk-up-rg-r3-20260924T095036Z,2026-09-24T09:58:01Z,tcp_retransmits,49,segments
s1,bulk-up,RG,3,baseline-s1-bulk-up-rg-r3-20260924T095036Z,2026-09-24T09:58:01Z,cpu_s_per_gb_cli,29.9783417026,s/GB
s1,bulk-up,RG,3,baseline-s1-bulk-up-rg-r3-20260924T095036Z,2026-09-24T09:58:01Z,cpu_s_per_gb_srv,23.1711492412,s/GB
s1,bulk-up,RG,3,baseline-s1-bulk-up-rg-r3-20260924T095036Z,2026-09-24T09:58:01Z,cpu_s_per_gb_total,53.1494909437,s/GB
s1,bulk-up,RG,3,baseline-s1-bulk-up-rg-r3-20260924T095036Z,2026-09-24T09:58:01Z,rss_kb_cli,18256,kB
s1,bulk-up,RG,3,baseline-s1-bulk-up-rg-r3-20260924T095036Z,2026-09-24T09:58:01Z,rss_kb_srv,73236,kB
s1,bulk-up,RG,3,baseline-s1-bulk-up-rg-r3-20260924T095036Z,2026-09-24T09:58:01Z,hwm_kb_cli,20368,kB
s1,bulk-up,RG,3,baseline-s1-bulk-up-rg-r3-20260924T095036Z,2026-09-24T09:58:01Z,hwm_kb_srv,73236,kB
s1,bulk-up,RG,3,baseline-s1-bulk-up-rg-r3-20260924T095036Z,2026-09-24T09:58:01Z,out_segs_cli,575348,segments
s1,bulk-up,RG,3,baseline-s1-bulk-up-rg-r3-20260924T095036Z,2026-09-24T09:58:01Z,out_segs_srv,307418,segments
s1,bulk-up,RG,3,baseline-s1-bulk-up-rg-r3-20260924T095036Z,2026-09-24T09:58:01Z,retrans_pct_cli,39.7940029339,% of OutSegs
s1,bulk-up,RG,3,baseline-s1-bulk-up-rg-r3-20260924T095036Z,2026-09-24T09:58:01Z,retrans_pct_srv,0.000975869988094,% of OutSegs
s1,bulk-up,RG,3,baseline-s1-bulk-up-rg-r3-20260924T095036Z,2026-09-24T09:58:01Z,retrans_segs_cli,228954,segments
s1,bulk-up,RG,3,baseline-s1-bulk-up-rg-r3-20260924T095036Z,2026-09-24T09:58:01Z,retrans_segs_srv,3,segments
s1,bulk-up,RG,3,baseline-s1-bulk-up-rg-r3-20260924T095036Z,2026-09-24T09:58:01Z,fast_retrans_segs_cli,128612,segments
s1,bulk-up,RG,3,baseline-s1-bulk-up-rg-r3-20260924T095036Z,2026-09-24T09:58:01Z,fast_retrans_segs_srv,0,segments
s1,bulk-up,RG,3,baseline-s1-bulk-up-rg-r3-20260924T095036Z,2026-09-24T09:58:01Z,early_retrans_segs_cli,10044,segments
s1,bulk-up,RG,3,baseline-s1-bulk-up-rg-r3-20260924T095036Z,2026-09-24T09:58:01Z,early_retrans_segs_srv,0,segments
s1,bulk-up,RG,3,baseline-s1-bulk-up-rg-r3-20260924T095036Z,2026-09-24T09:58:01Z,lost_segs_cli,90298,segments
s1,bulk-up,RG,3,baseline-s1-bulk-up-rg-r3-20260924T095036Z,2026-09-24T09:58:01Z,lost_segs_srv,3,segments
s1,bulk-up,RG,3,baseline-s1-bulk-up-rg-r3-20260924T095036Z,2026-09-24T09:58:01Z,repeat_segs_cli,3,segments
s1,bulk-up,RG,3,baseline-s1-bulk-up-rg-r3-20260924T095036Z,2026-09-24T09:58:01Z,repeat_segs_srv,16050,segments
s1,bulk-up,GG,4,baseline-s1-bulk-up-gg-r4-20260924T095036Z,2026-09-24T09:58:39Z,goodput_mbit_s,158.043475541,Mbit/s
s1,bulk-up,GG,4,baseline-s1-bulk-up-gg-r4-20260924T095036Z,2026-09-24T09:58:39Z,tcp_retransmits,54,segments
s1,bulk-up,GG,4,baseline-s1-bulk-up-gg-r4-20260924T095036Z,2026-09-24T09:58:39Z,cpu_s_per_gb_cli,29.8552433153,s/GB
s1,bulk-up,GG,4,baseline-s1-bulk-up-gg-r4-20260924T095036Z,2026-09-24T09:58:39Z,cpu_s_per_gb_srv,21.7767657123,s/GB
s1,bulk-up,GG,4,baseline-s1-bulk-up-gg-r4-20260924T095036Z,2026-09-24T09:58:39Z,cpu_s_per_gb_total,51.6320090277,s/GB
s1,bulk-up,GG,4,baseline-s1-bulk-up-gg-r4-20260924T095036Z,2026-09-24T09:58:39Z,rss_kb_cli,52832,kB
s1,bulk-up,GG,4,baseline-s1-bulk-up-gg-r4-20260924T095036Z,2026-09-24T09:58:39Z,rss_kb_srv,60544,kB
s1,bulk-up,GG,4,baseline-s1-bulk-up-gg-r4-20260924T095036Z,2026-09-24T09:58:39Z,hwm_kb_cli,52832,kB
s1,bulk-up,GG,4,baseline-s1-bulk-up-gg-r4-20260924T095036Z,2026-09-24T09:58:39Z,hwm_kb_srv,60544,kB
s1,bulk-up,GG,4,baseline-s1-bulk-up-gg-r4-20260924T095036Z,2026-09-24T09:58:39Z,out_segs_cli,575246,segments
s1,bulk-up,GG,4,baseline-s1-bulk-up-gg-r4-20260924T095036Z,2026-09-24T09:58:39Z,out_segs_srv,262596,segments
s1,bulk-up,GG,4,baseline-s1-bulk-up-gg-r4-20260924T095036Z,2026-09-24T09:58:39Z,retrans_pct_cli,35.6384920538,% of OutSegs
s1,bulk-up,GG,4,baseline-s1-bulk-up-gg-r4-20260924T095036Z,2026-09-24T09:58:39Z,retrans_pct_srv,0,% of OutSegs
s1,bulk-up,GG,4,baseline-s1-bulk-up-gg-r4-20260924T095036Z,2026-09-24T09:58:39Z,retrans_segs_cli,205009,segments
s1,bulk-up,GG,4,baseline-s1-bulk-up-gg-r4-20260924T095036Z,2026-09-24T09:58:39Z,retrans_segs_srv,0,segments
s1,bulk-up,GG,4,baseline-s1-bulk-up-gg-r4-20260924T095036Z,2026-09-24T09:58:39Z,fast_retrans_segs_cli,133486,segments
s1,bulk-up,GG,4,baseline-s1-bulk-up-gg-r4-20260924T095036Z,2026-09-24T09:58:39Z,fast_retrans_segs_srv,0,segments
s1,bulk-up,GG,4,baseline-s1-bulk-up-gg-r4-20260924T095036Z,2026-09-24T09:58:39Z,early_retrans_segs_cli,4069,segments
s1,bulk-up,GG,4,baseline-s1-bulk-up-gg-r4-20260924T095036Z,2026-09-24T09:58:39Z,early_retrans_segs_srv,0,segments
s1,bulk-up,GG,4,baseline-s1-bulk-up-gg-r4-20260924T095036Z,2026-09-24T09:58:39Z,lost_segs_cli,67454,segments
s1,bulk-up,GG,4,baseline-s1-bulk-up-gg-r4-20260924T095036Z,2026-09-24T09:58:39Z,lost_segs_srv,0,segments
s1,bulk-up,GG,4,baseline-s1-bulk-up-gg-r4-20260924T095036Z,2026-09-24T09:58:39Z,repeat_segs_cli,0,segments
s1,bulk-up,GG,4,baseline-s1-bulk-up-gg-r4-20260924T095036Z,2026-09-24T09:58:39Z,repeat_segs_srv,4619,segments
s1,bulk-up,RR,4,baseline-s1-bulk-up-rr-r4-20260924T095036Z,2026-09-24T09:59:17Z,goodput_mbit_s,195.885632448,Mbit/s
s1,bulk-up,RR,4,baseline-s1-bulk-up-rr-r4-20260924T095036Z,2026-09-24T09:59:17Z,tcp_retransmits,44,segments
s1,bulk-up,RR,4,baseline-s1-bulk-up-rr-r4-20260924T095036Z,2026-09-24T09:59:17Z,cpu_s_per_gb_cli,25.7237072297,s/GB
s1,bulk-up,RR,4,baseline-s1-bulk-up-rr-r4-20260924T095036Z,2026-09-24T09:59:17Z,cpu_s_per_gb_srv,14.4020121365,s/GB
s1,bulk-up,RR,4,baseline-s1-bulk-up-rr-r4-20260924T095036Z,2026-09-24T09:59:17Z,cpu_s_per_gb_total,40.1257193662,s/GB
s1,bulk-up,RR,4,baseline-s1-bulk-up-rr-r4-20260924T095036Z,2026-09-24T09:59:17Z,rss_kb_cli,14484,kB
s1,bulk-up,RR,4,baseline-s1-bulk-up-rr-r4-20260924T095036Z,2026-09-24T09:59:17Z,rss_kb_srv,18864,kB
s1,bulk-up,RR,4,baseline-s1-bulk-up-rr-r4-20260924T095036Z,2026-09-24T09:59:17Z,hwm_kb_cli,20288,kB
s1,bulk-up,RR,4,baseline-s1-bulk-up-rr-r4-20260924T095036Z,2026-09-24T09:59:17Z,hwm_kb_srv,18864,kB
s1,bulk-up,RR,4,baseline-s1-bulk-up-rr-r4-20260924T095036Z,2026-09-24T09:59:17Z,out_segs_cli,691244,segments
s1,bulk-up,RR,4,baseline-s1-bulk-up-rr-r4-20260924T095036Z,2026-09-24T09:59:17Z,out_segs_srv,410689,segments
s1,bulk-up,RR,4,baseline-s1-bulk-up-rr-r4-20260924T095036Z,2026-09-24T09:59:17Z,retrans_pct_cli,34.1131351592,% of OutSegs
s1,bulk-up,RR,4,baseline-s1-bulk-up-rr-r4-20260924T095036Z,2026-09-24T09:59:17Z,retrans_pct_srv,0.000486986503169,% of OutSegs
s1,bulk-up,RR,4,baseline-s1-bulk-up-rr-r4-20260924T095036Z,2026-09-24T09:59:17Z,retrans_segs_cli,235805,segments
s1,bulk-up,RR,4,baseline-s1-bulk-up-rr-r4-20260924T095036Z,2026-09-24T09:59:17Z,retrans_segs_srv,2,segments
s1,bulk-up,RR,4,baseline-s1-bulk-up-rr-r4-20260924T095036Z,2026-09-24T09:59:17Z,fast_retrans_segs_cli,155343,segments
s1,bulk-up,RR,4,baseline-s1-bulk-up-rr-r4-20260924T095036Z,2026-09-24T09:59:17Z,fast_retrans_segs_srv,0,segments
s1,bulk-up,RR,4,baseline-s1-bulk-up-rr-r4-20260924T095036Z,2026-09-24T09:59:17Z,early_retrans_segs_cli,84,segments
s1,bulk-up,RR,4,baseline-s1-bulk-up-rr-r4-20260924T095036Z,2026-09-24T09:59:17Z,early_retrans_segs_srv,0,segments
s1,bulk-up,RR,4,baseline-s1-bulk-up-rr-r4-20260924T095036Z,2026-09-24T09:59:17Z,lost_segs_cli,80378,segments
s1,bulk-up,RR,4,baseline-s1-bulk-up-rr-r4-20260924T095036Z,2026-09-24T09:59:17Z,lost_segs_srv,2,segments
s1,bulk-up,RR,4,baseline-s1-bulk-up-rr-r4-20260924T095036Z,2026-09-24T09:59:17Z,repeat_segs_cli,2,segments
s1,bulk-up,RR,4,baseline-s1-bulk-up-rr-r4-20260924T095036Z,2026-09-24T09:59:17Z,repeat_segs_srv,16568,segments
s1,bulk-up,GR,4,baseline-s1-bulk-up-gr-r4-20260924T095036Z,2026-09-24T09:59:56Z,goodput_mbit_s,201.671871795,Mbit/s
s1,bulk-up,GR,4,baseline-s1-bulk-up-gr-r4-20260924T095036Z,2026-09-24T09:59:56Z,tcp_retransmits,75,segments
s1,bulk-up,GR,4,baseline-s1-bulk-up-gr-r4-20260924T095036Z,2026-09-24T09:59:56Z,cpu_s_per_gb_cli,23.3564991866,s/GB
s1,bulk-up,GR,4,baseline-s1-bulk-up-gr-r4-20260924T095036Z,2026-09-24T09:59:56Z,cpu_s_per_gb_srv,15.4129182449,s/GB
s1,bulk-up,GR,4,baseline-s1-bulk-up-gr-r4-20260924T095036Z,2026-09-24T09:59:56Z,cpu_s_per_gb_total,38.7694174315,s/GB
s1,bulk-up,GR,4,baseline-s1-bulk-up-gr-r4-20260924T095036Z,2026-09-24T09:59:56Z,rss_kb_cli,45452,kB
s1,bulk-up,GR,4,baseline-s1-bulk-up-gr-r4-20260924T095036Z,2026-09-24T09:59:56Z,rss_kb_srv,12748,kB
s1,bulk-up,GR,4,baseline-s1-bulk-up-gr-r4-20260924T095036Z,2026-09-24T09:59:56Z,hwm_kb_cli,45840,kB
s1,bulk-up,GR,4,baseline-s1-bulk-up-gr-r4-20260924T095036Z,2026-09-24T09:59:56Z,hwm_kb_srv,12748,kB
s1,bulk-up,GR,4,baseline-s1-bulk-up-gr-r4-20260924T095036Z,2026-09-24T09:59:56Z,out_segs_cli,611947,segments
s1,bulk-up,GR,4,baseline-s1-bulk-up-gr-r4-20260924T095036Z,2026-09-24T09:59:56Z,out_segs_srv,290033,segments
s1,bulk-up,GR,4,baseline-s1-bulk-up-gr-r4-20260924T095036Z,2026-09-24T09:59:56Z,retrans_pct_cli,21.8344072281,% of OutSegs
s1,bulk-up,GR,4,baseline-s1-bulk-up-gr-r4-20260924T095036Z,2026-09-24T09:59:56Z,retrans_pct_srv,0,% of OutSegs
s1,bulk-up,GR,4,baseline-s1-bulk-up-gr-r4-20260924T095036Z,2026-09-24T09:59:56Z,retrans_segs_cli,133615,segments
s1,bulk-up,GR,4,baseline-s1-bulk-up-gr-r4-20260924T095036Z,2026-09-24T09:59:56Z,retrans_segs_srv,0,segments
s1,bulk-up,GR,4,baseline-s1-bulk-up-gr-r4-20260924T095036Z,2026-09-24T09:59:56Z,fast_retrans_segs_cli,109744,segments
s1,bulk-up,GR,4,baseline-s1-bulk-up-gr-r4-20260924T095036Z,2026-09-24T09:59:56Z,fast_retrans_segs_srv,0,segments
s1,bulk-up,GR,4,baseline-s1-bulk-up-gr-r4-20260924T095036Z,2026-09-24T09:59:56Z,early_retrans_segs_cli,3100,segments
s1,bulk-up,GR,4,baseline-s1-bulk-up-gr-r4-20260924T095036Z,2026-09-24T09:59:56Z,early_retrans_segs_srv,0,segments
s1,bulk-up,GR,4,baseline-s1-bulk-up-gr-r4-20260924T095036Z,2026-09-24T09:59:56Z,lost_segs_cli,20771,segments
s1,bulk-up,GR,4,baseline-s1-bulk-up-gr-r4-20260924T095036Z,2026-09-24T09:59:56Z,lost_segs_srv,0,segments
s1,bulk-up,GR,4,baseline-s1-bulk-up-gr-r4-20260924T095036Z,2026-09-24T09:59:56Z,repeat_segs_cli,0,segments
s1,bulk-up,GR,4,baseline-s1-bulk-up-gr-r4-20260924T095036Z,2026-09-24T09:59:56Z,repeat_segs_srv,1507,segments
s1,bulk-up,RG,4,baseline-s1-bulk-up-rg-r4-20260924T095036Z,2026-09-24T10:00:34Z,goodput_mbit_s,157.086512914,Mbit/s
s1,bulk-up,RG,4,baseline-s1-bulk-up-rg-r4-20260924T095036Z,2026-09-24T10:00:34Z,tcp_retransmits,50,segments
s1,bulk-up,RG,4,baseline-s1-bulk-up-rg-r4-20260924T095036Z,2026-09-24T10:00:34Z,cpu_s_per_gb_cli,28.2475914933,s/GB
s1,bulk-up,RG,4,baseline-s1-bulk-up-rg-r4-20260924T095036Z,2026-09-24T10:00:34Z,cpu_s_per_gb_srv,22.6744180365,s/GB
s1,bulk-up,RG,4,baseline-s1-bulk-up-rg-r4-20260924T095036Z,2026-09-24T10:00:34Z,cpu_s_per_gb_total,50.9220095298,s/GB
s1,bulk-up,RG,4,baseline-s1-bulk-up-rg-r4-20260924T095036Z,2026-09-24T10:00:34Z,rss_kb_cli,17152,kB
s1,bulk-up,RG,4,baseline-s1-bulk-up-rg-r4-20260924T095036Z,2026-09-24T10:00:34Z,rss_kb_srv,74884,kB
s1,bulk-up,RG,4,baseline-s1-bulk-up-rg-r4-20260924T095036Z,2026-09-24T10:00:34Z,hwm_kb_cli,20580,kB
s1,bulk-up,RG,4,baseline-s1-bulk-up-rg-r4-20260924T095036Z,2026-09-24T10:00:34Z,hwm_kb_srv,75800,kB
s1,bulk-up,RG,4,baseline-s1-bulk-up-rg-r4-20260924T095036Z,2026-09-24T10:00:34Z,out_segs_cli,588244,segments
s1,bulk-up,RG,4,baseline-s1-bulk-up-rg-r4-20260924T095036Z,2026-09-24T10:00:34Z,out_segs_srv,310471,segments
s1,bulk-up,RG,4,baseline-s1-bulk-up-rg-r4-20260924T095036Z,2026-09-24T10:00:34Z,retrans_pct_cli,39.1383507524,% of OutSegs
s1,bulk-up,RG,4,baseline-s1-bulk-up-rg-r4-20260924T095036Z,2026-09-24T10:00:34Z,retrans_pct_srv,0.000644182548451,% of OutSegs
s1,bulk-up,RG,4,baseline-s1-bulk-up-rg-r4-20260924T095036Z,2026-09-24T10:00:34Z,retrans_segs_cli,230229,segments
s1,bulk-up,RG,4,baseline-s1-bulk-up-rg-r4-20260924T095036Z,2026-09-24T10:00:34Z,retrans_segs_srv,2,segments
s1,bulk-up,RG,4,baseline-s1-bulk-up-rg-r4-20260924T095036Z,2026-09-24T10:00:34Z,fast_retrans_segs_cli,130076,segments
s1,bulk-up,RG,4,baseline-s1-bulk-up-rg-r4-20260924T095036Z,2026-09-24T10:00:34Z,fast_retrans_segs_srv,0,segments
s1,bulk-up,RG,4,baseline-s1-bulk-up-rg-r4-20260924T095036Z,2026-09-24T10:00:34Z,early_retrans_segs_cli,4335,segments
s1,bulk-up,RG,4,baseline-s1-bulk-up-rg-r4-20260924T095036Z,2026-09-24T10:00:34Z,early_retrans_segs_srv,0,segments
s1,bulk-up,RG,4,baseline-s1-bulk-up-rg-r4-20260924T095036Z,2026-09-24T10:00:34Z,lost_segs_cli,95818,segments
s1,bulk-up,RG,4,baseline-s1-bulk-up-rg-r4-20260924T095036Z,2026-09-24T10:00:34Z,lost_segs_srv,2,segments
s1,bulk-up,RG,4,baseline-s1-bulk-up-rg-r4-20260924T095036Z,2026-09-24T10:00:34Z,repeat_segs_cli,2,segments
s1,bulk-up,RG,4,baseline-s1-bulk-up-rg-r4-20260924T095036Z,2026-09-24T10:00:34Z,repeat_segs_srv,18205,segments
s1,bulk-up,GG,5,baseline-s1-bulk-up-gg-r5-20260924T095036Z,2026-09-24T10:01:12Z,goodput_mbit_s,146.572191706,Mbit/s
s1,bulk-up,GG,5,baseline-s1-bulk-up-gg-r5-20260924T095036Z,2026-09-24T10:01:12Z,tcp_retransmits,63,segments
s1,bulk-up,GG,5,baseline-s1-bulk-up-gg-r5-20260924T095036Z,2026-09-24T10:01:12Z,cpu_s_per_gb_cli,30.6315306749,s/GB
s1,bulk-up,GG,5,baseline-s1-bulk-up-gg-r5-20260924T095036Z,2026-09-24T10:01:12Z,cpu_s_per_gb_srv,23.740114562,s/GB
s1,bulk-up,GG,5,baseline-s1-bulk-up-gg-r5-20260924T095036Z,2026-09-24T10:01:12Z,cpu_s_per_gb_total,54.3716452369,s/GB
s1,bulk-up,GG,5,baseline-s1-bulk-up-gg-r5-20260924T095036Z,2026-09-24T10:01:12Z,rss_kb_cli,52516,kB
s1,bulk-up,GG,5,baseline-s1-bulk-up-gg-r5-20260924T095036Z,2026-09-24T10:01:12Z,rss_kb_srv,52052,kB
s1,bulk-up,GG,5,baseline-s1-bulk-up-gg-r5-20260924T095036Z,2026-09-24T10:01:12Z,hwm_kb_cli,52516,kB
s1,bulk-up,GG,5,baseline-s1-bulk-up-gg-r5-20260924T095036Z,2026-09-24T10:01:12Z,hwm_kb_srv,57120,kB
s1,bulk-up,GG,5,baseline-s1-bulk-up-gg-r5-20260924T095036Z,2026-09-24T10:01:12Z,out_segs_cli,520089,segments
s1,bulk-up,GG,5,baseline-s1-bulk-up-gg-r5-20260924T095036Z,2026-09-24T10:01:12Z,out_segs_srv,229770,segments
s1,bulk-up,GG,5,baseline-s1-bulk-up-gg-r5-20260924T095036Z,2026-09-24T10:01:12Z,retrans_pct_cli,35.1662888467,% of OutSegs
s1,bulk-up,GG,5,baseline-s1-bulk-up-gg-r5-20260924T095036Z,2026-09-24T10:01:12Z,retrans_pct_srv,0,% of OutSegs
s1,bulk-up,GG,5,baseline-s1-bulk-up-gg-r5-20260924T095036Z,2026-09-24T10:01:12Z,retrans_segs_cli,182896,segments
s1,bulk-up,GG,5,baseline-s1-bulk-up-gg-r5-20260924T095036Z,2026-09-24T10:01:12Z,retrans_segs_srv,0,segments
s1,bulk-up,GG,5,baseline-s1-bulk-up-gg-r5-20260924T095036Z,2026-09-24T10:01:12Z,fast_retrans_segs_cli,120562,segments
s1,bulk-up,GG,5,baseline-s1-bulk-up-gg-r5-20260924T095036Z,2026-09-24T10:01:12Z,fast_retrans_segs_srv,0,segments
s1,bulk-up,GG,5,baseline-s1-bulk-up-gg-r5-20260924T095036Z,2026-09-24T10:01:12Z,early_retrans_segs_cli,1976,segments
s1,bulk-up,GG,5,baseline-s1-bulk-up-gg-r5-20260924T095036Z,2026-09-24T10:01:12Z,early_retrans_segs_srv,0,segments
s1,bulk-up,GG,5,baseline-s1-bulk-up-gg-r5-20260924T095036Z,2026-09-24T10:01:12Z,lost_segs_cli,60358,segments
s1,bulk-up,GG,5,baseline-s1-bulk-up-gg-r5-20260924T095036Z,2026-09-24T10:01:12Z,lost_segs_srv,0,segments
s1,bulk-up,GG,5,baseline-s1-bulk-up-gg-r5-20260924T095036Z,2026-09-24T10:01:12Z,repeat_segs_cli,0,segments
s1,bulk-up,GG,5,baseline-s1-bulk-up-gg-r5-20260924T095036Z,2026-09-24T10:01:12Z,repeat_segs_srv,6753,segments
s1,bulk-up,RR,5,baseline-s1-bulk-up-rr-r5-20260924T095036Z,2026-09-24T10:01:50Z,goodput_mbit_s,180.404262543,Mbit/s
s1,bulk-up,RR,5,baseline-s1-bulk-up-rr-r5-20260924T095036Z,2026-09-24T10:01:50Z,tcp_retransmits,50,segments
s1,bulk-up,RR,5,baseline-s1-bulk-up-rr-r5-20260924T095036Z,2026-09-24T10:01:50Z,cpu_s_per_gb_cli,28.2693345753,s/GB
s1,bulk-up,RR,5,baseline-s1-bulk-up-rr-r5-20260924T095036Z,2026-09-24T10:01:50Z,cpu_s_per_gb_srv,15.5647630367,s/GB
s1,bulk-up,RR,5,baseline-s1-bulk-up-rr-r5-20260924T095036Z,2026-09-24T10:01:50Z,cpu_s_per_gb_total,43.834097612,s/GB
s1,bulk-up,RR,5,baseline-s1-bulk-up-rr-r5-20260924T095036Z,2026-09-24T10:01:50Z,rss_kb_cli,19216,kB
s1,bulk-up,RR,5,baseline-s1-bulk-up-rr-r5-20260924T095036Z,2026-09-24T10:01:50Z,rss_kb_srv,18576,kB
s1,bulk-up,RR,5,baseline-s1-bulk-up-rr-r5-20260924T095036Z,2026-09-24T10:01:50Z,hwm_kb_cli,20308,kB
s1,bulk-up,RR,5,baseline-s1-bulk-up-rr-r5-20260924T095036Z,2026-09-24T10:01:50Z,hwm_kb_srv,18576,kB
s1,bulk-up,RR,5,baseline-s1-bulk-up-rr-r5-20260924T095036Z,2026-09-24T10:01:50Z,out_segs_cli,643766,segments
s1,bulk-up,RR,5,baseline-s1-bulk-up-rr-r5-20260924T095036Z,2026-09-24T10:01:50Z,out_segs_srv,371349,segments
s1,bulk-up,RR,5,baseline-s1-bulk-up-rr-r5-20260924T095036Z,2026-09-24T10:01:50Z,retrans_pct_cli,33.8652553878,% of OutSegs
s1,bulk-up,RR,5,baseline-s1-bulk-up-rr-r5-20260924T095036Z,2026-09-24T10:01:50Z,retrans_pct_srv,0.000269288459105,% of OutSegs
s1,bulk-up,RR,5,baseline-s1-bulk-up-rr-r5-20260924T095036Z,2026-09-24T10:01:50Z,retrans_segs_cli,218013,segments
s1,bulk-up,RR,5,baseline-s1-bulk-up-rr-r5-20260924T095036Z,2026-09-24T10:01:50Z,retrans_segs_srv,1,segments
s1,bulk-up,RR,5,baseline-s1-bulk-up-rr-r5-20260924T095036Z,2026-09-24T10:01:50Z,fast_retrans_segs_cli,138647,segments
s1,bulk-up,RR,5,baseline-s1-bulk-up-rr-r5-20260924T095036Z,2026-09-24T10:01:50Z,fast_retrans_segs_srv,0,segments
s1,bulk-up,RR,5,baseline-s1-bulk-up-rr-r5-20260924T095036Z,2026-09-24T10:01:50Z,early_retrans_segs_cli,2008,segments
s1,bulk-up,RR,5,baseline-s1-bulk-up-rr-r5-20260924T095036Z,2026-09-24T10:01:50Z,early_retrans_segs_srv,0,segments
s1,bulk-up,RR,5,baseline-s1-bulk-up-rr-r5-20260924T095036Z,2026-09-24T10:01:50Z,lost_segs_cli,77358,segments
s1,bulk-up,RR,5,baseline-s1-bulk-up-rr-r5-20260924T095036Z,2026-09-24T10:01:50Z,lost_segs_srv,1,segments
s1,bulk-up,RR,5,baseline-s1-bulk-up-rr-r5-20260924T095036Z,2026-09-24T10:01:50Z,repeat_segs_cli,1,segments
s1,bulk-up,RR,5,baseline-s1-bulk-up-rr-r5-20260924T095036Z,2026-09-24T10:01:50Z,repeat_segs_srv,17314,segments
s1,bulk-up,GR,5,baseline-s1-bulk-up-gr-r5-20260924T095036Z,2026-09-24T10:02:29Z,goodput_mbit_s,199.373735565,Mbit/s
s1,bulk-up,GR,5,baseline-s1-bulk-up-gr-r5-20260924T095036Z,2026-09-24T10:02:29Z,tcp_retransmits,81,segments
s1,bulk-up,GR,5,baseline-s1-bulk-up-gr-r5-20260924T095036Z,2026-09-24T10:02:29Z,cpu_s_per_gb_cli,24.7645265592,s/GB
s1,bulk-up,GR,5,baseline-s1-bulk-up-gr-r5-20260924T095036Z,2026-09-24T10:02:29Z,cpu_s_per_gb_srv,14.7226910724,s/GB
s1,bulk-up,GR,5,baseline-s1-bulk-up-gr-r5-20260924T095036Z,2026-09-24T10:02:29Z,cpu_s_per_gb_total,39.4872176316,s/GB
s1,bulk-up,GR,5,baseline-s1-bulk-up-gr-r5-20260924T095036Z,2026-09-24T10:02:29Z,rss_kb_cli,46516,kB
s1,bulk-up,GR,5,baseline-s1-bulk-up-gr-r5-20260924T095036Z,2026-09-24T10:02:29Z,rss_kb_srv,17176,kB
s1,bulk-up,GR,5,baseline-s1-bulk-up-gr-r5-20260924T095036Z,2026-09-24T10:02:29Z,hwm_kb_cli,46516,kB
s1,bulk-up,GR,5,baseline-s1-bulk-up-gr-r5-20260924T095036Z,2026-09-24T10:02:29Z,hwm_kb_srv,17176,kB
s1,bulk-up,GR,5,baseline-s1-bulk-up-gr-r5-20260924T095036Z,2026-09-24T10:02:29Z,out_segs_cli,643182,segments
s1,bulk-up,GR,5,baseline-s1-bulk-up-gr-r5-20260924T095036Z,2026-09-24T10:02:29Z,out_segs_srv,297523,segments
s1,bulk-up,GR,5,baseline-s1-bulk-up-gr-r5-20260924T095036Z,2026-09-24T10:02:29Z,retrans_pct_cli,26.4315543656,% of OutSegs
s1,bulk-up,GR,5,baseline-s1-bulk-up-gr-r5-20260924T095036Z,2026-09-24T10:02:29Z,retrans_pct_srv,0.000336108468925,% of OutSegs
s1,bulk-up,GR,5,baseline-s1-bulk-up-gr-r5-20260924T095036Z,2026-09-24T10:02:29Z,retrans_segs_cli,170003,segments
s1,bulk-up,GR,5,baseline-s1-bulk-up-gr-r5-20260924T095036Z,2026-09-24T10:02:29Z,retrans_segs_srv,1,segments
s1,bulk-up,GR,5,baseline-s1-bulk-up-gr-r5-20260924T095036Z,2026-09-24T10:02:29Z,fast_retrans_segs_cli,125020,segments
s1,bulk-up,GR,5,baseline-s1-bulk-up-gr-r5-20260924T095036Z,2026-09-24T10:02:29Z,fast_retrans_segs_srv,0,segments
s1,bulk-up,GR,5,baseline-s1-bulk-up-gr-r5-20260924T095036Z,2026-09-24T10:02:29Z,early_retrans_segs_cli,2113,segments
s1,bulk-up,GR,5,baseline-s1-bulk-up-gr-r5-20260924T095036Z,2026-09-24T10:02:29Z,early_retrans_segs_srv,0,segments
s1,bulk-up,GR,5,baseline-s1-bulk-up-gr-r5-20260924T095036Z,2026-09-24T10:02:29Z,lost_segs_cli,42870,segments
s1,bulk-up,GR,5,baseline-s1-bulk-up-gr-r5-20260924T095036Z,2026-09-24T10:02:29Z,lost_segs_srv,1,segments
s1,bulk-up,GR,5,baseline-s1-bulk-up-gr-r5-20260924T095036Z,2026-09-24T10:02:29Z,repeat_segs_cli,1,segments
s1,bulk-up,GR,5,baseline-s1-bulk-up-gr-r5-20260924T095036Z,2026-09-24T10:02:29Z,repeat_segs_srv,2952,segments
s1,bulk-up,RG,5,baseline-s1-bulk-up-rg-r5-20260924T095036Z,2026-09-24T10:03:07Z,goodput_mbit_s,157.413614354,Mbit/s
s1,bulk-up,RG,5,baseline-s1-bulk-up-rg-r5-20260924T095036Z,2026-09-24T10:03:07Z,tcp_retransmits,47,segments
s1,bulk-up,RG,5,baseline-s1-bulk-up-rg-r5-20260924T095036Z,2026-09-24T10:03:07Z,cpu_s_per_gb_cli,27.6948795173,s/GB
s1,bulk-up,RG,5,baseline-s1-bulk-up-rg-r5-20260924T095036Z,2026-09-24T10:03:07Z,cpu_s_per_gb_srv,22.7032132182,s/GB
s1,bulk-up,RG,5,baseline-s1-bulk-up-rg-r5-20260924T095036Z,2026-09-24T10:03:07Z,cpu_s_per_gb_total,50.3980927355,s/GB
s1,bulk-up,RG,5,baseline-s1-bulk-up-rg-r5-20260924T095036Z,2026-09-24T10:03:07Z,rss_kb_cli,18216,kB
s1,bulk-up,RG,5,baseline-s1-bulk-up-rg-r5-20260924T095036Z,2026-09-24T10:03:07Z,rss_kb_srv,75924,kB
s1,bulk-up,RG,5,baseline-s1-bulk-up-rg-r5-20260924T095036Z,2026-09-24T10:03:07Z,hwm_kb_cli,20324,kB
s1,bulk-up,RG,5,baseline-s1-bulk-up-rg-r5-20260924T095036Z,2026-09-24T10:03:07Z,hwm_kb_srv,75924,kB
s1,bulk-up,RG,5,baseline-s1-bulk-up-rg-r5-20260924T095036Z,2026-09-24T10:03:07Z,out_segs_cli,632017,segments
s1,bulk-up,RG,5,baseline-s1-bulk-up-rg-r5-20260924T095036Z,2026-09-24T10:03:07Z,out_segs_srv,306266,segments
s1,bulk-up,RG,5,baseline-s1-bulk-up-rg-r5-20260924T095036Z,2026-09-24T10:03:07Z,retrans_pct_cli,41.7403329341,% of OutSegs
s1,bulk-up,RG,5,baseline-s1-bulk-up-rg-r5-20260924T095036Z,2026-09-24T10:03:07Z,retrans_pct_srv,0.000326513553578,% of OutSegs
s1,bulk-up,RG,5,baseline-s1-bulk-up-rg-r5-20260924T095036Z,2026-09-24T10:03:07Z,retrans_segs_cli,263806,segments
s1,bulk-up,RG,5,baseline-s1-bulk-up-rg-r5-20260924T095036Z,2026-09-24T10:03:07Z,retrans_segs_srv,1,segments
s1,bulk-up,RG,5,baseline-s1-bulk-up-rg-r5-20260924T095036Z,2026-09-24T10:03:07Z,fast_retrans_segs_cli,158821,segments
s1,bulk-up,RG,5,baseline-s1-bulk-up-rg-r5-20260924T095036Z,2026-09-24T10:03:07Z,fast_retrans_segs_srv,0,segments
s1,bulk-up,RG,5,baseline-s1-bulk-up-rg-r5-20260924T095036Z,2026-09-24T10:03:07Z,early_retrans_segs_cli,1236,segments
s1,bulk-up,RG,5,baseline-s1-bulk-up-rg-r5-20260924T095036Z,2026-09-24T10:03:07Z,early_retrans_segs_srv,0,segments
s1,bulk-up,RG,5,baseline-s1-bulk-up-rg-r5-20260924T095036Z,2026-09-24T10:03:07Z,lost_segs_cli,103749,segments
s1,bulk-up,RG,5,baseline-s1-bulk-up-rg-r5-20260924T095036Z,2026-09-24T10:03:07Z,lost_segs_srv,1,segments
s1,bulk-up,RG,5,baseline-s1-bulk-up-rg-r5-20260924T095036Z,2026-09-24T10:03:07Z,repeat_segs_cli,2,segments
s1,bulk-up,RG,5,baseline-s1-bulk-up-rg-r5-20260924T095036Z,2026-09-24T10:03:07Z,repeat_segs_srv,21025,segments
s1,bulk-down,GG,1,baseline-s1-bulk-down-gg-r1-20260924T100435Z,2026-09-24T10:04:52Z,goodput_mbit_s,159.308875217,Mbit/s
s1,bulk-down,GG,1,baseline-s1-bulk-down-gg-r1-20260924T100435Z,2026-09-24T10:04:52Z,tcp_retransmits,80,segments
s1,bulk-down,GG,1,baseline-s1-bulk-down-gg-r1-20260924T100435Z,2026-09-24T10:04:52Z,cpu_s_per_gb_cli,22.5339706768,s/GB
s1,bulk-down,GG,1,baseline-s1-bulk-down-gg-r1-20260924T100435Z,2026-09-24T10:04:52Z,cpu_s_per_gb_srv,29.1660423141,s/GB
s1,bulk-down,GG,1,baseline-s1-bulk-down-gg-r1-20260924T100435Z,2026-09-24T10:04:52Z,cpu_s_per_gb_total,51.7000129908,s/GB
s1,bulk-down,GG,1,baseline-s1-bulk-down-gg-r1-20260924T100435Z,2026-09-24T10:04:52Z,rss_kb_cli,55904,kB
s1,bulk-down,GG,1,baseline-s1-bulk-down-gg-r1-20260924T100435Z,2026-09-24T10:04:52Z,rss_kb_srv,48164,kB
s1,bulk-down,GG,1,baseline-s1-bulk-down-gg-r1-20260924T100435Z,2026-09-24T10:04:52Z,hwm_kb_cli,55904,kB
s1,bulk-down,GG,1,baseline-s1-bulk-down-gg-r1-20260924T100435Z,2026-09-24T10:04:52Z,hwm_kb_srv,51580,kB
s1,bulk-down,GG,1,baseline-s1-bulk-down-gg-r1-20260924T100435Z,2026-09-24T10:04:52Z,out_segs_cli,250616,segments
s1,bulk-down,GG,1,baseline-s1-bulk-down-gg-r1-20260924T100435Z,2026-09-24T10:04:52Z,out_segs_srv,527667,segments
s1,bulk-down,GG,1,baseline-s1-bulk-down-gg-r1-20260924T100435Z,2026-09-24T10:04:52Z,retrans_pct_cli,0,% of OutSegs
s1,bulk-down,GG,1,baseline-s1-bulk-down-gg-r1-20260924T100435Z,2026-09-24T10:04:52Z,retrans_pct_srv,33.7434404653,% of OutSegs
s1,bulk-down,GG,1,baseline-s1-bulk-down-gg-r1-20260924T100435Z,2026-09-24T10:04:52Z,retrans_segs_cli,0,segments
s1,bulk-down,GG,1,baseline-s1-bulk-down-gg-r1-20260924T100435Z,2026-09-24T10:04:52Z,retrans_segs_srv,178053,segments
s1,bulk-down,GG,1,baseline-s1-bulk-down-gg-r1-20260924T100435Z,2026-09-24T10:04:52Z,fast_retrans_segs_cli,0,segments
s1,bulk-down,GG,1,baseline-s1-bulk-down-gg-r1-20260924T100435Z,2026-09-24T10:04:52Z,fast_retrans_segs_srv,117513,segments
s1,bulk-down,GG,1,baseline-s1-bulk-down-gg-r1-20260924T100435Z,2026-09-24T10:04:52Z,early_retrans_segs_cli,0,segments
s1,bulk-down,GG,1,baseline-s1-bulk-down-gg-r1-20260924T100435Z,2026-09-24T10:04:52Z,early_retrans_segs_srv,7094,segments
s1,bulk-down,GG,1,baseline-s1-bulk-down-gg-r1-20260924T100435Z,2026-09-24T10:04:52Z,lost_segs_cli,0,segments
s1,bulk-down,GG,1,baseline-s1-bulk-down-gg-r1-20260924T100435Z,2026-09-24T10:04:52Z,lost_segs_srv,53446,segments
s1,bulk-down,GG,1,baseline-s1-bulk-down-gg-r1-20260924T100435Z,2026-09-24T10:04:52Z,repeat_segs_cli,7441,segments
s1,bulk-down,GG,1,baseline-s1-bulk-down-gg-r1-20260924T100435Z,2026-09-24T10:04:52Z,repeat_segs_srv,0,segments
s1,bulk-down,RR,1,baseline-s1-bulk-down-rr-r1-20260924T100435Z,2026-09-24T10:05:30Z,goodput_mbit_s,181.607252116,Mbit/s
s1,bulk-down,RR,1,baseline-s1-bulk-down-rr-r1-20260924T100435Z,2026-09-24T10:05:30Z,tcp_retransmits,40,segments
s1,bulk-down,RR,1,baseline-s1-bulk-down-rr-r1-20260924T100435Z,2026-09-24T10:05:30Z,cpu_s_per_gb_cli,15.9900127878,s/GB
s1,bulk-down,RR,1,baseline-s1-bulk-down-rr-r1-20260924T100435Z,2026-09-24T10:05:30Z,cpu_s_per_gb_srv,28.2358077051,s/GB
s1,bulk-down,RR,1,baseline-s1-bulk-down-rr-r1-20260924T100435Z,2026-09-24T10:05:30Z,cpu_s_per_gb_total,44.2258204929,s/GB
s1,bulk-down,RR,1,baseline-s1-bulk-down-rr-r1-20260924T100435Z,2026-09-24T10:05:30Z,rss_kb_cli,16536,kB
s1,bulk-down,RR,1,baseline-s1-bulk-down-rr-r1-20260924T100435Z,2026-09-24T10:05:30Z,rss_kb_srv,13444,kB
s1,bulk-down,RR,1,baseline-s1-bulk-down-rr-r1-20260924T100435Z,2026-09-24T10:05:30Z,hwm_kb_cli,16556,kB
s1,bulk-down,RR,1,baseline-s1-bulk-down-rr-r1-20260924T100435Z,2026-09-24T10:05:30Z,hwm_kb_srv,19896,kB
s1,bulk-down,RR,1,baseline-s1-bulk-down-rr-r1-20260924T100435Z,2026-09-24T10:05:30Z,out_segs_cli,387697,segments
s1,bulk-down,RR,1,baseline-s1-bulk-down-rr-r1-20260924T100435Z,2026-09-24T10:05:30Z,out_segs_srv,564027,segments
s1,bulk-down,RR,1,baseline-s1-bulk-down-rr-r1-20260924T100435Z,2026-09-24T10:05:30Z,retrans_pct_cli,0.000773800158371,% of OutSegs
s1,bulk-down,RR,1,baseline-s1-bulk-down-rr-r1-20260924T100435Z,2026-09-24T10:05:30Z,retrans_pct_srv,29.3078168244,% of OutSegs
s1,bulk-down,RR,1,baseline-s1-bulk-down-rr-r1-20260924T100435Z,2026-09-24T10:05:30Z,retrans_segs_cli,3,segments
s1,bulk-down,RR,1,baseline-s1-bulk-down-rr-r1-20260924T100435Z,2026-09-24T10:05:30Z,retrans_segs_srv,165304,segments
s1,bulk-down,RR,1,baseline-s1-bulk-down-rr-r1-20260924T100435Z,2026-09-24T10:05:30Z,fast_retrans_segs_cli,0,segments
s1,bulk-down,RR,1,baseline-s1-bulk-down-rr-r1-20260924T100435Z,2026-09-24T10:05:30Z,fast_retrans_segs_srv,92594,segments
s1,bulk-down,RR,1,baseline-s1-bulk-down-rr-r1-20260924T100435Z,2026-09-24T10:05:30Z,early_retrans_segs_cli,0,segments
s1,bulk-down,RR,1,baseline-s1-bulk-down-rr-r1-20260924T100435Z,2026-09-24T10:05:30Z,early_retrans_segs_srv,1836,segments
s1,bulk-down,RR,1,baseline-s1-bulk-down-rr-r1-20260924T100435Z,2026-09-24T10:05:30Z,lost_segs_cli,3,segments
s1,bulk-down,RR,1,baseline-s1-bulk-down-rr-r1-20260924T100435Z,2026-09-24T10:05:30Z,lost_segs_srv,70874,segments
s1,bulk-down,RR,1,baseline-s1-bulk-down-rr-r1-20260924T100435Z,2026-09-24T10:05:30Z,repeat_segs_cli,24470,segments
s1,bulk-down,RR,1,baseline-s1-bulk-down-rr-r1-20260924T100435Z,2026-09-24T10:05:30Z,repeat_segs_srv,3,segments
s1,bulk-down,GR,1,baseline-s1-bulk-down-gr-r1-20260924T100435Z,2026-09-24T10:06:09Z,goodput_mbit_s,159.964955773,Mbit/s
s1,bulk-down,GR,1,baseline-s1-bulk-down-gr-r1-20260924T100435Z,2026-09-24T10:06:09Z,tcp_retransmits,45,segments
s1,bulk-down,GR,1,baseline-s1-bulk-down-gr-r1-20260924T100435Z,2026-09-24T10:06:09Z,cpu_s_per_gb_cli,22.1805078637,s/GB
s1,bulk-down,GR,1,baseline-s1-bulk-down-gr-r1-20260924T100435Z,2026-09-24T10:06:09Z,cpu_s_per_gb_srv,28.1819981538,s/GB
s1,bulk-down,GR,1,baseline-s1-bulk-down-gr-r1-20260924T100435Z,2026-09-24T10:06:09Z,cpu_s_per_gb_total,50.3625060175,s/GB
s1,bulk-down,GR,1,baseline-s1-bulk-down-gr-r1-20260924T100435Z,2026-09-24T10:06:09Z,rss_kb_cli,76176,kB
s1,bulk-down,GR,1,baseline-s1-bulk-down-gr-r1-20260924T100435Z,2026-09-24T10:06:09Z,rss_kb_srv,20144,kB
s1,bulk-down,GR,1,baseline-s1-bulk-down-gr-r1-20260924T100435Z,2026-09-24T10:06:09Z,hwm_kb_cli,76176,kB
s1,bulk-down,GR,1,baseline-s1-bulk-down-gr-r1-20260924T100435Z,2026-09-24T10:06:09Z,hwm_kb_srv,20144,kB
s1,bulk-down,GR,1,baseline-s1-bulk-down-gr-r1-20260924T100435Z,2026-09-24T10:06:09Z,out_segs_cli,343625,segments
s1,bulk-down,GR,1,baseline-s1-bulk-down-gr-r1-20260924T100435Z,2026-09-24T10:06:09Z,out_segs_srv,572088,segments
s1,bulk-down,GR,1,baseline-s1-bulk-down-gr-r1-20260924T100435Z,2026-09-24T10:06:09Z,retrans_pct_cli,0.000582029829029,% of OutSegs
s1,bulk-down,GR,1,baseline-s1-bulk-down-gr-r1-20260924T100435Z,2026-09-24T10:06:09Z,retrans_pct_srv,39.0733593433,% of OutSegs
s1,bulk-down,GR,1,baseline-s1-bulk-down-gr-r1-20260924T100435Z,2026-09-24T10:06:09Z,retrans_segs_cli,2,segments
s1,bulk-down,GR,1,baseline-s1-bulk-down-gr-r1-20260924T100435Z,2026-09-24T10:06:09Z,retrans_segs_srv,223534,segments
s1,bulk-down,GR,1,baseline-s1-bulk-down-gr-r1-20260924T100435Z,2026-09-24T10:06:09Z,fast_retrans_segs_cli,0,segments
s1,bulk-down,GR,1,baseline-s1-bulk-down-gr-r1-20260924T100435Z,2026-09-24T10:06:09Z,fast_retrans_segs_srv,131020,segments
s1,bulk-down,GR,1,baseline-s1-bulk-down-gr-r1-20260924T100435Z,2026-09-24T10:06:09Z,early_retrans_segs_cli,0,segments
s1,bulk-down,GR,1,baseline-s1-bulk-down-gr-r1-20260924T100435Z,2026-09-24T10:06:09Z,early_retrans_segs_srv,6523,segments
s1,bulk-down,GR,1,baseline-s1-bulk-down-gr-r1-20260924T100435Z,2026-09-24T10:06:09Z,lost_segs_cli,2,segments
s1,bulk-down,GR,1,baseline-s1-bulk-down-gr-r1-20260924T100435Z,2026-09-24T10:06:09Z,lost_segs_srv,85991,segments
s1,bulk-down,GR,1,baseline-s1-bulk-down-gr-r1-20260924T100435Z,2026-09-24T10:06:09Z,repeat_segs_cli,20310,segments
s1,bulk-down,GR,1,baseline-s1-bulk-down-gr-r1-20260924T100435Z,2026-09-24T10:06:09Z,repeat_segs_srv,2,segments
s1,bulk-down,RG,1,baseline-s1-bulk-down-rg-r1-20260924T100435Z,2026-09-24T10:06:47Z,goodput_mbit_s,212.83104865,Mbit/s
s1,bulk-down,RG,1,baseline-s1-bulk-down-rg-r1-20260924T100435Z,2026-09-24T10:06:47Z,tcp_retransmits,68,segments
s1,bulk-down,RG,1,baseline-s1-bulk-down-rg-r1-20260924T100435Z,2026-09-24T10:06:47Z,cpu_s_per_gb_cli,14.773846025,s/GB
s1,bulk-down,RG,1,baseline-s1-bulk-down-rg-r1-20260924T100435Z,2026-09-24T10:06:47Z,cpu_s_per_gb_srv,22.123176554,s/GB
s1,bulk-down,RG,1,baseline-s1-bulk-down-rg-r1-20260924T100435Z,2026-09-24T10:06:47Z,cpu_s_per_gb_total,36.8970225791,s/GB
s1,bulk-down,RG,1,baseline-s1-bulk-down-rg-r1-20260924T100435Z,2026-09-24T10:06:47Z,rss_kb_cli,12488,kB
s1,bulk-down,RG,1,baseline-s1-bulk-down-rg-r1-20260924T100435Z,2026-09-24T10:06:47Z,rss_kb_srv,47656,kB
s1,bulk-down,RG,1,baseline-s1-bulk-down-rg-r1-20260924T100435Z,2026-09-24T10:06:47Z,hwm_kb_cli,13952,kB
s1,bulk-down,RG,1,baseline-s1-bulk-down-rg-r1-20260924T100435Z,2026-09-24T10:06:47Z,hwm_kb_srv,47656,kB
s1,bulk-down,RG,1,baseline-s1-bulk-down-rg-r1-20260924T100435Z,2026-09-24T10:06:47Z,out_segs_cli,252593,segments
s1,bulk-down,RG,1,baseline-s1-bulk-down-rg-r1-20260924T100435Z,2026-09-24T10:06:47Z,out_segs_srv,613462,segments
s1,bulk-down,RG,1,baseline-s1-bulk-down-rg-r1-20260924T100435Z,2026-09-24T10:06:47Z,retrans_pct_cli,0.000395893789614,% of OutSegs
s1,bulk-down,RG,1,baseline-s1-bulk-down-rg-r1-20260924T100435Z,2026-09-24T10:06:47Z,retrans_pct_srv,22.7370236461,% of OutSegs
s1,bulk-down,RG,1,baseline-s1-bulk-down-rg-r1-20260924T100435Z,2026-09-24T10:06:47Z,retrans_segs_cli,1,segments
s1,bulk-down,RG,1,baseline-s1-bulk-down-rg-r1-20260924T100435Z,2026-09-24T10:06:47Z,retrans_segs_srv,139483,segments
s1,bulk-down,RG,1,baseline-s1-bulk-down-rg-r1-20260924T100435Z,2026-09-24T10:06:47Z,fast_retrans_segs_cli,0,segments
s1,bulk-down,RG,1,baseline-s1-bulk-down-rg-r1-20260924T100435Z,2026-09-24T10:06:47Z,fast_retrans_segs_srv,111322,segments
s1,bulk-down,RG,1,baseline-s1-bulk-down-rg-r1-20260924T100435Z,2026-09-24T10:06:47Z,early_retrans_segs_cli,0,segments
s1,bulk-down,RG,1,baseline-s1-bulk-down-rg-r1-20260924T100435Z,2026-09-24T10:06:47Z,early_retrans_segs_srv,3688,segments
s1,bulk-down,RG,1,baseline-s1-bulk-down-rg-r1-20260924T100435Z,2026-09-24T10:06:47Z,lost_segs_cli,1,segments
s1,bulk-down,RG,1,baseline-s1-bulk-down-rg-r1-20260924T100435Z,2026-09-24T10:06:47Z,lost_segs_srv,24473,segments
s1,bulk-down,RG,1,baseline-s1-bulk-down-rg-r1-20260924T100435Z,2026-09-24T10:06:47Z,repeat_segs_cli,4929,segments
s1,bulk-down,RG,1,baseline-s1-bulk-down-rg-r1-20260924T100435Z,2026-09-24T10:06:47Z,repeat_segs_srv,1,segments
s1,bulk-down,GG,2,baseline-s1-bulk-down-gg-r2-20260924T100435Z,2026-09-24T10:07:26Z,goodput_mbit_s,160.124592665,Mbit/s
s1,bulk-down,GG,2,baseline-s1-bulk-down-gg-r2-20260924T100435Z,2026-09-24T10:07:26Z,tcp_retransmits,55,segments
s1,bulk-down,GG,2,baseline-s1-bulk-down-gg-r2-20260924T100435Z,2026-09-24T10:07:26Z,cpu_s_per_gb_cli,21.748274057,s/GB
s1,bulk-down,GG,2,baseline-s1-bulk-down-gg-r2-20260924T100435Z,2026-09-24T10:07:26Z,cpu_s_per_gb_srv,29.372668985,s/GB
s1,bulk-down,GG,2,baseline-s1-bulk-down-gg-r2-20260924T100435Z,2026-09-24T10:07:26Z,cpu_s_per_gb_total,51.120943042,s/GB
s1,bulk-down,GG,2,baseline-s1-bulk-down-gg-r2-20260924T100435Z,2026-09-24T10:07:26Z,rss_kb_cli,58376,kB
s1,bulk-down,GG,2,baseline-s1-bulk-down-gg-r2-20260924T100435Z,2026-09-24T10:07:26Z,rss_kb_srv,51516,kB
s1,bulk-down,GG,2,baseline-s1-bulk-down-gg-r2-20260924T100435Z,2026-09-24T10:07:26Z,hwm_kb_cli,59128,kB
s1,bulk-down,GG,2,baseline-s1-bulk-down-gg-r2-20260924T100435Z,2026-09-24T10:07:26Z,hwm_kb_srv,53076,kB
s1,bulk-down,GG,2,baseline-s1-bulk-down-gg-r2-20260924T100435Z,2026-09-24T10:07:26Z,out_segs_cli,262304,segments
s1,bulk-down,GG,2,baseline-s1-bulk-down-gg-r2-20260924T100435Z,2026-09-24T10:07:26Z,out_segs_srv,539870,segments
s1,bulk-down,GG,2,baseline-s1-bulk-down-gg-r2-20260924T100435Z,2026-09-24T10:07:26Z,retrans_pct_cli,0.000381237037941,% of OutSegs
s1,bulk-down,GG,2,baseline-s1-bulk-down-gg-r2-20260924T100435Z,2026-09-24T10:07:26Z,retrans_pct_srv,36.2628040084,% of OutSegs
s1,bulk-down,GG,2,baseline-s1-bulk-down-gg-r2-20260924T100435Z,2026-09-24T10:07:26Z,retrans_segs_cli,1,segments
s1,bulk-down,GG,2,baseline-s1-bulk-down-gg-r2-20260924T100435Z,2026-09-24T10:07:26Z,retrans_segs_srv,195772,segments
s1,bulk-down,GG,2,baseline-s1-bulk-down-gg-r2-20260924T100435Z,2026-09-24T10:07:26Z,fast_retrans_segs_cli,0,segments
s1,bulk-down,GG,2,baseline-s1-bulk-down-gg-r2-20260924T100435Z,2026-09-24T10:07:26Z,fast_retrans_segs_srv,131399,segments
s1,bulk-down,GG,2,baseline-s1-bulk-down-gg-r2-20260924T100435Z,2026-09-24T10:07:26Z,early_retrans_segs_cli,0,segments
s1,bulk-down,GG,2,baseline-s1-bulk-down-gg-r2-20260924T100435Z,2026-09-24T10:07:26Z,early_retrans_segs_srv,4111,segments
s1,bulk-down,GG,2,baseline-s1-bulk-down-gg-r2-20260924T100435Z,2026-09-24T10:07:26Z,lost_segs_cli,1,segments
s1,bulk-down,GG,2,baseline-s1-bulk-down-gg-r2-20260924T100435Z,2026-09-24T10:07:26Z,lost_segs_srv,60262,segments
s1,bulk-down,GG,2,baseline-s1-bulk-down-gg-r2-20260924T100435Z,2026-09-24T10:07:26Z,repeat_segs_cli,4385,segments
s1,bulk-down,GG,2,baseline-s1-bulk-down-gg-r2-20260924T100435Z,2026-09-24T10:07:26Z,repeat_segs_srv,1,segments
s1,bulk-down,RR,2,baseline-s1-bulk-down-rr-r2-20260924T100435Z,2026-09-24T10:08:06Z,goodput_mbit_s,200.703903971,Mbit/s
s1,bulk-down,RR,2,baseline-s1-bulk-down-rr-r2-20260924T100435Z,2026-09-24T10:08:06Z,tcp_retransmits,54,segments
s1,bulk-down,RR,2,baseline-s1-bulk-down-rr-r2-20260924T100435Z,2026-09-24T10:08:06Z,cpu_s_per_gb_cli,14.7048659286,s/GB
s1,bulk-down,RR,2,baseline-s1-bulk-down-rr-r2-20260924T100435Z,2026-09-24T10:08:06Z,cpu_s_per_gb_srv,25.2652709993,s/GB
s1,bulk-down,RR,2,baseline-s1-bulk-down-rr-r2-20260924T100435Z,2026-09-24T10:08:06Z,cpu_s_per_gb_total,39.9701369279,s/GB
s1,bulk-down,RR,2,baseline-s1-bulk-down-rr-r2-20260924T100435Z,2026-09-24T10:08:06Z,rss_kb_cli,14524,kB
s1,bulk-down,RR,2,baseline-s1-bulk-down-rr-r2-20260924T100435Z,2026-09-24T10:08:06Z,rss_kb_srv,15112,kB
s1,bulk-down,RR,2,baseline-s1-bulk-down-rr-r2-20260924T100435Z,2026-09-24T10:08:06Z,hwm_kb_cli,16024,kB
s1,bulk-down,RR,2,baseline-s1-bulk-down-rr-r2-20260924T100435Z,2026-09-24T10:08:06Z,hwm_kb_srv,20144,kB
s1,bulk-down,RR,2,baseline-s1-bulk-down-rr-r2-20260924T100435Z,2026-09-24T10:08:06Z,out_segs_cli,418767,segments
s1,bulk-down,RR,2,baseline-s1-bulk-down-rr-r2-20260924T100435Z,2026-09-24T10:08:06Z,out_segs_srv,630244,segments
s1,bulk-down,RR,2,baseline-s1-bulk-down-rr-r2-20260924T100435Z,2026-09-24T10:08:06Z,retrans_pct_cli,0.0007163888272,% of OutSegs
s1,bulk-down,RR,2,baseline-s1-bulk-down-rr-r2-20260924T100435Z,2026-09-24T10:08:06Z,retrans_pct_srv,29.1403012167,% of OutSegs
s1,bulk-down,RR,2,baseline-s1-bulk-down-rr-r2-20260924T100435Z,2026-09-24T10:08:06Z,retrans_segs_cli,3,segments
s1,bulk-down,RR,2,baseline-s1-bulk-down-rr-r2-20260924T100435Z,2026-09-24T10:08:06Z,retrans_segs_srv,183655,segments
s1,bulk-down,RR,2,baseline-s1-bulk-down-rr-r2-20260924T100435Z,2026-09-24T10:08:06Z,fast_retrans_segs_cli,0,segments
s1,bulk-down,RR,2,baseline-s1-bulk-down-rr-r2-20260924T100435Z,2026-09-24T10:08:06Z,fast_retrans_segs_srv,120464,segments
s1,bulk-down,RR,2,baseline-s1-bulk-down-rr-r2-20260924T100435Z,2026-09-24T10:08:06Z,early_retrans_segs_cli,0,segments
s1,bulk-down,RR,2,baseline-s1-bulk-down-rr-r2-20260924T100435Z,2026-09-24T10:08:06Z,early_retrans_segs_srv,2178,segments
s1,bulk-down,RR,2,baseline-s1-bulk-down-rr-r2-20260924T100435Z,2026-09-24T10:08:06Z,lost_segs_cli,3,segments
s1,bulk-down,RR,2,baseline-s1-bulk-down-rr-r2-20260924T100435Z,2026-09-24T10:08:06Z,lost_segs_srv,61013,segments
s1,bulk-down,RR,2,baseline-s1-bulk-down-rr-r2-20260924T100435Z,2026-09-24T10:08:06Z,repeat_segs_cli,18416,segments
s1,bulk-down,RR,2,baseline-s1-bulk-down-rr-r2-20260924T100435Z,2026-09-24T10:08:06Z,repeat_segs_srv,3,segments
s1,bulk-down,GR,2,baseline-s1-bulk-down-gr-r2-20260924T100435Z,2026-09-24T10:08:44Z,goodput_mbit_s,166.999256173,Mbit/s
s1,bulk-down,GR,2,baseline-s1-bulk-down-gr-r2-20260924T100435Z,2026-09-24T10:08:44Z,tcp_retransmits,50,segments
s1,bulk-down,GR,2,baseline-s1-bulk-down-gr-r2-20260924T100435Z,2026-09-24T10:08:44Z,cpu_s_per_gb_cli,21.5483056349,s/GB
s1,bulk-down,GR,2,baseline-s1-bulk-down-gr-r2-20260924T100435Z,2026-09-24T10:08:44Z,cpu_s_per_gb_srv,26.9653435365,s/GB
s1,bulk-down,GR,2,baseline-s1-bulk-down-gr-r2-20260924T100435Z,2026-09-24T10:08:44Z,cpu_s_per_gb_total,48.5136491714,s/GB
s1,bulk-down,GR,2,baseline-s1-bulk-down-gr-r2-20260924T100435Z,2026-09-24T10:08:44Z,rss_kb_cli,76516,kB
s1,bulk-down,GR,2,baseline-s1-bulk-down-gr-r2-20260924T100435Z,2026-09-24T10:08:44Z,rss_kb_srv,19200,kB
s1,bulk-down,GR,2,baseline-s1-bulk-down-gr-r2-20260924T100435Z,2026-09-24T10:08:44Z,hwm_kb_cli,76516,kB
s1,bulk-down,GR,2,baseline-s1-bulk-down-gr-r2-20260924T100435Z,2026-09-24T10:08:44Z,hwm_kb_srv,20108,kB
s1,bulk-down,GR,2,baseline-s1-bulk-down-gr-r2-20260924T100435Z,2026-09-24T10:08:44Z,out_segs_cli,346126,segments
s1,bulk-down,GR,2,baseline-s1-bulk-down-gr-r2-20260924T100435Z,2026-09-24T10:08:44Z,out_segs_srv,584241,segments
s1,bulk-down,GR,2,baseline-s1-bulk-down-gr-r2-20260924T100435Z,2026-09-24T10:08:44Z,retrans_pct_cli,0.000288912130265,% of OutSegs
s1,bulk-down,GR,2,baseline-s1-bulk-down-gr-r2-20260924T100435Z,2026-09-24T10:08:44Z,retrans_pct_srv,37.7222755678,% of OutSegs
s1,bulk-down,GR,2,baseline-s1-bulk-down-gr-r2-20260924T100435Z,2026-09-24T10:08:44Z,retrans_segs_cli,1,segments
s1,bulk-down,GR,2,baseline-s1-bulk-down-gr-r2-20260924T100435Z,2026-09-24T10:08:44Z,retrans_segs_srv,220389,segments
s1,bulk-down,GR,2,baseline-s1-bulk-down-gr-r2-20260924T100435Z,2026-09-24T10:08:44Z,fast_retrans_segs_cli,0,segments
s1,bulk-down,GR,2,baseline-s1-bulk-down-gr-r2-20260924T100435Z,2026-09-24T10:08:44Z,fast_retrans_segs_srv,130535,segments
s1,bulk-down,GR,2,baseline-s1-bulk-down-gr-r2-20260924T100435Z,2026-09-24T10:08:44Z,early_retrans_segs_cli,0,segments
s1,bulk-down,GR,2,baseline-s1-bulk-down-gr-r2-20260924T100435Z,2026-09-24T10:08:44Z,early_retrans_segs_srv,5343,segments
s1,bulk-down,GR,2,baseline-s1-bulk-down-gr-r2-20260924T100435Z,2026-09-24T10:08:44Z,lost_segs_cli,1,segments
s1,bulk-down,GR,2,baseline-s1-bulk-down-gr-r2-20260924T100435Z,2026-09-24T10:08:44Z,lost_segs_srv,84511,segments
s1,bulk-down,GR,2,baseline-s1-bulk-down-gr-r2-20260924T100435Z,2026-09-24T10:08:44Z,repeat_segs_cli,14665,segments
s1,bulk-down,GR,2,baseline-s1-bulk-down-gr-r2-20260924T100435Z,2026-09-24T10:08:44Z,repeat_segs_srv,1,segments
s1,bulk-down,RG,2,baseline-s1-bulk-down-rg-r2-20260924T100435Z,2026-09-24T10:09:22Z,goodput_mbit_s,242.730306074,Mbit/s
s1,bulk-down,RG,2,baseline-s1-bulk-down-rg-r2-20260924T100435Z,2026-09-24T10:09:22Z,tcp_retransmits,80,segments
s1,bulk-down,RG,2,baseline-s1-bulk-down-rg-r2-20260924T100435Z,2026-09-24T10:09:22Z,cpu_s_per_gb_cli,12.8368115002,s/GB
s1,bulk-down,RG,2,baseline-s1-bulk-down-rg-r2-20260924T100435Z,2026-09-24T10:09:22Z,cpu_s_per_gb_srv,19.9738804424,s/GB
s1,bulk-down,RG,2,baseline-s1-bulk-down-rg-r2-20260924T100435Z,2026-09-24T10:09:22Z,cpu_s_per_gb_total,32.8106919425,s/GB
s1,bulk-down,RG,2,baseline-s1-bulk-down-rg-r2-20260924T100435Z,2026-09-24T10:09:22Z,rss_kb_cli,11880,kB
s1,bulk-down,RG,2,baseline-s1-bulk-down-rg-r2-20260924T100435Z,2026-09-24T10:09:22Z,rss_kb_srv,51196,kB
s1,bulk-down,RG,2,baseline-s1-bulk-down-rg-r2-20260924T100435Z,2026-09-24T10:09:22Z,hwm_kb_cli,12928,kB
s1,bulk-down,RG,2,baseline-s1-bulk-down-rg-r2-20260924T100435Z,2026-09-24T10:09:22Z,hwm_kb_srv,54280,kB
s1,bulk-down,RG,2,baseline-s1-bulk-down-rg-r2-20260924T100435Z,2026-09-24T10:09:22Z,out_segs_cli,302143,segments
s1,bulk-down,RG,2,baseline-s1-bulk-down-rg-r2-20260924T100435Z,2026-09-24T10:09:22Z,out_segs_srv,706873,segments
s1,bulk-down,RG,2,baseline-s1-bulk-down-rg-r2-20260924T100435Z,2026-09-24T10:09:22Z,retrans_pct_cli,0.000661938221306,% of OutSegs
s1,bulk-down,RG,2,baseline-s1-bulk-down-rg-r2-20260924T100435Z,2026-09-24T10:09:22Z,retrans_pct_srv,25.0240142147,% of OutSegs
s1,bulk-down,RG,2,baseline-s1-bulk-down-rg-r2-20260924T100435Z,2026-09-24T10:09:22Z,retrans_segs_cli,2,segments
s1,bulk-down,RG,2,baseline-s1-bulk-down-rg-r2-20260924T100435Z,2026-09-24T10:09:22Z,retrans_segs_srv,176888,segments
s1,bulk-down,RG,2,baseline-s1-bulk-down-rg-r2-20260924T100435Z,2026-09-24T10:09:22Z,fast_retrans_segs_cli,0,segments
s1,bulk-down,RG,2,baseline-s1-bulk-down-rg-r2-20260924T100435Z,2026-09-24T10:09:22Z,fast_retrans_segs_srv,138475,segments
s1,bulk-down,RG,2,baseline-s1-bulk-down-rg-r2-20260924T100435Z,2026-09-24T10:09:22Z,early_retrans_segs_cli,0,segments
s1,bulk-down,RG,2,baseline-s1-bulk-down-rg-r2-20260924T100435Z,2026-09-24T10:09:22Z,early_retrans_segs_srv,4315,segments
s1,bulk-down,RG,2,baseline-s1-bulk-down-rg-r2-20260924T100435Z,2026-09-24T10:09:22Z,lost_segs_cli,2,segments
s1,bulk-down,RG,2,baseline-s1-bulk-down-rg-r2-20260924T100435Z,2026-09-24T10:09:22Z,lost_segs_srv,34098,segments
s1,bulk-down,RG,2,baseline-s1-bulk-down-rg-r2-20260924T100435Z,2026-09-24T10:09:22Z,repeat_segs_cli,3449,segments
s1,bulk-down,RG,2,baseline-s1-bulk-down-rg-r2-20260924T100435Z,2026-09-24T10:09:22Z,repeat_segs_srv,0,segments
s1,bulk-down,GG,3,baseline-s1-bulk-down-gg-r3-20260924T100435Z,2026-09-24T10:10:00Z,goodput_mbit_s,149.456463603,Mbit/s
s1,bulk-down,GG,3,baseline-s1-bulk-down-gg-r3-20260924T100435Z,2026-09-24T10:10:00Z,tcp_retransmits,57,segments
s1,bulk-down,GG,3,baseline-s1-bulk-down-gg-r3-20260924T100435Z,2026-09-24T10:10:00Z,cpu_s_per_gb_cli,24.5782730881,s/GB
s1,bulk-down,GG,3,baseline-s1-bulk-down-gg-r3-20260924T100435Z,2026-09-24T10:10:00Z,cpu_s_per_gb_srv,31.0294033346,s/GB
s1,bulk-down,GG,3,baseline-s1-bulk-down-gg-r3-20260924T100435Z,2026-09-24T10:10:00Z,cpu_s_per_gb_total,55.6076764227,s/GB
s1,bulk-down,GG,3,baseline-s1-bulk-down-gg-r3-20260924T100435Z,2026-09-24T10:10:00Z,rss_kb_cli,54308,kB
s1,bulk-down,GG,3,baseline-s1-bulk-down-gg-r3-20260924T100435Z,2026-09-24T10:10:00Z,rss_kb_srv,48116,kB
s1,bulk-down,GG,3,baseline-s1-bulk-down-gg-r3-20260924T100435Z,2026-09-24T10:10:00Z,hwm_kb_cli,58404,kB
s1,bulk-down,GG,3,baseline-s1-bulk-down-gg-r3-20260924T100435Z,2026-09-24T10:10:00Z,hwm_kb_srv,49140,kB
s1,bulk-down,GG,3,baseline-s1-bulk-down-gg-r3-20260924T100435Z,2026-09-24T10:10:00Z,out_segs_cli,243400,segments
s1,bulk-down,GG,3,baseline-s1-bulk-down-gg-r3-20260924T100435Z,2026-09-24T10:10:00Z,out_segs_srv,490805,segments
s1,bulk-down,GG,3,baseline-s1-bulk-down-gg-r3-20260924T100435Z,2026-09-24T10:10:00Z,retrans_pct_cli,0.000410846343468,% of OutSegs
s1,bulk-down,GG,3,baseline-s1-bulk-down-gg-r3-20260924T100435Z,2026-09-24T10:10:00Z,retrans_pct_srv,30.9067756033,% of OutSegs
s1,bulk-down,GG,3,baseline-s1-bulk-down-gg-r3-20260924T100435Z,2026-09-24T10:10:00Z,retrans_segs_cli,1,segments
s1,bulk-down,GG,3,baseline-s1-bulk-down-gg-r3-20260924T100435Z,2026-09-24T10:10:00Z,retrans_segs_srv,151692,segments
s1,bulk-down,GG,3,baseline-s1-bulk-down-gg-r3-20260924T100435Z,2026-09-24T10:10:00Z,fast_retrans_segs_cli,0,segments
s1,bulk-down,GG,3,baseline-s1-bulk-down-gg-r3-20260924T100435Z,2026-09-24T10:10:00Z,fast_retrans_segs_srv,100577,segments
s1,bulk-down,GG,3,baseline-s1-bulk-down-gg-r3-20260924T100435Z,2026-09-24T10:10:00Z,early_retrans_segs_cli,0,segments
s1,bulk-down,GG,3,baseline-s1-bulk-down-gg-r3-20260924T100435Z,2026-09-24T10:10:00Z,early_retrans_segs_srv,3413,segments
s1,bulk-down,GG,3,baseline-s1-bulk-down-gg-r3-20260924T100435Z,2026-09-24T10:10:00Z,lost_segs_cli,1,segments
s1,bulk-down,GG,3,baseline-s1-bulk-down-gg-r3-20260924T100435Z,2026-09-24T10:10:00Z,lost_segs_srv,47702,segments
s1,bulk-down,GG,3,baseline-s1-bulk-down-gg-r3-20260924T100435Z,2026-09-24T10:10:00Z,repeat_segs_cli,7581,segments
s1,bulk-down,GG,3,baseline-s1-bulk-down-gg-r3-20260924T100435Z,2026-09-24T10:10:00Z,repeat_segs_srv,1,segments
s1,bulk-down,RR,3,baseline-s1-bulk-down-rr-r3-20260924T100435Z,2026-09-24T10:10:40Z,goodput_mbit_s,194.800322485,Mbit/s
s1,bulk-down,RR,3,baseline-s1-bulk-down-rr-r3-20260924T100435Z,2026-09-24T10:10:40Z,tcp_retransmits,56,segments
s1,bulk-down,RR,3,baseline-s1-bulk-down-rr-r3-20260924T100435Z,2026-09-24T10:10:40Z,cpu_s_per_gb_cli,15.0739585086,s/GB
s1,bulk-down,RR,3,baseline-s1-bulk-down-rr-r3-20260924T100435Z,2026-09-24T10:10:40Z,cpu_s_per_gb_srv,26.5129161234,s/GB
s1,bulk-down,RR,3,baseline-s1-bulk-down-rr-r3-20260924T100435Z,2026-09-24T10:10:40Z,cpu_s_per_gb_total,41.586874632,s/GB
s1,bulk-down,RR,3,baseline-s1-bulk-down-rr-r3-20260924T100435Z,2026-09-24T10:10:40Z,rss_kb_cli,14140,kB
s1,bulk-down,RR,3,baseline-s1-bulk-down-rr-r3-20260924T100435Z,2026-09-24T10:10:40Z,rss_kb_srv,15948,kB
s1,bulk-down,RR,3,baseline-s1-bulk-down-rr-r3-20260924T100435Z,2026-09-24T10:10:40Z,hwm_kb_cli,16544,kB
s1,bulk-down,RR,3,baseline-s1-bulk-down-rr-r3-20260924T100435Z,2026-09-24T10:10:40Z,hwm_kb_srv,19972,kB
s1,bulk-down,RR,3,baseline-s1-bulk-down-rr-r3-20260924T100435Z,2026-09-24T10:10:40Z,out_segs_cli,407318,segments
s1,bulk-down,RR,3,baseline-s1-bulk-down-rr-r3-20260924T100435Z,2026-09-24T10:10:40Z,out_segs_srv,604450,segments
s1,bulk-down,RR,3,baseline-s1-bulk-down-rr-r3-20260924T100435Z,2026-09-24T10:10:40Z,retrans_pct_cli,0.000736525270182,% of OutSegs
s1,bulk-down,RR,3,baseline-s1-bulk-down-rr-r3-20260924T100435Z,2026-09-24T10:10:40Z,retrans_pct_srv,29.2532053933,% of OutSegs
s1,bulk-down,RR,3,baseline-s1-bulk-down-rr-r3-20260924T100435Z,2026-09-24T10:10:40Z,retrans_segs_cli,3,segments
s1,bulk-down,RR,3,baseline-s1-bulk-down-rr-r3-20260924T100435Z,2026-09-24T10:10:40Z,retrans_segs_srv,176821,segments
s1,bulk-down,RR,3,baseline-s1-bulk-down-rr-r3-20260924T100435Z,2026-09-24T10:10:40Z,fast_retrans_segs_cli,0,segments
s1,bulk-down,RR,3,baseline-s1-bulk-down-rr-r3-20260924T100435Z,2026-09-24T10:10:40Z,fast_retrans_segs_srv,108567,segments
s1,bulk-down,RR,3,baseline-s1-bulk-down-rr-r3-20260924T100435Z,2026-09-24T10:10:40Z,early_retrans_segs_cli,0,segments
s1,bulk-down,RR,3,baseline-s1-bulk-down-rr-r3-20260924T100435Z,2026-09-24T10:10:40Z,early_retrans_segs_srv,1004,segments
s1,bulk-down,RR,3,baseline-s1-bulk-down-rr-r3-20260924T100435Z,2026-09-24T10:10:40Z,lost_segs_cli,3,segments
s1,bulk-down,RR,3,baseline-s1-bulk-down-rr-r3-20260924T100435Z,2026-09-24T10:10:40Z,lost_segs_srv,67250,segments
s1,bulk-down,RR,3,baseline-s1-bulk-down-rr-r3-20260924T100435Z,2026-09-24T10:10:40Z,repeat_segs_cli,22449,segments
s1,bulk-down,RR,3,baseline-s1-bulk-down-rr-r3-20260924T100435Z,2026-09-24T10:10:40Z,repeat_segs_srv,3,segments
s1,bulk-down,GR,3,baseline-s1-bulk-down-gr-r3-20260924T100435Z,2026-09-24T10:11:19Z,goodput_mbit_s,150.920369563,Mbit/s
s1,bulk-down,GR,3,baseline-s1-bulk-down-gr-r3-20260924T100435Z,2026-09-24T10:11:19Z,tcp_retransmits,48,segments
s1,bulk-down,GR,3,baseline-s1-bulk-down-gr-r3-20260924T100435Z,2026-09-24T10:11:19Z,cpu_s_per_gb_cli,23.3774168653,s/GB
s1,bulk-down,GR,3,baseline-s1-bulk-down-gr-r3-20260924T100435Z,2026-09-24T10:11:19Z,cpu_s_per_gb_srv,29.3804413318,s/GB
s1,bulk-down,GR,3,baseline-s1-bulk-down-gr-r3-20260924T100435Z,2026-09-24T10:11:19Z,cpu_s_per_gb_total,52.757858197,s/GB
s1,bulk-down,GR,3,baseline-s1-bulk-down-gr-r3-20260924T100435Z,2026-09-24T10:11:19Z,rss_kb_cli,75436,kB
s1,bulk-down,GR,3,baseline-s1-bulk-down-gr-r3-20260924T100435Z,2026-09-24T10:11:19Z,rss_kb_srv,20212,kB
s1,bulk-down,GR,3,baseline-s1-bulk-down-gr-r3-20260924T100435Z,2026-09-24T10:11:19Z,hwm_kb_cli,75436,kB
s1,bulk-down,GR,3,baseline-s1-bulk-down-gr-r3-20260924T100435Z,2026-09-24T10:11:19Z,hwm_kb_srv,20212,kB
s1,bulk-down,GR,3,baseline-s1-bulk-down-gr-r3-20260924T100435Z,2026-09-24T10:11:19Z,out_segs_cli,325859,segments
s1,bulk-down,GR,3,baseline-s1-bulk-down-gr-r3-20260924T100435Z,2026-09-24T10:11:19Z,out_segs_srv,532495,segments
s1,bulk-down,GR,3,baseline-s1-bulk-down-gr-r3-20260924T100435Z,2026-09-24T10:11:19Z,retrans_pct_cli,0.000306881197082,% of OutSegs
s1,bulk-down,GR,3,baseline-s1-bulk-down-gr-r3-20260924T100435Z,2026-09-24T10:11:19Z,retrans_pct_srv,38.363177119,% of OutSegs
s1,bulk-down,GR,3,baseline-s1-bulk-down-gr-r3-20260924T100435Z,2026-09-24T10:11:19Z,retrans_segs_cli,1,segments
s1,bulk-down,GR,3,baseline-s1-bulk-down-gr-r3-20260924T100435Z,2026-09-24T10:11:19Z,retrans_segs_srv,204282,segments
s1,bulk-down,GR,3,baseline-s1-bulk-down-gr-r3-20260924T100435Z,2026-09-24T10:11:19Z,fast_retrans_segs_cli,0,segments
s1,bulk-down,GR,3,baseline-s1-bulk-down-gr-r3-20260924T100435Z,2026-09-24T10:11:19Z,fast_retrans_segs_srv,113692,segments
s1,bulk-down,GR,3,baseline-s1-bulk-down-gr-r3-20260924T100435Z,2026-09-24T10:11:19Z,early_retrans_segs_cli,0,segments
s1,bulk-down,GR,3,baseline-s1-bulk-down-gr-r3-20260924T100435Z,2026-09-24T10:11:19Z,early_retrans_segs_srv,1184,segments
s1,bulk-down,GR,3,baseline-s1-bulk-down-gr-r3-20260924T100435Z,2026-09-24T10:11:19Z,lost_segs_cli,1,segments
s1,bulk-down,GR,3,baseline-s1-bulk-down-gr-r3-20260924T100435Z,2026-09-24T10:11:19Z,lost_segs_srv,89406,segments
s1,bulk-down,GR,3,baseline-s1-bulk-down-gr-r3-20260924T100435Z,2026-09-24T10:11:19Z,repeat_segs_cli,25267,segments
s1,bulk-down,GR,3,baseline-s1-bulk-down-gr-r3-20260924T100435Z,2026-09-24T10:11:19Z,repeat_segs_srv,1,segments
s1,bulk-down,RG,3,baseline-s1-bulk-down-rg-r3-20260924T100435Z,2026-09-24T10:11:57Z,goodput_mbit_s,238.545346115,Mbit/s
s1,bulk-down,RG,3,baseline-s1-bulk-down-rg-r3-20260924T100435Z,2026-09-24T10:11:57Z,tcp_retransmits,67,segments
s1,bulk-down,RG,3,baseline-s1-bulk-down-rg-r3-20260924T100435Z,2026-09-24T10:11:57Z,cpu_s_per_gb_cli,13.8273325242,s/GB
s1,bulk-down,RG,3,baseline-s1-bulk-down-rg-r3-20260924T100435Z,2026-09-24T10:11:57Z,cpu_s_per_gb_srv,19.1700928433,s/GB
s1,bulk-down,RG,3,baseline-s1-bulk-down-rg-r3-20260924T100435Z,2026-09-24T10:11:57Z,cpu_s_per_gb_total,32.9974253675,s/GB
s1,bulk-down,RG,3,baseline-s1-bulk-down-rg-r3-20260924T100435Z,2026-09-24T10:11:57Z,rss_kb_cli,11680,kB
s1,bulk-down,RG,3,baseline-s1-bulk-down-rg-r3-20260924T100435Z,2026-09-24T10:11:57Z,rss_kb_srv,43496,kB
s1,bulk-down,RG,3,baseline-s1-bulk-down-rg-r3-20260924T100435Z,2026-09-24T10:11:57Z,hwm_kb_cli,11684,kB
s1,bulk-down,RG,3,baseline-s1-bulk-down-rg-r3-20260924T100435Z,2026-09-24T10:11:57Z,hwm_kb_srv,43496,kB
s1,bulk-down,RG,3,baseline-s1-bulk-down-rg-r3-20260924T100435Z,2026-09-24T10:11:57Z,out_segs_cli,278376,segments
s1,bulk-down,RG,3,baseline-s1-bulk-down-rg-r3-20260924T100435Z,2026-09-24T10:11:57Z,out_segs_srv,666116,segments
s1,bulk-down,RG,3,baseline-s1-bulk-down-rg-r3-20260924T100435Z,2026-09-24T10:11:57Z,retrans_pct_cli,0,% of OutSegs
s1,bulk-down,RG,3,baseline-s1-bulk-down-rg-r3-20260924T100435Z,2026-09-24T10:11:57Z,retrans_pct_srv,21.9026415819,% of OutSegs
s1,bulk-down,RG,3,baseline-s1-bulk-down-rg-r3-20260924T100435Z,2026-09-24T10:11:57Z,retrans_segs_cli,0,segments
s1,bulk-down,RG,3,baseline-s1-bulk-down-rg-r3-20260924T100435Z,2026-09-24T10:11:57Z,retrans_segs_srv,145897,segments
s1,bulk-down,RG,3,baseline-s1-bulk-down-rg-r3-20260924T100435Z,2026-09-24T10:11:57Z,fast_retrans_segs_cli,0,segments
s1,bulk-down,RG,3,baseline-s1-bulk-down-rg-r3-20260924T100435Z,2026-09-24T10:11:57Z,fast_retrans_segs_srv,126686,segments
s1,bulk-down,RG,3,baseline-s1-bulk-down-rg-r3-20260924T100435Z,2026-09-24T10:11:57Z,early_retrans_segs_cli,0,segments
s1,bulk-down,RG,3,baseline-s1-bulk-down-rg-r3-20260924T100435Z,2026-09-24T10:11:57Z,early_retrans_segs_srv,3346,segments
s1,bulk-down,RG,3,baseline-s1-bulk-down-rg-r3-20260924T100435Z,2026-09-24T10:11:57Z,lost_segs_cli,0,segments
s1,bulk-down,RG,3,baseline-s1-bulk-down-rg-r3-20260924T100435Z,2026-09-24T10:11:57Z,lost_segs_srv,15865,segments
s1,bulk-down,RG,3,baseline-s1-bulk-down-rg-r3-20260924T100435Z,2026-09-24T10:11:57Z,repeat_segs_cli,1120,segments
s1,bulk-down,RG,3,baseline-s1-bulk-down-rg-r3-20260924T100435Z,2026-09-24T10:11:57Z,repeat_segs_srv,0,segments
s1,bulk-down,GG,4,baseline-s1-bulk-down-gg-r4-20260924T100435Z,2026-09-24T10:12:36Z,goodput_mbit_s,152.947741332,Mbit/s
s1,bulk-down,GG,4,baseline-s1-bulk-down-gg-r4-20260924T100435Z,2026-09-24T10:12:36Z,tcp_retransmits,53,segments
s1,bulk-down,GG,4,baseline-s1-bulk-down-gg-r4-20260924T100435Z,2026-09-24T10:12:36Z,cpu_s_per_gb_cli,23.0686526451,s/GB
s1,bulk-down,GG,4,baseline-s1-bulk-down-gg-r4-20260924T100435Z,2026-09-24T10:12:36Z,cpu_s_per_gb_srv,30.1827949574,s/GB
s1,bulk-down,GG,4,baseline-s1-bulk-down-gg-r4-20260924T100435Z,2026-09-24T10:12:36Z,cpu_s_per_gb_total,53.2514476024,s/GB
s1,bulk-down,GG,4,baseline-s1-bulk-down-gg-r4-20260924T100435Z,2026-09-24T10:12:36Z,rss_kb_cli,52932,kB
s1,bulk-down,GG,4,baseline-s1-bulk-down-gg-r4-20260924T100435Z,2026-09-24T10:12:36Z,rss_kb_srv,49744,kB
s1,bulk-down,GG,4,baseline-s1-bulk-down-gg-r4-20260924T100435Z,2026-09-24T10:12:36Z,hwm_kb_cli,62072,kB
s1,bulk-down,GG,4,baseline-s1-bulk-down-gg-r4-20260924T100435Z,2026-09-24T10:12:36Z,hwm_kb_srv,49744,kB
s1,bulk-down,GG,4,baseline-s1-bulk-down-gg-r4-20260924T100435Z,2026-09-24T10:12:36Z,out_segs_cli,250480,segments
s1,bulk-down,GG,4,baseline-s1-bulk-down-gg-r4-20260924T100435Z,2026-09-24T10:12:36Z,out_segs_srv,519664,segments
s1,bulk-down,GG,4,baseline-s1-bulk-down-gg-r4-20260924T100435Z,2026-09-24T10:12:36Z,retrans_pct_cli,0.00159693388694,% of OutSegs
s1,bulk-down,GG,4,baseline-s1-bulk-down-gg-r4-20260924T100435Z,2026-09-24T10:12:36Z,retrans_pct_srv,34.7526478648,% of OutSegs
s1,bulk-down,GG,4,baseline-s1-bulk-down-gg-r4-20260924T100435Z,2026-09-24T10:12:36Z,retrans_segs_cli,4,segments
s1,bulk-down,GG,4,baseline-s1-bulk-down-gg-r4-20260924T100435Z,2026-09-24T10:12:36Z,retrans_segs_srv,180597,segments
s1,bulk-down,GG,4,baseline-s1-bulk-down-gg-r4-20260924T100435Z,2026-09-24T10:12:36Z,fast_retrans_segs_cli,0,segments
s1,bulk-down,GG,4,baseline-s1-bulk-down-gg-r4-20260924T100435Z,2026-09-24T10:12:36Z,fast_retrans_segs_srv,114618,segments
s1,bulk-down,GG,4,baseline-s1-bulk-down-gg-r4-20260924T100435Z,2026-09-24T10:12:36Z,early_retrans_segs_cli,0,segments
s1,bulk-down,GG,4,baseline-s1-bulk-down-gg-r4-20260924T100435Z,2026-09-24T10:12:36Z,early_retrans_segs_srv,6739,segments
s1,bulk-down,GG,4,baseline-s1-bulk-down-gg-r4-20260924T100435Z,2026-09-24T10:12:36Z,lost_segs_cli,4,segments
s1,bulk-down,GG,4,baseline-s1-bulk-down-gg-r4-20260924T100435Z,2026-09-24T10:12:36Z,lost_segs_srv,59240,segments
s1,bulk-down,GG,4,baseline-s1-bulk-down-gg-r4-20260924T100435Z,2026-09-24T10:12:36Z,repeat_segs_cli,6504,segments
s1,bulk-down,GG,4,baseline-s1-bulk-down-gg-r4-20260924T100435Z,2026-09-24T10:12:36Z,repeat_segs_srv,3,segments
s1,bulk-down,RR,4,baseline-s1-bulk-down-rr-r4-20260924T100435Z,2026-09-24T10:13:14Z,goodput_mbit_s,199.64653642,Mbit/s
s1,bulk-down,RR,4,baseline-s1-bulk-down-rr-r4-20260924T100435Z,2026-09-24T10:13:14Z,tcp_retransmits,53,segments
s1,bulk-down,RR,4,baseline-s1-bulk-down-rr-r4-20260924T100435Z,2026-09-24T10:13:14Z,cpu_s_per_gb_cli,14.7452142531,s/GB
s1,bulk-down,RR,4,baseline-s1-bulk-down-rr-r4-20260924T100435Z,2026-09-24T10:13:14Z,cpu_s_per_gb_srv,25.9194786599,s/GB
s1,bulk-down,RR,4,baseline-s1-bulk-down-rr-r4-20260924T100435Z,2026-09-24T10:13:14Z,cpu_s_per_gb_total,40.6646929131,s/GB
s1,bulk-down,RR,4,baseline-s1-bulk-down-rr-r4-20260924T100435Z,2026-09-24T10:13:14Z,rss_kb_cli,16356,kB
s1,bulk-down,RR,4,baseline-s1-bulk-down-rr-r4-20260924T100435Z,2026-09-24T10:13:14Z,rss_kb_srv,17836,kB
s1,bulk-down,RR,4,baseline-s1-bulk-down-rr-r4-20260924T100435Z,2026-09-24T10:13:14Z,hwm_kb_cli,16408,kB
s1,bulk-down,RR,4,baseline-s1-bulk-down-rr-r4-20260924T100435Z,2026-09-24T10:13:14Z,hwm_kb_srv,19996,kB
s1,bulk-down,RR,4,baseline-s1-bulk-down-rr-r4-20260924T100435Z,2026-09-24T10:13:14Z,out_segs_cli,415145,segments
s1,bulk-down,RR,4,baseline-s1-bulk-down-rr-r4-20260924T100435Z,2026-09-24T10:13:14Z,out_segs_srv,623280,segments
s1,bulk-down,RR,4,baseline-s1-bulk-down-rr-r4-20260924T100435Z,2026-09-24T10:13:14Z,retrans_pct_cli,0.000481759385275,% of OutSegs
s1,bulk-down,RR,4,baseline-s1-bulk-down-rr-r4-20260924T100435Z,2026-09-24T10:13:14Z,retrans_pct_srv,28.4682646644,% of OutSegs
s1,bulk-down,RR,4,baseline-s1-bulk-down-rr-r4-20260924T100435Z,2026-09-24T10:13:14Z,retrans_segs_cli,2,segments
s1,bulk-down,RR,4,baseline-s1-bulk-down-rr-r4-20260924T100435Z,2026-09-24T10:13:14Z,retrans_segs_srv,177437,segments
s1,bulk-down,RR,4,baseline-s1-bulk-down-rr-r4-20260924T100435Z,2026-09-24T10:13:14Z,fast_retrans_segs_cli,0,segments
s1,bulk-down,RR,4,baseline-s1-bulk-down-rr-r4-20260924T100435Z,2026-09-24T10:13:14Z,fast_retrans_segs_srv,114183,segments
s1,bulk-down,RR,4,baseline-s1-bulk-down-rr-r4-20260924T100435Z,2026-09-24T10:13:14Z,early_retrans_segs_cli,0,segments
s1,bulk-down,RR,4,baseline-s1-bulk-down-rr-r4-20260924T100435Z,2026-09-24T10:13:14Z,early_retrans_segs_srv,1102,segments
s1,bulk-down,RR,4,baseline-s1-bulk-down-rr-r4-20260924T100435Z,2026-09-24T10:13:14Z,lost_segs_cli,2,segments
s1,bulk-down,RR,4,baseline-s1-bulk-down-rr-r4-20260924T100435Z,2026-09-24T10:13:14Z,lost_segs_srv,62152,segments
s1,bulk-down,RR,4,baseline-s1-bulk-down-rr-r4-20260924T100435Z,2026-09-24T10:13:14Z,repeat_segs_cli,17407,segments
s1,bulk-down,RR,4,baseline-s1-bulk-down-rr-r4-20260924T100435Z,2026-09-24T10:13:14Z,repeat_segs_srv,2,segments
s1,bulk-down,GR,4,baseline-s1-bulk-down-gr-r4-20260924T100435Z,2026-09-24T10:13:53Z,goodput_mbit_s,158.986445077,Mbit/s
s1,bulk-down,GR,4,baseline-s1-bulk-down-gr-r4-20260924T100435Z,2026-09-24T10:13:53Z,tcp_retransmits,60,segments
s1,bulk-down,GR,4,baseline-s1-bulk-down-gr-r4-20260924T100435Z,2026-09-24T10:13:53Z,cpu_s_per_gb_cli,22.956825264,s/GB
s1,bulk-down,GR,4,baseline-s1-bulk-down-gr-r4-20260924T100435Z,2026-09-24T10:13:53Z,cpu_s_per_gb_srv,28.9820385392,s/GB
s1,bulk-down,GR,4,baseline-s1-bulk-down-gr-r4-20260924T100435Z,2026-09-24T10:13:53Z,cpu_s_per_gb_total,51.9388638032,s/GB
s1,bulk-down,GR,4,baseline-s1-bulk-down-gr-r4-20260924T100435Z,2026-09-24T10:13:53Z,rss_kb_cli,76468,kB
s1,bulk-down,GR,4,baseline-s1-bulk-down-gr-r4-20260924T100435Z,2026-09-24T10:13:53Z,rss_kb_srv,19216,kB
s1,bulk-down,GR,4,baseline-s1-bulk-down-gr-r4-20260924T100435Z,2026-09-24T10:13:53Z,hwm_kb_cli,76468,kB
s1,bulk-down,GR,4,baseline-s1-bulk-down-gr-r4-20260924T100435Z,2026-09-24T10:13:53Z,hwm_kb_srv,20060,kB
s1,bulk-down,GR,4,baseline-s1-bulk-down-gr-r4-20260924T100435Z,2026-09-24T10:13:53Z,out_segs_cli,341140,segments
s1,bulk-down,GR,4,baseline-s1-bulk-down-gr-r4-20260924T100435Z,2026-09-24T10:13:53Z,out_segs_srv,587069,segments
s1,bulk-down,GR,4,baseline-s1-bulk-down-gr-r4-20260924T100435Z,2026-09-24T10:13:53Z,retrans_pct_cli,0.000293134783373,% of OutSegs
s1,bulk-down,GR,4,baseline-s1-bulk-down-gr-r4-20260924T100435Z,2026-09-24T10:13:53Z,retrans_pct_srv,39.7467759326,% of OutSegs
s1,bulk-down,GR,4,baseline-s1-bulk-down-gr-r4-20260924T100435Z,2026-09-24T10:13:53Z,retrans_segs_cli,1,segments
s1,bulk-down,GR,4,baseline-s1-bulk-down-gr-r4-20260924T100435Z,2026-09-24T10:13:53Z,retrans_segs_srv,233341,segments
s1,bulk-down,GR,4,baseline-s1-bulk-down-gr-r4-20260924T100435Z,2026-09-24T10:13:53Z,fast_retrans_segs_cli,0,segments
s1,bulk-down,GR,4,baseline-s1-bulk-down-gr-r4-20260924T100435Z,2026-09-24T10:13:53Z,fast_retrans_segs_srv,130413,segments
s1,bulk-down,GR,4,baseline-s1-bulk-down-gr-r4-20260924T100435Z,2026-09-24T10:13:53Z,early_retrans_segs_cli,0,segments
s1,bulk-down,GR,4,baseline-s1-bulk-down-gr-r4-20260924T100435Z,2026-09-24T10:13:53Z,early_retrans_segs_srv,12716,segments
s1,bulk-down,GR,4,baseline-s1-bulk-down-gr-r4-20260924T100435Z,2026-09-24T10:13:53Z,lost_segs_cli,1,segments
s1,bulk-down,GR,4,baseline-s1-bulk-down-gr-r4-20260924T100435Z,2026-09-24T10:13:53Z,lost_segs_srv,90212,segments
s1,bulk-down,GR,4,baseline-s1-bulk-down-gr-r4-20260924T100435Z,2026-09-24T10:13:53Z,repeat_segs_cli,22933,segments
s1,bulk-down,GR,4,baseline-s1-bulk-down-gr-r4-20260924T100435Z,2026-09-24T10:13:53Z,repeat_segs_srv,1,segments
s1,bulk-down,RG,4,baseline-s1-bulk-down-rg-r4-20260924T100435Z,2026-09-24T10:14:32Z,goodput_mbit_s,238.237378165,Mbit/s
s1,bulk-down,RG,4,baseline-s1-bulk-down-rg-r4-20260924T100435Z,2026-09-24T10:14:32Z,tcp_retransmits,65,segments
s1,bulk-down,RG,4,baseline-s1-bulk-down-rg-r4-20260924T100435Z,2026-09-24T10:14:32Z,cpu_s_per_gb_cli,13.7615098711,s/GB
s1,bulk-down,RG,4,baseline-s1-bulk-down-rg-r4-20260924T100435Z,2026-09-24T10:14:32Z,cpu_s_per_gb_srv,19.111338892,s/GB
s1,bulk-down,RG,4,baseline-s1-bulk-down-rg-r4-20260924T100435Z,2026-09-24T10:14:32Z,cpu_s_per_gb_total,32.8728487631,s/GB
s1,bulk-down,RG,4,baseline-s1-bulk-down-rg-r4-20260924T100435Z,2026-09-24T10:14:32Z,rss_kb_cli,12524,kB
s1,bulk-down,RG,4,baseline-s1-bulk-down-rg-r4-20260924T100435Z,2026-09-24T10:14:32Z,rss_kb_srv,42620,kB
s1,bulk-down,RG,4,baseline-s1-bulk-down-rg-r4-20260924T100435Z,2026-09-24T10:14:32Z,hwm_kb_cli,12524,kB
s1,bulk-down,RG,4,baseline-s1-bulk-down-rg-r4-20260924T100435Z,2026-09-24T10:14:32Z,hwm_kb_srv,44572,kB
s1,bulk-down,RG,4,baseline-s1-bulk-down-rg-r4-20260924T100435Z,2026-09-24T10:14:32Z,out_segs_cli,275965,segments
s1,bulk-down,RG,4,baseline-s1-bulk-down-rg-r4-20260924T100435Z,2026-09-24T10:14:32Z,out_segs_srv,656926,segments
s1,bulk-down,RG,4,baseline-s1-bulk-down-rg-r4-20260924T100435Z,2026-09-24T10:14:32Z,retrans_pct_cli,0,% of OutSegs
s1,bulk-down,RG,4,baseline-s1-bulk-down-rg-r4-20260924T100435Z,2026-09-24T10:14:32Z,retrans_pct_srv,19.6868444848,% of OutSegs
s1,bulk-down,RG,4,baseline-s1-bulk-down-rg-r4-20260924T100435Z,2026-09-24T10:14:32Z,retrans_segs_cli,0,segments
s1,bulk-down,RG,4,baseline-s1-bulk-down-rg-r4-20260924T100435Z,2026-09-24T10:14:32Z,retrans_segs_srv,129328,segments
s1,bulk-down,RG,4,baseline-s1-bulk-down-rg-r4-20260924T100435Z,2026-09-24T10:14:32Z,fast_retrans_segs_cli,0,segments
s1,bulk-down,RG,4,baseline-s1-bulk-down-rg-r4-20260924T100435Z,2026-09-24T10:14:32Z,fast_retrans_segs_srv,114199,segments
s1,bulk-down,RG,4,baseline-s1-bulk-down-rg-r4-20260924T100435Z,2026-09-24T10:14:32Z,early_retrans_segs_cli,0,segments
s1,bulk-down,RG,4,baseline-s1-bulk-down-rg-r4-20260924T100435Z,2026-09-24T10:14:32Z,early_retrans_segs_srv,2544,segments
s1,bulk-down,RG,4,baseline-s1-bulk-down-rg-r4-20260924T100435Z,2026-09-24T10:14:32Z,lost_segs_cli,0,segments
s1,bulk-down,RG,4,baseline-s1-bulk-down-rg-r4-20260924T100435Z,2026-09-24T10:14:32Z,lost_segs_srv,12585,segments
s1,bulk-down,RG,4,baseline-s1-bulk-down-rg-r4-20260924T100435Z,2026-09-24T10:14:32Z,repeat_segs_cli,1718,segments
s1,bulk-down,RG,4,baseline-s1-bulk-down-rg-r4-20260924T100435Z,2026-09-24T10:14:32Z,repeat_segs_srv,0,segments
s1,bulk-down,GG,5,baseline-s1-bulk-down-gg-r5-20260924T100435Z,2026-09-24T10:15:10Z,goodput_mbit_s,165.57094438,Mbit/s
s1,bulk-down,GG,5,baseline-s1-bulk-down-gg-r5-20260924T100435Z,2026-09-24T10:15:10Z,tcp_retransmits,55,segments
s1,bulk-down,GG,5,baseline-s1-bulk-down-gg-r5-20260924T100435Z,2026-09-24T10:15:10Z,cpu_s_per_gb_cli,22.0882692479,s/GB
s1,bulk-down,GG,5,baseline-s1-bulk-down-gg-r5-20260924T100435Z,2026-09-24T10:15:10Z,cpu_s_per_gb_srv,27.308254103,s/GB
s1,bulk-down,GG,5,baseline-s1-bulk-down-gg-r5-20260924T100435Z,2026-09-24T10:15:10Z,cpu_s_per_gb_total,49.3965233509,s/GB
s1,bulk-down,GG,5,baseline-s1-bulk-down-gg-r5-20260924T100435Z,2026-09-24T10:15:10Z,rss_kb_cli,52952,kB
s1,bulk-down,GG,5,baseline-s1-bulk-down-gg-r5-20260924T100435Z,2026-09-24T10:15:10Z,rss_kb_srv,42448,kB
s1,bulk-down,GG,5,baseline-s1-bulk-down-gg-r5-20260924T100435Z,2026-09-24T10:15:10Z,hwm_kb_cli,53812,kB
s1,bulk-down,GG,5,baseline-s1-bulk-down-gg-r5-20260924T100435Z,2026-09-24T10:15:10Z,hwm_kb_srv,42448,kB
s1,bulk-down,GG,5,baseline-s1-bulk-down-gg-r5-20260924T100435Z,2026-09-24T10:15:10Z,out_segs_cli,265121,segments
s1,bulk-down,GG,5,baseline-s1-bulk-down-gg-r5-20260924T100435Z,2026-09-24T10:15:10Z,out_segs_srv,521532,segments
s1,bulk-down,GG,5,baseline-s1-bulk-down-gg-r5-20260924T100435Z,2026-09-24T10:15:10Z,retrans_pct_cli,0.000754372531787,% of OutSegs
s1,bulk-down,GG,5,baseline-s1-bulk-down-gg-r5-20260924T100435Z,2026-09-24T10:15:10Z,retrans_pct_srv,31.8270019865,% of OutSegs
s1,bulk-down,GG,5,baseline-s1-bulk-down-gg-r5-20260924T100435Z,2026-09-24T10:15:10Z,retrans_segs_cli,2,segments
s1,bulk-down,GG,5,baseline-s1-bulk-down-gg-r5-20260924T100435Z,2026-09-24T10:15:10Z,retrans_segs_srv,165988,segments
s1,bulk-down,GG,5,baseline-s1-bulk-down-gg-r5-20260924T100435Z,2026-09-24T10:15:10Z,fast_retrans_segs_cli,0,segments
s1,bulk-down,GG,5,baseline-s1-bulk-down-gg-r5-20260924T100435Z,2026-09-24T10:15:10Z,fast_retrans_segs_srv,116909,segments
s1,bulk-down,GG,5,baseline-s1-bulk-down-gg-r5-20260924T100435Z,2026-09-24T10:15:10Z,early_retrans_segs_cli,0,segments
s1,bulk-down,GG,5,baseline-s1-bulk-down-gg-r5-20260924T100435Z,2026-09-24T10:15:10Z,early_retrans_segs_srv,2296,segments
s1,bulk-down,GG,5,baseline-s1-bulk-down-gg-r5-20260924T100435Z,2026-09-24T10:15:10Z,lost_segs_cli,2,segments
s1,bulk-down,GG,5,baseline-s1-bulk-down-gg-r5-20260924T100435Z,2026-09-24T10:15:10Z,lost_segs_srv,46783,segments
s1,bulk-down,GG,5,baseline-s1-bulk-down-gg-r5-20260924T100435Z,2026-09-24T10:15:10Z,repeat_segs_cli,4478,segments
s1,bulk-down,GG,5,baseline-s1-bulk-down-gg-r5-20260924T100435Z,2026-09-24T10:15:10Z,repeat_segs_srv,2,segments
s1,bulk-down,RR,5,baseline-s1-bulk-down-rr-r5-20260924T100435Z,2026-09-24T10:15:50Z,goodput_mbit_s,183.27357572,Mbit/s
s1,bulk-down,RR,5,baseline-s1-bulk-down-rr-r5-20260924T100435Z,2026-09-24T10:15:50Z,tcp_retransmits,54,segments
s1,bulk-down,RR,5,baseline-s1-bulk-down-rr-r5-20260924T100435Z,2026-09-24T10:15:50Z,cpu_s_per_gb_cli,15.3326289185,s/GB
s1,bulk-down,RR,5,baseline-s1-bulk-down-rr-r5-20260924T100435Z,2026-09-24T10:15:50Z,cpu_s_per_gb_srv,27.7550988071,s/GB
s1,bulk-down,RR,5,baseline-s1-bulk-down-rr-r5-20260924T100435Z,2026-09-24T10:15:50Z,cpu_s_per_gb_total,43.0877277256,s/GB
s1,bulk-down,RR,5,baseline-s1-bulk-down-rr-r5-20260924T100435Z,2026-09-24T10:15:50Z,rss_kb_cli,16988,kB
s1,bulk-down,RR,5,baseline-s1-bulk-down-rr-r5-20260924T100435Z,2026-09-24T10:15:50Z,rss_kb_srv,16276,kB
s1,bulk-down,RR,5,baseline-s1-bulk-down-rr-r5-20260924T100435Z,2026-09-24T10:15:50Z,hwm_kb_cli,16992,kB
s1,bulk-down,RR,5,baseline-s1-bulk-down-rr-r5-20260924T100435Z,2026-09-24T10:15:50Z,hwm_kb_srv,19952,kB
s1,bulk-down,RR,5,baseline-s1-bulk-down-rr-r5-20260924T100435Z,2026-09-24T10:15:50Z,out_segs_cli,398249,segments
s1,bulk-down,RR,5,baseline-s1-bulk-down-rr-r5-20260924T100435Z,2026-09-24T10:15:50Z,out_segs_srv,627603,segments
s1,bulk-down,RR,5,baseline-s1-bulk-down-rr-r5-20260924T100435Z,2026-09-24T10:15:50Z,retrans_pct_cli,0.000502198373379,% of OutSegs
s1,bulk-down,RR,5,baseline-s1-bulk-down-rr-r5-20260924T100435Z,2026-09-24T10:15:50Z,retrans_pct_srv,33.5717005814,% of OutSegs
s1,bulk-down,RR,5,baseline-s1-bulk-down-rr-r5-20260924T100435Z,2026-09-24T10:15:50Z,retrans_segs_cli,2,segments
s1,bulk-down,RR,5,baseline-s1-bulk-down-rr-r5-20260924T100435Z,2026-09-24T10:15:50Z,retrans_segs_srv,210697,segments
s1,bulk-down,RR,5,baseline-s1-bulk-down-rr-r5-20260924T100435Z,2026-09-24T10:15:50Z,fast_retrans_segs_cli,0,segments
s1,bulk-down,RR,5,baseline-s1-bulk-down-rr-r5-20260924T100435Z,2026-09-24T10:15:50Z,fast_retrans_segs_srv,138580,segments
s1,bulk-down,RR,5,baseline-s1-bulk-down-rr-r5-20260924T100435Z,2026-09-24T10:15:50Z,early_retrans_segs_cli,0,segments
s1,bulk-down,RR,5,baseline-s1-bulk-down-rr-r5-20260924T100435Z,2026-09-24T10:15:50Z,early_retrans_segs_srv,1298,segments
s1,bulk-down,RR,5,baseline-s1-bulk-down-rr-r5-20260924T100435Z,2026-09-24T10:15:50Z,lost_segs_cli,2,segments
s1,bulk-down,RR,5,baseline-s1-bulk-down-rr-r5-20260924T100435Z,2026-09-24T10:15:50Z,lost_segs_srv,70819,segments
s1,bulk-down,RR,5,baseline-s1-bulk-down-rr-r5-20260924T100435Z,2026-09-24T10:15:50Z,repeat_segs_cli,16205,segments
s1,bulk-down,RR,5,baseline-s1-bulk-down-rr-r5-20260924T100435Z,2026-09-24T10:15:50Z,repeat_segs_srv,2,segments
s1,bulk-down,GR,5,baseline-s1-bulk-down-gr-r5-20260924T100435Z,2026-09-24T10:16:29Z,goodput_mbit_s,158.960602479,Mbit/s
s1,bulk-down,GR,5,baseline-s1-bulk-down-gr-r5-20260924T100435Z,2026-09-24T10:16:29Z,tcp_retransmits,44,segments
s1,bulk-down,GR,5,baseline-s1-bulk-down-gr-r5-20260924T100435Z,2026-09-24T10:16:29Z,cpu_s_per_gb_cli,22.4276164698,s/GB
s1,bulk-down,GR,5,baseline-s1-bulk-down-gr-r5-20260924T100435Z,2026-09-24T10:16:29Z,cpu_s_per_gb_srv,28.3348904507,s/GB
s1,bulk-down,GR,5,baseline-s1-bulk-down-gr-r5-20260924T100435Z,2026-09-24T10:16:29Z,cpu_s_per_gb_total,50.7625069205,s/GB
s1,bulk-down,GR,5,baseline-s1-bulk-down-gr-r5-20260924T100435Z,2026-09-24T10:16:29Z,rss_kb_cli,71940,kB
s1,bulk-down,GR,5,baseline-s1-bulk-down-gr-r5-20260924T100435Z,2026-09-24T10:16:29Z,rss_kb_srv,16428,kB
s1,bulk-down,GR,5,baseline-s1-bulk-down-gr-r5-20260924T100435Z,2026-09-24T10:16:29Z,hwm_kb_cli,73240,kB
s1,bulk-down,GR,5,baseline-s1-bulk-down-gr-r5-20260924T100435Z,2026-09-24T10:16:29Z,hwm_kb_srv,20120,kB
s1,bulk-down,GR,5,baseline-s1-bulk-down-gr-r5-20260924T100435Z,2026-09-24T10:16:29Z,out_segs_cli,337804,segments
s1,bulk-down,GR,5,baseline-s1-bulk-down-gr-r5-20260924T100435Z,2026-09-24T10:16:29Z,out_segs_srv,551979,segments
s1,bulk-down,GR,5,baseline-s1-bulk-down-gr-r5-20260924T100435Z,2026-09-24T10:16:29Z,retrans_pct_cli,0.00029602965033,% of OutSegs
s1,bulk-down,GR,5,baseline-s1-bulk-down-gr-r5-20260924T100435Z,2026-09-24T10:16:29Z,retrans_pct_srv,37.4706284116,% of OutSegs
s1,bulk-down,GR,5,baseline-s1-bulk-down-gr-r5-20260924T100435Z,2026-09-24T10:16:29Z,retrans_segs_cli,1,segments
s1,bulk-down,GR,5,baseline-s1-bulk-down-gr-r5-20260924T100435Z,2026-09-24T10:16:29Z,retrans_segs_srv,206830,segments
s1,bulk-down,GR,5,baseline-s1-bulk-down-gr-r5-20260924T100435Z,2026-09-24T10:16:29Z,fast_retrans_segs_cli,0,segments
s1,bulk-down,GR,5,baseline-s1-bulk-down-gr-r5-20260924T100435Z,2026-09-24T10:16:29Z,fast_retrans_segs_srv,121523,segments
s1,bulk-down,GR,5,baseline-s1-bulk-down-gr-r5-20260924T100435Z,2026-09-24T10:16:29Z,early_retrans_segs_cli,0,segments
s1,bulk-down,GR,5,baseline-s1-bulk-down-gr-r5-20260924T100435Z,2026-09-24T10:16:29Z,early_retrans_segs_srv,2836,segments
s1,bulk-down,GR,5,baseline-s1-bulk-down-gr-r5-20260924T100435Z,2026-09-24T10:16:29Z,lost_segs_cli,1,segments
s1,bulk-down,GR,5,baseline-s1-bulk-down-gr-r5-20260924T100435Z,2026-09-24T10:16:29Z,lost_segs_srv,82471,segments
s1,bulk-down,GR,5,baseline-s1-bulk-down-gr-r5-20260924T100435Z,2026-09-24T10:16:29Z,repeat_segs_cli,21453,segments
s1,bulk-down,GR,5,baseline-s1-bulk-down-gr-r5-20260924T100435Z,2026-09-24T10:16:29Z,repeat_segs_srv,1,segments
s1,bulk-down,RG,5,baseline-s1-bulk-down-rg-r5-20260924T100435Z,2026-09-24T10:17:08Z,goodput_mbit_s,232.41878599,Mbit/s
s1,bulk-down,RG,5,baseline-s1-bulk-down-rg-r5-20260924T100435Z,2026-09-24T10:17:08Z,tcp_retransmits,78,segments
s1,bulk-down,RG,5,baseline-s1-bulk-down-rg-r5-20260924T100435Z,2026-09-24T10:17:08Z,cpu_s_per_gb_cli,13.7401418098,s/GB
s1,bulk-down,RG,5,baseline-s1-bulk-down-rg-r5-20260924T100435Z,2026-09-24T10:17:08Z,cpu_s_per_gb_srv,20.9029225027,s/GB
s1,bulk-down,RG,5,baseline-s1-bulk-down-rg-r5-20260924T100435Z,2026-09-24T10:17:08Z,cpu_s_per_gb_total,34.6430643125,s/GB
s1,bulk-down,RG,5,baseline-s1-bulk-down-rg-r5-20260924T100435Z,2026-09-24T10:17:08Z,rss_kb_cli,13176,kB
s1,bulk-down,RG,5,baseline-s1-bulk-down-rg-r5-20260924T100435Z,2026-09-24T10:17:08Z,rss_kb_srv,43956,kB
s1,bulk-down,RG,5,baseline-s1-bulk-down-rg-r5-20260924T100435Z,2026-09-24T10:17:08Z,hwm_kb_cli,13176,kB
s1,bulk-down,RG,5,baseline-s1-bulk-down-rg-r5-20260924T100435Z,2026-09-24T10:17:08Z,hwm_kb_srv,44324,kB
s1,bulk-down,RG,5,baseline-s1-bulk-down-rg-r5-20260924T100435Z,2026-09-24T10:17:08Z,out_segs_cli,351952,segments
s1,bulk-down,RG,5,baseline-s1-bulk-down-rg-r5-20260924T100435Z,2026-09-24T10:17:08Z,out_segs_srv,668328,segments
s1,bulk-down,RG,5,baseline-s1-bulk-down-rg-r5-20260924T100435Z,2026-09-24T10:17:08Z,retrans_pct_cli,0,% of OutSegs
s1,bulk-down,RG,5,baseline-s1-bulk-down-rg-r5-20260924T100435Z,2026-09-24T10:17:08Z,retrans_pct_srv,24.0842819693,% of OutSegs
s1,bulk-down,RG,5,baseline-s1-bulk-down-rg-r5-20260924T100435Z,2026-09-24T10:17:08Z,retrans_segs_cli,0,segments
s1,bulk-down,RG,5,baseline-s1-bulk-down-rg-r5-20260924T100435Z,2026-09-24T10:17:08Z,retrans_segs_srv,160962,segments
s1,bulk-down,RG,5,baseline-s1-bulk-down-rg-r5-20260924T100435Z,2026-09-24T10:17:08Z,fast_retrans_segs_cli,0,segments
s1,bulk-down,RG,5,baseline-s1-bulk-down-rg-r5-20260924T100435Z,2026-09-24T10:17:08Z,fast_retrans_segs_srv,133979,segments
s1,bulk-down,RG,5,baseline-s1-bulk-down-rg-r5-20260924T100435Z,2026-09-24T10:17:08Z,early_retrans_segs_cli,0,segments
s1,bulk-down,RG,5,baseline-s1-bulk-down-rg-r5-20260924T100435Z,2026-09-24T10:17:08Z,early_retrans_segs_srv,4179,segments
s1,bulk-down,RG,5,baseline-s1-bulk-down-rg-r5-20260924T100435Z,2026-09-24T10:17:08Z,lost_segs_cli,0,segments
s1,bulk-down,RG,5,baseline-s1-bulk-down-rg-r5-20260924T100435Z,2026-09-24T10:17:08Z,lost_segs_srv,22804,segments
s1,bulk-down,RG,5,baseline-s1-bulk-down-rg-r5-20260924T100435Z,2026-09-24T10:17:08Z,repeat_segs_cli,2142,segments
s1,bulk-down,RG,5,baseline-s1-bulk-down-rg-r5-20260924T100435Z,2026-09-24T10:17:08Z,repeat_segs_srv,0,segments
s1,latency,GG,1,baseline-s1-latency-gg-r1-20260924T101836Z,2026-09-24T10:18:54Z,rtt_p50_ms,0.439295,ms
s1,latency,GG,1,baseline-s1-latency-gg-r1-20260924T101836Z,2026-09-24T10:18:54Z,rtt_p90_ms,0.681983,ms
s1,latency,GG,1,baseline-s1-latency-gg-r1-20260924T101836Z,2026-09-24T10:18:54Z,rtt_p99_ms,1.495039,ms
s1,latency,GG,1,baseline-s1-latency-gg-r1-20260924T101836Z,2026-09-24T10:18:54Z,rtt_max_ms,9.145699,ms
s1,latency,GG,1,baseline-s1-latency-gg-r1-20260924T101836Z,2026-09-24T10:18:54Z,rtt_errors,0,count
s1,latency,GG,1,baseline-s1-latency-gg-r1-20260924T101836Z,2026-09-24T10:18:54Z,cpu_s_cli,7.68,s
s1,latency,GG,1,baseline-s1-latency-gg-r1-20260924T101836Z,2026-09-24T10:18:54Z,cpu_s_srv,7.45,s
s1,latency,GG,1,baseline-s1-latency-gg-r1-20260924T101836Z,2026-09-24T10:18:54Z,rss_kb_cli,25328,kB
s1,latency,GG,1,baseline-s1-latency-gg-r1-20260924T101836Z,2026-09-24T10:18:54Z,rss_kb_srv,26492,kB
s1,latency,GG,1,baseline-s1-latency-gg-r1-20260924T101836Z,2026-09-24T10:18:54Z,hwm_kb_cli,25328,kB
s1,latency,GG,1,baseline-s1-latency-gg-r1-20260924T101836Z,2026-09-24T10:18:54Z,hwm_kb_srv,26492,kB
s1,latency,RR,1,baseline-s1-latency-rr-r1-20260924T101836Z,2026-09-24T10:19:30Z,rtt_p50_ms,0.231935,ms
s1,latency,RR,1,baseline-s1-latency-rr-r1-20260924T101836Z,2026-09-24T10:19:30Z,rtt_p90_ms,0.334847,ms
s1,latency,RR,1,baseline-s1-latency-rr-r1-20260924T101836Z,2026-09-24T10:19:30Z,rtt_p99_ms,0.690175,ms
s1,latency,RR,1,baseline-s1-latency-rr-r1-20260924T101836Z,2026-09-24T10:19:30Z,rtt_max_ms,7.481533,ms
s1,latency,RR,1,baseline-s1-latency-rr-r1-20260924T101836Z,2026-09-24T10:19:30Z,rtt_errors,0,count
s1,latency,RR,1,baseline-s1-latency-rr-r1-20260924T101836Z,2026-09-24T10:19:30Z,cpu_s_cli,6.76,s
s1,latency,RR,1,baseline-s1-latency-rr-r1-20260924T101836Z,2026-09-24T10:19:30Z,cpu_s_srv,6.76,s
s1,latency,RR,1,baseline-s1-latency-rr-r1-20260924T101836Z,2026-09-24T10:19:30Z,rss_kb_cli,4772,kB
s1,latency,RR,1,baseline-s1-latency-rr-r1-20260924T101836Z,2026-09-24T10:19:30Z,rss_kb_srv,4600,kB
s1,latency,RR,1,baseline-s1-latency-rr-r1-20260924T101836Z,2026-09-24T10:19:30Z,hwm_kb_cli,4776,kB
s1,latency,RR,1,baseline-s1-latency-rr-r1-20260924T101836Z,2026-09-24T10:19:30Z,hwm_kb_srv,4816,kB
s1,latency,GG,2,baseline-s1-latency-gg-r2-20260924T101836Z,2026-09-24T10:20:06Z,rtt_p50_ms,0.396287,ms
s1,latency,GG,2,baseline-s1-latency-gg-r2-20260924T101836Z,2026-09-24T10:20:06Z,rtt_p90_ms,0.550911,ms
s1,latency,GG,2,baseline-s1-latency-gg-r2-20260924T101836Z,2026-09-24T10:20:06Z,rtt_p99_ms,1.118207,ms
s1,latency,GG,2,baseline-s1-latency-gg-r2-20260924T101836Z,2026-09-24T10:20:06Z,rtt_max_ms,7.546934,ms
s1,latency,GG,2,baseline-s1-latency-gg-r2-20260924T101836Z,2026-09-24T10:20:06Z,rtt_errors,0,count
s1,latency,GG,2,baseline-s1-latency-gg-r2-20260924T101836Z,2026-09-24T10:20:06Z,cpu_s_cli,7.66,s
s1,latency,GG,2,baseline-s1-latency-gg-r2-20260924T101836Z,2026-09-24T10:20:06Z,cpu_s_srv,7.46,s
s1,latency,GG,2,baseline-s1-latency-gg-r2-20260924T101836Z,2026-09-24T10:20:06Z,rss_kb_cli,26552,kB
s1,latency,GG,2,baseline-s1-latency-gg-r2-20260924T101836Z,2026-09-24T10:20:06Z,rss_kb_srv,26928,kB
s1,latency,GG,2,baseline-s1-latency-gg-r2-20260924T101836Z,2026-09-24T10:20:06Z,hwm_kb_cli,26552,kB
s1,latency,GG,2,baseline-s1-latency-gg-r2-20260924T101836Z,2026-09-24T10:20:06Z,hwm_kb_srv,26928,kB
s1,latency,RR,2,baseline-s1-latency-rr-r2-20260924T101836Z,2026-09-24T10:20:41Z,rtt_p50_ms,0.215551,ms
s1,latency,RR,2,baseline-s1-latency-rr-r2-20260924T101836Z,2026-09-24T10:20:41Z,rtt_p90_ms,0.300031,ms
s1,latency,RR,2,baseline-s1-latency-rr-r2-20260924T101836Z,2026-09-24T10:20:41Z,rtt_p99_ms,0.515071,ms
s1,latency,RR,2,baseline-s1-latency-rr-r2-20260924T101836Z,2026-09-24T10:20:41Z,rtt_max_ms,11.05245,ms
s1,latency,RR,2,baseline-s1-latency-rr-r2-20260924T101836Z,2026-09-24T10:20:41Z,rtt_errors,0,count
s1,latency,RR,2,baseline-s1-latency-rr-r2-20260924T101836Z,2026-09-24T10:20:41Z,cpu_s_cli,6.74,s
s1,latency,RR,2,baseline-s1-latency-rr-r2-20260924T101836Z,2026-09-24T10:20:41Z,cpu_s_srv,6.75,s
s1,latency,RR,2,baseline-s1-latency-rr-r2-20260924T101836Z,2026-09-24T10:20:41Z,rss_kb_cli,4684,kB
s1,latency,RR,2,baseline-s1-latency-rr-r2-20260924T101836Z,2026-09-24T10:20:41Z,rss_kb_srv,4448,kB
s1,latency,RR,2,baseline-s1-latency-rr-r2-20260924T101836Z,2026-09-24T10:20:41Z,hwm_kb_cli,4684,kB
s1,latency,RR,2,baseline-s1-latency-rr-r2-20260924T101836Z,2026-09-24T10:20:41Z,hwm_kb_srv,4612,kB
s1,latency,GG,3,baseline-s1-latency-gg-r3-20260924T101836Z,2026-09-24T10:21:17Z,rtt_p50_ms,0.470015,ms
s1,latency,GG,3,baseline-s1-latency-gg-r3-20260924T101836Z,2026-09-24T10:21:17Z,rtt_p90_ms,0.899071,ms
s1,latency,GG,3,baseline-s1-latency-gg-r3-20260924T101836Z,2026-09-24T10:21:17Z,rtt_p99_ms,2.068479,ms
s1,latency,GG,3,baseline-s1-latency-gg-r3-20260924T101836Z,2026-09-24T10:21:17Z,rtt_max_ms,15.025268,ms
s1,latency,GG,3,baseline-s1-latency-gg-r3-20260924T101836Z,2026-09-24T10:21:17Z,rtt_errors,0,count
s1,latency,GG,3,baseline-s1-latency-gg-r3-20260924T101836Z,2026-09-24T10:21:17Z,cpu_s_cli,8.13,s
s1,latency,GG,3,baseline-s1-latency-gg-r3-20260924T101836Z,2026-09-24T10:21:17Z,cpu_s_srv,7.89,s
s1,latency,GG,3,baseline-s1-latency-gg-r3-20260924T101836Z,2026-09-24T10:21:17Z,rss_kb_cli,25480,kB
s1,latency,GG,3,baseline-s1-latency-gg-r3-20260924T101836Z,2026-09-24T10:21:17Z,rss_kb_srv,25744,kB
s1,latency,GG,3,baseline-s1-latency-gg-r3-20260924T101836Z,2026-09-24T10:21:17Z,hwm_kb_cli,25480,kB
s1,latency,GG,3,baseline-s1-latency-gg-r3-20260924T101836Z,2026-09-24T10:21:17Z,hwm_kb_srv,25744,kB
s1,latency,RR,3,baseline-s1-latency-rr-r3-20260924T101836Z,2026-09-24T10:21:54Z,rtt_p50_ms,0.248319,ms
s1,latency,RR,3,baseline-s1-latency-rr-r3-20260924T101836Z,2026-09-24T10:21:54Z,rtt_p90_ms,0.371711,ms
s1,latency,RR,3,baseline-s1-latency-rr-r3-20260924T101836Z,2026-09-24T10:21:54Z,rtt_p99_ms,0.739327,ms
s1,latency,RR,3,baseline-s1-latency-rr-r3-20260924T101836Z,2026-09-24T10:21:54Z,rtt_max_ms,25.284158,ms
s1,latency,RR,3,baseline-s1-latency-rr-r3-20260924T101836Z,2026-09-24T10:21:54Z,rtt_errors,0,count
s1,latency,RR,3,baseline-s1-latency-rr-r3-20260924T101836Z,2026-09-24T10:21:54Z,cpu_s_cli,6.73,s
s1,latency,RR,3,baseline-s1-latency-rr-r3-20260924T101836Z,2026-09-24T10:21:54Z,cpu_s_srv,6.71,s
s1,latency,RR,3,baseline-s1-latency-rr-r3-20260924T101836Z,2026-09-24T10:21:54Z,rss_kb_cli,4980,kB
s1,latency,RR,3,baseline-s1-latency-rr-r3-20260924T101836Z,2026-09-24T10:21:54Z,rss_kb_srv,4504,kB
s1,latency,RR,3,baseline-s1-latency-rr-r3-20260924T101836Z,2026-09-24T10:21:54Z,hwm_kb_cli,4984,kB
s1,latency,RR,3,baseline-s1-latency-rr-r3-20260924T101836Z,2026-09-24T10:21:54Z,hwm_kb_srv,4720,kB
s1,latency,GG,4,baseline-s1-latency-gg-r4-20260924T101836Z,2026-09-24T10:22:31Z,rtt_p50_ms,0.424959,ms
s1,latency,GG,4,baseline-s1-latency-gg-r4-20260924T101836Z,2026-09-24T10:22:31Z,rtt_p90_ms,0.616447,ms
s1,latency,GG,4,baseline-s1-latency-gg-r4-20260924T101836Z,2026-09-24T10:22:31Z,rtt_p99_ms,1.257471,ms
s1,latency,GG,4,baseline-s1-latency-gg-r4-20260924T101836Z,2026-09-24T10:22:31Z,rtt_max_ms,10.07542,ms
s1,latency,GG,4,baseline-s1-latency-gg-r4-20260924T101836Z,2026-09-24T10:22:31Z,rtt_errors,0,count
s1,latency,GG,4,baseline-s1-latency-gg-r4-20260924T101836Z,2026-09-24T10:22:31Z,cpu_s_cli,7.64,s
s1,latency,GG,4,baseline-s1-latency-gg-r4-20260924T101836Z,2026-09-24T10:22:31Z,cpu_s_srv,7.39,s
s1,latency,GG,4,baseline-s1-latency-gg-r4-20260924T101836Z,2026-09-24T10:22:31Z,rss_kb_cli,25712,kB
s1,latency,GG,4,baseline-s1-latency-gg-r4-20260924T101836Z,2026-09-24T10:22:31Z,rss_kb_srv,25760,kB
s1,latency,GG,4,baseline-s1-latency-gg-r4-20260924T101836Z,2026-09-24T10:22:31Z,hwm_kb_cli,25712,kB
s1,latency,GG,4,baseline-s1-latency-gg-r4-20260924T101836Z,2026-09-24T10:22:31Z,hwm_kb_srv,25760,kB
s1,latency,RR,4,baseline-s1-latency-rr-r4-20260924T101836Z,2026-09-24T10:23:07Z,rtt_p50_ms,0.224767,ms
s1,latency,RR,4,baseline-s1-latency-rr-r4-20260924T101836Z,2026-09-24T10:23:07Z,rtt_p90_ms,0.312319,ms
s1,latency,RR,4,baseline-s1-latency-rr-r4-20260924T101836Z,2026-09-24T10:23:07Z,rtt_p99_ms,0.649215,ms
s1,latency,RR,4,baseline-s1-latency-rr-r4-20260924T101836Z,2026-09-24T10:23:07Z,rtt_max_ms,7.348263,ms
s1,latency,RR,4,baseline-s1-latency-rr-r4-20260924T101836Z,2026-09-24T10:23:07Z,rtt_errors,0,count
s1,latency,RR,4,baseline-s1-latency-rr-r4-20260924T101836Z,2026-09-24T10:23:07Z,cpu_s_cli,6.8,s
s1,latency,RR,4,baseline-s1-latency-rr-r4-20260924T101836Z,2026-09-24T10:23:07Z,cpu_s_srv,6.78,s
s1,latency,RR,4,baseline-s1-latency-rr-r4-20260924T101836Z,2026-09-24T10:23:07Z,rss_kb_cli,4712,kB
s1,latency,RR,4,baseline-s1-latency-rr-r4-20260924T101836Z,2026-09-24T10:23:07Z,rss_kb_srv,4524,kB
s1,latency,RR,4,baseline-s1-latency-rr-r4-20260924T101836Z,2026-09-24T10:23:07Z,hwm_kb_cli,4716,kB
s1,latency,RR,4,baseline-s1-latency-rr-r4-20260924T101836Z,2026-09-24T10:23:07Z,hwm_kb_srv,4680,kB
s1,latency,GG,5,baseline-s1-latency-gg-r5-20260924T101836Z,2026-09-24T10:23:42Z,rtt_p50_ms,0.482303,ms
s1,latency,GG,5,baseline-s1-latency-gg-r5-20260924T101836Z,2026-09-24T10:23:42Z,rtt_p90_ms,0.767999,ms
s1,latency,GG,5,baseline-s1-latency-gg-r5-20260924T101836Z,2026-09-24T10:23:42Z,rtt_p99_ms,1.781759,ms
s1,latency,GG,5,baseline-s1-latency-gg-r5-20260924T101836Z,2026-09-24T10:23:42Z,rtt_max_ms,21.392096,ms
s1,latency,GG,5,baseline-s1-latency-gg-r5-20260924T101836Z,2026-09-24T10:23:42Z,rtt_errors,0,count
s1,latency,GG,5,baseline-s1-latency-gg-r5-20260924T101836Z,2026-09-24T10:23:42Z,cpu_s_cli,7.65,s
s1,latency,GG,5,baseline-s1-latency-gg-r5-20260924T101836Z,2026-09-24T10:23:42Z,cpu_s_srv,7.43,s
s1,latency,GG,5,baseline-s1-latency-gg-r5-20260924T101836Z,2026-09-24T10:23:42Z,rss_kb_cli,25824,kB
s1,latency,GG,5,baseline-s1-latency-gg-r5-20260924T101836Z,2026-09-24T10:23:42Z,rss_kb_srv,25268,kB
s1,latency,GG,5,baseline-s1-latency-gg-r5-20260924T101836Z,2026-09-24T10:23:42Z,hwm_kb_cli,25824,kB
s1,latency,GG,5,baseline-s1-latency-gg-r5-20260924T101836Z,2026-09-24T10:23:42Z,hwm_kb_srv,25268,kB
s1,latency,RR,5,baseline-s1-latency-rr-r5-20260924T101836Z,2026-09-24T10:24:18Z,rtt_p50_ms,0.239103,ms
s1,latency,RR,5,baseline-s1-latency-rr-r5-20260924T101836Z,2026-09-24T10:24:18Z,rtt_p90_ms,0.343039,ms
s1,latency,RR,5,baseline-s1-latency-rr-r5-20260924T101836Z,2026-09-24T10:24:18Z,rtt_p99_ms,0.694271,ms
s1,latency,RR,5,baseline-s1-latency-rr-r5-20260924T101836Z,2026-09-24T10:24:18Z,rtt_max_ms,7.27666,ms
s1,latency,RR,5,baseline-s1-latency-rr-r5-20260924T101836Z,2026-09-24T10:24:18Z,rtt_errors,0,count
s1,latency,RR,5,baseline-s1-latency-rr-r5-20260924T101836Z,2026-09-24T10:24:18Z,cpu_s_cli,6.74,s
s1,latency,RR,5,baseline-s1-latency-rr-r5-20260924T101836Z,2026-09-24T10:24:18Z,cpu_s_srv,6.73,s
s1,latency,RR,5,baseline-s1-latency-rr-r5-20260924T101836Z,2026-09-24T10:24:18Z,rss_kb_cli,4940,kB
s1,latency,RR,5,baseline-s1-latency-rr-r5-20260924T101836Z,2026-09-24T10:24:18Z,rss_kb_srv,4600,kB
s1,latency,RR,5,baseline-s1-latency-rr-r5-20260924T101836Z,2026-09-24T10:24:18Z,hwm_kb_cli,4944,kB
s1,latency,RR,5,baseline-s1-latency-rr-r5-20260924T101836Z,2026-09-24T10:24:18Z,hwm_kb_srv,4816,kB
s1,latency-loaded,GG,1,baseline-s1-latency-loaded-gg-r1-20260924T102543Z,2026-09-24T10:26:01Z,rtt_p50_ms,0.480255,ms
s1,latency-loaded,GG,1,baseline-s1-latency-loaded-gg-r1-20260924T102543Z,2026-09-24T10:26:01Z,rtt_p90_ms,2.203647,ms
s1,latency-loaded,GG,1,baseline-s1-latency-loaded-gg-r1-20260924T102543Z,2026-09-24T10:26:01Z,rtt_p99_ms,87.818239,ms
s1,latency-loaded,GG,1,baseline-s1-latency-loaded-gg-r1-20260924T102543Z,2026-09-24T10:26:01Z,rtt_max_ms,420.778468,ms
s1,latency-loaded,GG,1,baseline-s1-latency-loaded-gg-r1-20260924T102543Z,2026-09-24T10:26:01Z,rtt_errors,0,count
s1,latency-loaded,GG,1,baseline-s1-latency-loaded-gg-r1-20260924T102543Z,2026-09-24T10:26:01Z,goodput_mbit_s,100.653,Mbit/s
s1,latency-loaded,GG,1,baseline-s1-latency-loaded-gg-r1-20260924T102543Z,2026-09-24T10:26:01Z,cpu_s_per_gb_cli,37.0343526204,s/GB
s1,latency-loaded,GG,1,baseline-s1-latency-loaded-gg-r1-20260924T102543Z,2026-09-24T10:26:01Z,cpu_s_per_gb_srv,24.3186950684,s/GB
s1,latency-loaded,GG,1,baseline-s1-latency-loaded-gg-r1-20260924T102543Z,2026-09-24T10:26:01Z,cpu_s_per_gb_total,61.3530476888,s/GB
s1,latency-loaded,GG,1,baseline-s1-latency-loaded-gg-r1-20260924T102543Z,2026-09-24T10:26:01Z,rss_kb_cli,49456,kB
s1,latency-loaded,GG,1,baseline-s1-latency-loaded-gg-r1-20260924T102543Z,2026-09-24T10:26:01Z,rss_kb_srv,60196,kB
s1,latency-loaded,GG,1,baseline-s1-latency-loaded-gg-r1-20260924T102543Z,2026-09-24T10:26:01Z,hwm_kb_cli,49456,kB
s1,latency-loaded,GG,1,baseline-s1-latency-loaded-gg-r1-20260924T102543Z,2026-09-24T10:26:01Z,hwm_kb_srv,60196,kB
s1,latency-loaded,GG,1,baseline-s1-latency-loaded-gg-r1-20260924T102543Z,2026-09-24T10:26:01Z,out_segs_cli,396885,segments
s1,latency-loaded,GG,1,baseline-s1-latency-loaded-gg-r1-20260924T102543Z,2026-09-24T10:26:01Z,out_segs_srv,180347,segments
s1,latency-loaded,GG,1,baseline-s1-latency-loaded-gg-r1-20260924T102543Z,2026-09-24T10:26:01Z,retrans_pct_cli,42.320319488,% of OutSegs
s1,latency-loaded,GG,1,baseline-s1-latency-loaded-gg-r1-20260924T102543Z,2026-09-24T10:26:01Z,retrans_pct_srv,0.0060993529141,% of OutSegs
s1,latency-loaded,GG,1,baseline-s1-latency-loaded-gg-r1-20260924T102543Z,2026-09-24T10:26:01Z,retrans_segs_cli,167963,segments
s1,latency-loaded,GG,1,baseline-s1-latency-loaded-gg-r1-20260924T102543Z,2026-09-24T10:26:01Z,retrans_segs_srv,11,segments
s1,latency-loaded,GG,1,baseline-s1-latency-loaded-gg-r1-20260924T102543Z,2026-09-24T10:26:01Z,fast_retrans_segs_cli,89328,segments
s1,latency-loaded,GG,1,baseline-s1-latency-loaded-gg-r1-20260924T102543Z,2026-09-24T10:26:01Z,fast_retrans_segs_srv,0,segments
s1,latency-loaded,GG,1,baseline-s1-latency-loaded-gg-r1-20260924T102543Z,2026-09-24T10:26:01Z,early_retrans_segs_cli,1539,segments
s1,latency-loaded,GG,1,baseline-s1-latency-loaded-gg-r1-20260924T102543Z,2026-09-24T10:26:01Z,early_retrans_segs_srv,0,segments
s1,latency-loaded,GG,1,baseline-s1-latency-loaded-gg-r1-20260924T102543Z,2026-09-24T10:26:01Z,lost_segs_cli,77096,segments
s1,latency-loaded,GG,1,baseline-s1-latency-loaded-gg-r1-20260924T102543Z,2026-09-24T10:26:01Z,lost_segs_srv,11,segments
s1,latency-loaded,GG,1,baseline-s1-latency-loaded-gg-r1-20260924T102543Z,2026-09-24T10:26:01Z,repeat_segs_cli,11,segments
s1,latency-loaded,GG,1,baseline-s1-latency-loaded-gg-r1-20260924T102543Z,2026-09-24T10:26:01Z,repeat_segs_srv,8179,segments
s1,latency-loaded,RR,1,baseline-s1-latency-loaded-rr-r1-20260924T102543Z,2026-09-24T10:26:38Z,rtt_p50_ms,0.255487,ms
s1,latency-loaded,RR,1,baseline-s1-latency-loaded-rr-r1-20260924T102543Z,2026-09-24T10:26:38Z,rtt_p90_ms,0.422911,ms
s1,latency-loaded,RR,1,baseline-s1-latency-loaded-rr-r1-20260924T102543Z,2026-09-24T10:26:38Z,rtt_p99_ms,16.089087,ms
s1,latency-loaded,RR,1,baseline-s1-latency-loaded-rr-r1-20260924T102543Z,2026-09-24T10:26:38Z,rtt_max_ms,130.984037,ms
s1,latency-loaded,RR,1,baseline-s1-latency-loaded-rr-r1-20260924T102543Z,2026-09-24T10:26:38Z,rtt_errors,0,count
s1,latency-loaded,RR,1,baseline-s1-latency-loaded-rr-r1-20260924T102543Z,2026-09-24T10:26:38Z,goodput_mbit_s,130.851,Mbit/s
s1,latency-loaded,RR,1,baseline-s1-latency-loaded-rr-r1-20260924T102543Z,2026-09-24T10:26:38Z,cpu_s_per_gb_cli,24.0863897862,s/GB
s1,latency-loaded,RR,1,baseline-s1-latency-loaded-rr-r1-20260924T102543Z,2026-09-24T10:26:38Z,cpu_s_per_gb_srv,19.8682149251,s/GB
s1,latency-loaded,RR,1,baseline-s1-latency-loaded-rr-r1-20260924T102543Z,2026-09-24T10:26:38Z,cpu_s_per_gb_total,43.9546047113,s/GB
s1,latency-loaded,RR,1,baseline-s1-latency-loaded-rr-r1-20260924T102543Z,2026-09-24T10:26:38Z,rss_kb_cli,17500,kB
s1,latency-loaded,RR,1,baseline-s1-latency-loaded-rr-r1-20260924T102543Z,2026-09-24T10:26:38Z,rss_kb_srv,12548,kB
s1,latency-loaded,RR,1,baseline-s1-latency-loaded-rr-r1-20260924T102543Z,2026-09-24T10:26:38Z,hwm_kb_cli,17612,kB
s1,latency-loaded,RR,1,baseline-s1-latency-loaded-rr-r1-20260924T102543Z,2026-09-24T10:26:38Z,hwm_kb_srv,12548,kB
s1,latency-loaded,RR,1,baseline-s1-latency-loaded-rr-r1-20260924T102543Z,2026-09-24T10:26:38Z,out_segs_cli,483833,segments
s1,latency-loaded,RR,1,baseline-s1-latency-loaded-rr-r1-20260924T102543Z,2026-09-24T10:26:38Z,out_segs_srv,252020,segments
s1,latency-loaded,RR,1,baseline-s1-latency-loaded-rr-r1-20260924T102543Z,2026-09-24T10:26:38Z,retrans_pct_cli,33.1215522711,% of OutSegs
s1,latency-loaded,RR,1,baseline-s1-latency-loaded-rr-r1-20260924T102543Z,2026-09-24T10:26:38Z,retrans_pct_srv,0.00119038171574,% of OutSegs
s1,latency-loaded,RR,1,baseline-s1-latency-loaded-rr-r1-20260924T102543Z,2026-09-24T10:26:38Z,retrans_segs_cli,160253,segments
s1,latency-loaded,RR,1,baseline-s1-latency-loaded-rr-r1-20260924T102543Z,2026-09-24T10:26:38Z,retrans_segs_srv,3,segments
s1,latency-loaded,RR,1,baseline-s1-latency-loaded-rr-r1-20260924T102543Z,2026-09-24T10:26:38Z,fast_retrans_segs_cli,101947,segments
s1,latency-loaded,RR,1,baseline-s1-latency-loaded-rr-r1-20260924T102543Z,2026-09-24T10:26:38Z,fast_retrans_segs_srv,0,segments
s1,latency-loaded,RR,1,baseline-s1-latency-loaded-rr-r1-20260924T102543Z,2026-09-24T10:26:38Z,early_retrans_segs_cli,1154,segments
s1,latency-loaded,RR,1,baseline-s1-latency-loaded-rr-r1-20260924T102543Z,2026-09-24T10:26:38Z,early_retrans_segs_srv,0,segments
s1,latency-loaded,RR,1,baseline-s1-latency-loaded-rr-r1-20260924T102543Z,2026-09-24T10:26:38Z,lost_segs_cli,57152,segments
s1,latency-loaded,RR,1,baseline-s1-latency-loaded-rr-r1-20260924T102543Z,2026-09-24T10:26:38Z,lost_segs_srv,3,segments
s1,latency-loaded,RR,1,baseline-s1-latency-loaded-rr-r1-20260924T102543Z,2026-09-24T10:26:38Z,repeat_segs_cli,3,segments
s1,latency-loaded,RR,1,baseline-s1-latency-loaded-rr-r1-20260924T102543Z,2026-09-24T10:26:38Z,repeat_segs_srv,11314,segments
s1,latency-loaded,GG,2,baseline-s1-latency-loaded-gg-r2-20260924T102543Z,2026-09-24T10:27:14Z,rtt_p50_ms,0.463871,ms
s1,latency-loaded,GG,2,baseline-s1-latency-loaded-gg-r2-20260924T102543Z,2026-09-24T10:27:14Z,rtt_p90_ms,1.200127,ms
s1,latency-loaded,GG,2,baseline-s1-latency-loaded-gg-r2-20260924T102543Z,2026-09-24T10:27:14Z,rtt_p99_ms,77.332479,ms
s1,latency-loaded,GG,2,baseline-s1-latency-loaded-gg-r2-20260924T102543Z,2026-09-24T10:27:14Z,rtt_max_ms,346.970262,ms
s1,latency-loaded,GG,2,baseline-s1-latency-loaded-gg-r2-20260924T102543Z,2026-09-24T10:27:14Z,rtt_errors,0,count
s1,latency-loaded,GG,2,baseline-s1-latency-loaded-gg-r2-20260924T102543Z,2026-09-24T10:27:14Z,goodput_mbit_s,97.3,Mbit/s
s1,latency-loaded,GG,2,baseline-s1-latency-loaded-gg-r2-20260924T102543Z,2026-09-24T10:27:14Z,cpu_s_per_gb_cli,40.07898528,s/GB
s1,latency-loaded,GG,2,baseline-s1-latency-loaded-gg-r2-20260924T102543Z,2026-09-24T10:27:14Z,cpu_s_per_gb_srv,25.5272306245,s/GB
s1,latency-loaded,GG,2,baseline-s1-latency-loaded-gg-r2-20260924T102543Z,2026-09-24T10:27:14Z,cpu_s_per_gb_total,65.6062159045,s/GB
s1,latency-loaded,GG,2,baseline-s1-latency-loaded-gg-r2-20260924T102543Z,2026-09-24T10:27:14Z,rss_kb_cli,52160,kB
s1,latency-loaded,GG,2,baseline-s1-latency-loaded-gg-r2-20260924T102543Z,2026-09-24T10:27:14Z,rss_kb_srv,55952,kB
s1,latency-loaded,GG,2,baseline-s1-latency-loaded-gg-r2-20260924T102543Z,2026-09-24T10:27:14Z,hwm_kb_cli,52160,kB
s1,latency-loaded,GG,2,baseline-s1-latency-loaded-gg-r2-20260924T102543Z,2026-09-24T10:27:14Z,hwm_kb_srv,56388,kB
s1,latency-loaded,GG,2,baseline-s1-latency-loaded-gg-r2-20260924T102543Z,2026-09-24T10:27:14Z,out_segs_cli,431369,segments
s1,latency-loaded,GG,2,baseline-s1-latency-loaded-gg-r2-20260924T102543Z,2026-09-24T10:27:14Z,out_segs_srv,173021,segments
s1,latency-loaded,GG,2,baseline-s1-latency-loaded-gg-r2-20260924T102543Z,2026-09-24T10:27:14Z,retrans_pct_cli,47.8550846259,% of OutSegs
s1,latency-loaded,GG,2,baseline-s1-latency-loaded-gg-r2-20260924T102543Z,2026-09-24T10:27:14Z,retrans_pct_srv,0.00577964524537,% of OutSegs
s1,latency-loaded,GG,2,baseline-s1-latency-loaded-gg-r2-20260924T102543Z,2026-09-24T10:27:14Z,retrans_segs_cli,206432,segments
s1,latency-loaded,GG,2,baseline-s1-latency-loaded-gg-r2-20260924T102543Z,2026-09-24T10:27:14Z,retrans_segs_srv,10,segments
s1,latency-loaded,GG,2,baseline-s1-latency-loaded-gg-r2-20260924T102543Z,2026-09-24T10:27:14Z,fast_retrans_segs_cli,101957,segments
s1,latency-loaded,GG,2,baseline-s1-latency-loaded-gg-r2-20260924T102543Z,2026-09-24T10:27:14Z,fast_retrans_segs_srv,0,segments
s1,latency-loaded,GG,2,baseline-s1-latency-loaded-gg-r2-20260924T102543Z,2026-09-24T10:27:14Z,early_retrans_segs_cli,6763,segments
s1,latency-loaded,GG,2,baseline-s1-latency-loaded-gg-r2-20260924T102543Z,2026-09-24T10:27:14Z,early_retrans_segs_srv,0,segments
s1,latency-loaded,GG,2,baseline-s1-latency-loaded-gg-r2-20260924T102543Z,2026-09-24T10:27:14Z,lost_segs_cli,97712,segments
s1,latency-loaded,GG,2,baseline-s1-latency-loaded-gg-r2-20260924T102543Z,2026-09-24T10:27:14Z,lost_segs_srv,10,segments
s1,latency-loaded,GG,2,baseline-s1-latency-loaded-gg-r2-20260924T102543Z,2026-09-24T10:27:14Z,repeat_segs_cli,10,segments
s1,latency-loaded,GG,2,baseline-s1-latency-loaded-gg-r2-20260924T102543Z,2026-09-24T10:27:14Z,repeat_segs_srv,8390,segments
s1,latency-loaded,RR,2,baseline-s1-latency-loaded-rr-r2-20260924T102543Z,2026-09-24T10:27:51Z,rtt_p50_ms,0.252415,ms
s1,latency-loaded,RR,2,baseline-s1-latency-loaded-rr-r2-20260924T102543Z,2026-09-24T10:27:51Z,rtt_p90_ms,0.422911,ms
s1,latency-loaded,RR,2,baseline-s1-latency-loaded-rr-r2-20260924T102543Z,2026-09-24T10:27:51Z,rtt_p99_ms,15.106047,ms
s1,latency-loaded,RR,2,baseline-s1-latency-loaded-rr-r2-20260924T102543Z,2026-09-24T10:27:51Z,rtt_max_ms,335.804854,ms
s1,latency-loaded,RR,2,baseline-s1-latency-loaded-rr-r2-20260924T102543Z,2026-09-24T10:27:51Z,rtt_errors,0,count
s1,latency-loaded,RR,2,baseline-s1-latency-loaded-rr-r2-20260924T102543Z,2026-09-24T10:27:51Z,goodput_mbit_s,137.561,Mbit/s
s1,latency-loaded,RR,2,baseline-s1-latency-loaded-rr-r2-20260924T102543Z,2026-09-24T10:27:51Z,cpu_s_per_gb_cli,23.8127824737,s/GB
s1,latency-loaded,RR,2,baseline-s1-latency-loaded-rr-r2-20260924T102543Z,2026-09-24T10:27:51Z,cpu_s_per_gb_srv,18.7827319634,s/GB
s1,latency-loaded,RR,2,baseline-s1-latency-loaded-rr-r2-20260924T102543Z,2026-09-24T10:27:51Z,cpu_s_per_gb_total,42.595514437,s/GB
s1,latency-loaded,RR,2,baseline-s1-latency-loaded-rr-r2-20260924T102543Z,2026-09-24T10:27:51Z,rss_kb_cli,17304,kB
s1,latency-loaded,RR,2,baseline-s1-latency-loaded-rr-r2-20260924T102543Z,2026-09-24T10:27:51Z,rss_kb_srv,12608,kB
s1,latency-loaded,RR,2,baseline-s1-latency-loaded-rr-r2-20260924T102543Z,2026-09-24T10:27:51Z,hwm_kb_cli,17772,kB
s1,latency-loaded,RR,2,baseline-s1-latency-loaded-rr-r2-20260924T102543Z,2026-09-24T10:27:51Z,hwm_kb_srv,14868,kB
s1,latency-loaded,RR,2,baseline-s1-latency-loaded-rr-r2-20260924T102543Z,2026-09-24T10:27:51Z,out_segs_cli,499137,segments
s1,latency-loaded,RR,2,baseline-s1-latency-loaded-rr-r2-20260924T102543Z,2026-09-24T10:27:51Z,out_segs_srv,275149,segments
s1,latency-loaded,RR,2,baseline-s1-latency-loaded-rr-r2-20260924T102543Z,2026-09-24T10:27:51Z,retrans_pct_cli,32.2017802728,% of OutSegs
s1,latency-loaded,RR,2,baseline-s1-latency-loaded-rr-r2-20260924T102543Z,2026-09-24T10:27:51Z,retrans_pct_srv,0.00181719722768,% of OutSegs
s1,latency-loaded,RR,2,baseline-s1-latency-loaded-rr-r2-20260924T102543Z,2026-09-24T10:27:51Z,retrans_segs_cli,160731,segments
s1,latency-loaded,RR,2,baseline-s1-latency-loaded-rr-r2-20260924T102543Z,2026-09-24T10:27:51Z,retrans_segs_srv,5,segments
s1,latency-loaded,RR,2,baseline-s1-latency-loaded-rr-r2-20260924T102543Z,2026-09-24T10:27:51Z,fast_retrans_segs_cli,102156,segments
s1,latency-loaded,RR,2,baseline-s1-latency-loaded-rr-r2-20260924T102543Z,2026-09-24T10:27:51Z,fast_retrans_segs_srv,0,segments
s1,latency-loaded,RR,2,baseline-s1-latency-loaded-rr-r2-20260924T102543Z,2026-09-24T10:27:51Z,early_retrans_segs_cli,1801,segments
s1,latency-loaded,RR,2,baseline-s1-latency-loaded-rr-r2-20260924T102543Z,2026-09-24T10:27:51Z,early_retrans_segs_srv,0,segments
s1,latency-loaded,RR,2,baseline-s1-latency-loaded-rr-r2-20260924T102543Z,2026-09-24T10:27:51Z,lost_segs_cli,56774,segments
s1,latency-loaded,RR,2,baseline-s1-latency-loaded-rr-r2-20260924T102543Z,2026-09-24T10:27:51Z,lost_segs_srv,5,segments
s1,latency-loaded,RR,2,baseline-s1-latency-loaded-rr-r2-20260924T102543Z,2026-09-24T10:27:51Z,repeat_segs_cli,5,segments
s1,latency-loaded,RR,2,baseline-s1-latency-loaded-rr-r2-20260924T102543Z,2026-09-24T10:27:51Z,repeat_segs_srv,7414,segments
s1,latency-loaded,GG,3,baseline-s1-latency-loaded-gg-r3-20260924T102543Z,2026-09-24T10:28:27Z,rtt_p50_ms,0.465919,ms
s1,latency-loaded,GG,3,baseline-s1-latency-loaded-gg-r3-20260924T102543Z,2026-09-24T10:28:27Z,rtt_p90_ms,1.396735,ms
s1,latency-loaded,GG,3,baseline-s1-latency-loaded-gg-r3-20260924T102543Z,2026-09-24T10:28:27Z,rtt_p99_ms,80.478207,ms
s1,latency-loaded,GG,3,baseline-s1-latency-loaded-gg-r3-20260924T102543Z,2026-09-24T10:28:27Z,rtt_max_ms,422.271732,ms
s1,latency-loaded,GG,3,baseline-s1-latency-loaded-gg-r3-20260924T102543Z,2026-09-24T10:28:27Z,rtt_errors,0,count
s1,latency-loaded,GG,3,baseline-s1-latency-loaded-gg-r3-20260924T102543Z,2026-09-24T10:28:27Z,goodput_mbit_s,83.871,Mbit/s
s1,latency-loaded,GG,3,baseline-s1-latency-loaded-gg-r3-20260924T102543Z,2026-09-24T10:28:27Z,cpu_s_per_gb_cli,46.8730926514,s/GB
s1,latency-loaded,GG,3,baseline-s1-latency-loaded-gg-r3-20260924T102543Z,2026-09-24T10:28:27Z,cpu_s_per_gb_srv,27.7996063232,s/GB
s1,latency-loaded,GG,3,baseline-s1-latency-loaded-gg-r3-20260924T102543Z,2026-09-24T10:28:27Z,cpu_s_per_gb_total,74.6726989746,s/GB
s1,latency-loaded,GG,3,baseline-s1-latency-loaded-gg-r3-20260924T102543Z,2026-09-24T10:28:27Z,rss_kb_cli,51444,kB
s1,latency-loaded,GG,3,baseline-s1-latency-loaded-gg-r3-20260924T102543Z,2026-09-24T10:28:27Z,rss_kb_srv,47912,kB
s1,latency-loaded,GG,3,baseline-s1-latency-loaded-gg-r3-20260924T102543Z,2026-09-24T10:28:27Z,hwm_kb_cli,51444,kB
s1,latency-loaded,GG,3,baseline-s1-latency-loaded-gg-r3-20260924T102543Z,2026-09-24T10:28:27Z,hwm_kb_srv,50812,kB
s1,latency-loaded,GG,3,baseline-s1-latency-loaded-gg-r3-20260924T102543Z,2026-09-24T10:28:27Z,out_segs_cli,408143,segments
s1,latency-loaded,GG,3,baseline-s1-latency-loaded-gg-r3-20260924T102543Z,2026-09-24T10:28:27Z,out_segs_srv,160096,segments
s1,latency-loaded,GG,3,baseline-s1-latency-loaded-gg-r3-20260924T102543Z,2026-09-24T10:28:27Z,retrans_pct_cli,52.1775456151,% of OutSegs
s1,latency-loaded,GG,3,baseline-s1-latency-loaded-gg-r3-20260924T102543Z,2026-09-24T10:28:27Z,retrans_pct_srv,0.00874475314811,% of OutSegs
s1,latency-loaded,GG,3,baseline-s1-latency-loaded-gg-r3-20260924T102543Z,2026-09-24T10:28:27Z,retrans_segs_cli,212959,segments
s1,latency-loaded,GG,3,baseline-s1-latency-loaded-gg-r3-20260924T102543Z,2026-09-24T10:28:27Z,retrans_segs_srv,14,segments
s1,latency-loaded,GG,3,baseline-s1-latency-loaded-gg-r3-20260924T102543Z,2026-09-24T10:28:27Z,fast_retrans_segs_cli,90075,segments
s1,latency-loaded,GG,3,baseline-s1-latency-loaded-gg-r3-20260924T102543Z,2026-09-24T10:28:27Z,fast_retrans_segs_srv,0,segments
s1,latency-loaded,GG,3,baseline-s1-latency-loaded-gg-r3-20260924T102543Z,2026-09-24T10:28:27Z,early_retrans_segs_cli,5829,segments
s1,latency-loaded,GG,3,baseline-s1-latency-loaded-gg-r3-20260924T102543Z,2026-09-24T10:28:27Z,early_retrans_segs_srv,0,segments
s1,latency-loaded,GG,3,baseline-s1-latency-loaded-gg-r3-20260924T102543Z,2026-09-24T10:28:27Z,lost_segs_cli,117055,segments
s1,latency-loaded,GG,3,baseline-s1-latency-loaded-gg-r3-20260924T102543Z,2026-09-24T10:28:27Z,lost_segs_srv,14,segments
s1,latency-loaded,GG,3,baseline-s1-latency-loaded-gg-r3-20260924T102543Z,2026-09-24T10:28:27Z,repeat_segs_cli,14,segments
s1,latency-loaded,GG,3,baseline-s1-latency-loaded-gg-r3-20260924T102543Z,2026-09-24T10:28:27Z,repeat_segs_srv,10012,segments
s1,latency-loaded,RR,3,baseline-s1-latency-loaded-rr-r3-20260924T102543Z,2026-09-24T10:29:04Z,rtt_p50_ms,0.249343,ms
s1,latency-loaded,RR,3,baseline-s1-latency-loaded-rr-r3-20260924T102543Z,2026-09-24T10:29:04Z,rtt_p90_ms,0.490495,ms
s1,latency-loaded,RR,3,baseline-s1-latency-loaded-rr-r3-20260924T102543Z,2026-09-24T10:29:04Z,rtt_p99_ms,18.022399,ms
s1,latency-loaded,RR,3,baseline-s1-latency-loaded-rr-r3-20260924T102543Z,2026-09-24T10:29:04Z,rtt_max_ms,135.701858,ms
s1,latency-loaded,RR,3,baseline-s1-latency-loaded-rr-r3-20260924T102543Z,2026-09-24T10:29:04Z,rtt_errors,0,count
s1,latency-loaded,RR,3,baseline-s1-latency-loaded-rr-r3-20260924T102543Z,2026-09-24T10:29:04Z,goodput_mbit_s,134.199,Mbit/s
s1,latency-loaded,RR,3,baseline-s1-latency-loaded-rr-r3-20260924T102543Z,2026-09-24T10:29:04Z,cpu_s_per_gb_cli,23.752450943,s/GB
s1,latency-loaded,RR,3,baseline-s1-latency-loaded-rr-r3-20260924T102543Z,2026-09-24T10:29:04Z,cpu_s_per_gb_srv,19.3119049072,s/GB
s1,latency-loaded,RR,3,baseline-s1-latency-loaded-rr-r3-20260924T102543Z,2026-09-24T10:29:04Z,cpu_s_per_gb_total,43.0643558502,s/GB
s1,latency-loaded,RR,3,baseline-s1-latency-loaded-rr-r3-20260924T102543Z,2026-09-24T10:29:04Z,rss_kb_cli,13756,kB
s1,latency-loaded,RR,3,baseline-s1-latency-loaded-rr-r3-20260924T102543Z,2026-09-24T10:29:04Z,rss_kb_srv,11592,kB
s1,latency-loaded,RR,3,baseline-s1-latency-loaded-rr-r3-20260924T102543Z,2026-09-24T10:29:04Z,hwm_kb_cli,17712,kB
s1,latency-loaded,RR,3,baseline-s1-latency-loaded-rr-r3-20260924T102543Z,2026-09-24T10:29:04Z,hwm_kb_srv,12892,kB
s1,latency-loaded,RR,3,baseline-s1-latency-loaded-rr-r3-20260924T102543Z,2026-09-24T10:29:04Z,out_segs_cli,501154,segments
s1,latency-loaded,RR,3,baseline-s1-latency-loaded-rr-r3-20260924T102543Z,2026-09-24T10:29:04Z,out_segs_srv,260337,segments
s1,latency-loaded,RR,3,baseline-s1-latency-loaded-rr-r3-20260924T102543Z,2026-09-24T10:29:04Z,retrans_pct_cli,34.2585313097,% of OutSegs
s1,latency-loaded,RR,3,baseline-s1-latency-loaded-rr-r3-20260924T102543Z,2026-09-24T10:29:04Z,retrans_pct_srv,0.00230470505537,% of OutSegs
s1,latency-loaded,RR,3,baseline-s1-latency-loaded-rr-r3-20260924T102543Z,2026-09-24T10:29:04Z,retrans_segs_cli,171688,segments
s1,latency-loaded,RR,3,baseline-s1-latency-loaded-rr-r3-20260924T102543Z,2026-09-24T10:29:04Z,retrans_segs_srv,6,segments
s1,latency-loaded,RR,3,baseline-s1-latency-loaded-rr-r3-20260924T102543Z,2026-09-24T10:29:04Z,fast_retrans_segs_cli,109002,segments
s1,latency-loaded,RR,3,baseline-s1-latency-loaded-rr-r3-20260924T102543Z,2026-09-24T10:29:04Z,fast_retrans_segs_srv,0,segments
s1,latency-loaded,RR,3,baseline-s1-latency-loaded-rr-r3-20260924T102543Z,2026-09-24T10:29:04Z,early_retrans_segs_cli,173,segments
s1,latency-loaded,RR,3,baseline-s1-latency-loaded-rr-r3-20260924T102543Z,2026-09-24T10:29:04Z,early_retrans_segs_srv,0,segments
s1,latency-loaded,RR,3,baseline-s1-latency-loaded-rr-r3-20260924T102543Z,2026-09-24T10:29:04Z,lost_segs_cli,62513,segments
s1,latency-loaded,RR,3,baseline-s1-latency-loaded-rr-r3-20260924T102543Z,2026-09-24T10:29:04Z,lost_segs_srv,6,segments
s1,latency-loaded,RR,3,baseline-s1-latency-loaded-rr-r3-20260924T102543Z,2026-09-24T10:29:04Z,repeat_segs_cli,6,segments
s1,latency-loaded,RR,3,baseline-s1-latency-loaded-rr-r3-20260924T102543Z,2026-09-24T10:29:04Z,repeat_segs_srv,7516,segments
s1,latency-loaded,GG,4,baseline-s1-latency-loaded-gg-r4-20260924T102543Z,2026-09-24T10:29:40Z,rtt_p50_ms,0.443391,ms
s1,latency-loaded,GG,4,baseline-s1-latency-loaded-gg-r4-20260924T102543Z,2026-09-24T10:29:40Z,rtt_p90_ms,1.060863,ms
s1,latency-loaded,GG,4,baseline-s1-latency-loaded-gg-r4-20260924T102543Z,2026-09-24T10:29:40Z,rtt_p99_ms,53.084159,ms
s1,latency-loaded,GG,4,baseline-s1-latency-loaded-gg-r4-20260924T102543Z,2026-09-24T10:29:40Z,rtt_max_ms,615.471049,ms
s1,latency-loaded,GG,4,baseline-s1-latency-loaded-gg-r4-20260924T102543Z,2026-09-24T10:29:40Z,rtt_errors,0,count
s1,latency-loaded,GG,4,baseline-s1-latency-loaded-gg-r4-20260924T102543Z,2026-09-24T10:29:40Z,goodput_mbit_s,87.235,Mbit/s
s1,latency-loaded,GG,4,baseline-s1-latency-loaded-gg-r4-20260924T102543Z,2026-09-24T10:29:40Z,cpu_s_per_gb_cli,44.0157376803,s/GB
s1,latency-loaded,GG,4,baseline-s1-latency-loaded-gg-r4-20260924T102543Z,2026-09-24T10:29:40Z,cpu_s_per_gb_srv,27.1888879629,s/GB
s1,latency-loaded,GG,4,baseline-s1-latency-loaded-gg-r4-20260924T102543Z,2026-09-24T10:29:40Z,cpu_s_per_gb_total,71.2046256432,s/GB
s1,latency-loaded,GG,4,baseline-s1-latency-loaded-gg-r4-20260924T102543Z,2026-09-24T10:29:40Z,rss_kb_cli,50184,kB
s1,latency-loaded,GG,4,baseline-s1-latency-loaded-gg-r4-20260924T102543Z,2026-09-24T10:29:40Z,rss_kb_srv,54104,kB
s1,latency-loaded,GG,4,baseline-s1-latency-loaded-gg-r4-20260924T102543Z,2026-09-24T10:29:40Z,hwm_kb_cli,50184,kB
s1,latency-loaded,GG,4,baseline-s1-latency-loaded-gg-r4-20260924T102543Z,2026-09-24T10:29:40Z,hwm_kb_srv,54992,kB
s1,latency-loaded,GG,4,baseline-s1-latency-loaded-gg-r4-20260924T102543Z,2026-09-24T10:29:40Z,out_segs_cli,415215,segments
s1,latency-loaded,GG,4,baseline-s1-latency-loaded-gg-r4-20260924T102543Z,2026-09-24T10:29:40Z,out_segs_srv,161029,segments
s1,latency-loaded,GG,4,baseline-s1-latency-loaded-gg-r4-20260924T102543Z,2026-09-24T10:29:40Z,retrans_pct_cli,49.8197319461,% of OutSegs
s1,latency-loaded,GG,4,baseline-s1-latency-loaded-gg-r4-20260924T102543Z,2026-09-24T10:29:40Z,retrans_pct_srv,0.0043470430792,% of OutSegs
s1,latency-loaded,GG,4,baseline-s1-latency-loaded-gg-r4-20260924T102543Z,2026-09-24T10:29:40Z,retrans_segs_cli,206859,segments
s1,latency-loaded,GG,4,baseline-s1-latency-loaded-gg-r4-20260924T102543Z,2026-09-24T10:29:40Z,retrans_segs_srv,7,segments
s1,latency-loaded,GG,4,baseline-s1-latency-loaded-gg-r4-20260924T102543Z,2026-09-24T10:29:40Z,fast_retrans_segs_cli,95798,segments
s1,latency-loaded,GG,4,baseline-s1-latency-loaded-gg-r4-20260924T102543Z,2026-09-24T10:29:40Z,fast_retrans_segs_srv,0,segments
s1,latency-loaded,GG,4,baseline-s1-latency-loaded-gg-r4-20260924T102543Z,2026-09-24T10:29:40Z,early_retrans_segs_cli,7976,segments
s1,latency-loaded,GG,4,baseline-s1-latency-loaded-gg-r4-20260924T102543Z,2026-09-24T10:29:40Z,early_retrans_segs_srv,0,segments
s1,latency-loaded,GG,4,baseline-s1-latency-loaded-gg-r4-20260924T102543Z,2026-09-24T10:29:40Z,lost_segs_cli,103085,segments
s1,latency-loaded,GG,4,baseline-s1-latency-loaded-gg-r4-20260924T102543Z,2026-09-24T10:29:40Z,lost_segs_srv,7,segments
s1,latency-loaded,GG,4,baseline-s1-latency-loaded-gg-r4-20260924T102543Z,2026-09-24T10:29:40Z,repeat_segs_cli,7,segments
s1,latency-loaded,GG,4,baseline-s1-latency-loaded-gg-r4-20260924T102543Z,2026-09-24T10:29:40Z,repeat_segs_srv,7838,segments
s1,latency-loaded,RR,4,baseline-s1-latency-loaded-rr-r4-20260924T102543Z,2026-09-24T10:30:17Z,rtt_p50_ms,0.231935,ms
s1,latency-loaded,RR,4,baseline-s1-latency-loaded-rr-r4-20260924T102543Z,2026-09-24T10:30:17Z,rtt_p90_ms,0.343039,ms
s1,latency-loaded,RR,4,baseline-s1-latency-loaded-rr-r4-20260924T102543Z,2026-09-24T10:30:17Z,rtt_p99_ms,13.402111,ms
s1,latency-loaded,RR,4,baseline-s1-latency-loaded-rr-r4-20260924T102543Z,2026-09-24T10:30:17Z,rtt_max_ms,316.674154,ms
s1,latency-loaded,RR,4,baseline-s1-latency-loaded-rr-r4-20260924T102543Z,2026-09-24T10:30:17Z,rtt_errors,0,count
s1,latency-loaded,RR,4,baseline-s1-latency-loaded-rr-r4-20260924T102543Z,2026-09-24T10:30:17Z,goodput_mbit_s,130.85,Mbit/s
s1,latency-loaded,RR,4,baseline-s1-latency-loaded-rr-r4-20260924T102543Z,2026-09-24T10:30:17Z,cpu_s_per_gb_cli,24.1169562707,s/GB
s1,latency-loaded,RR,4,baseline-s1-latency-loaded-rr-r4-20260924T102543Z,2026-09-24T10:30:17Z,cpu_s_per_gb_srv,19.8682149251,s/GB
s1,latency-loaded,RR,4,baseline-s1-latency-loaded-rr-r4-20260924T102543Z,2026-09-24T10:30:17Z,cpu_s_per_gb_total,43.9851711958,s/GB
s1,latency-loaded,RR,4,baseline-s1-latency-loaded-rr-r4-20260924T102543Z,2026-09-24T10:30:17Z,rss_kb_cli,16624,kB
s1,latency-loaded,RR,4,baseline-s1-latency-loaded-rr-r4-20260924T102543Z,2026-09-24T10:30:17Z,rss_kb_srv,12600,kB
s1,latency-loaded,RR,4,baseline-s1-latency-loaded-rr-r4-20260924T102543Z,2026-09-24T10:30:17Z,hwm_kb_cli,17680,kB
s1,latency-loaded,RR,4,baseline-s1-latency-loaded-rr-r4-20260924T102543Z,2026-09-24T10:30:17Z,hwm_kb_srv,13364,kB
s1,latency-loaded,RR,4,baseline-s1-latency-loaded-rr-r4-20260924T102543Z,2026-09-24T10:30:17Z,out_segs_cli,499370,segments
s1,latency-loaded,RR,4,baseline-s1-latency-loaded-rr-r4-20260924T102543Z,2026-09-24T10:30:17Z,out_segs_srv,263632,segments
s1,latency-loaded,RR,4,baseline-s1-latency-loaded-rr-r4-20260924T102543Z,2026-09-24T10:30:17Z,retrans_pct_cli,33.2667160622,% of OutSegs
s1,latency-loaded,RR,4,baseline-s1-latency-loaded-rr-r4-20260924T102543Z,2026-09-24T10:30:17Z,retrans_pct_srv,0.00189658311586,% of OutSegs
s1,latency-loaded,RR,4,baseline-s1-latency-loaded-rr-r4-20260924T102543Z,2026-09-24T10:30:17Z,retrans_segs_cli,166124,segments
s1,latency-loaded,RR,4,baseline-s1-latency-loaded-rr-r4-20260924T102543Z,2026-09-24T10:30:17Z,retrans_segs_srv,5,segments
s1,latency-loaded,RR,4,baseline-s1-latency-loaded-rr-r4-20260924T102543Z,2026-09-24T10:30:17Z,fast_retrans_segs_cli,109676,segments
s1,latency-loaded,RR,4,baseline-s1-latency-loaded-rr-r4-20260924T102543Z,2026-09-24T10:30:17Z,fast_retrans_segs_srv,0,segments
s1,latency-loaded,RR,4,baseline-s1-latency-loaded-rr-r4-20260924T102543Z,2026-09-24T10:30:17Z,early_retrans_segs_cli,1565,segments
s1,latency-loaded,RR,4,baseline-s1-latency-loaded-rr-r4-20260924T102543Z,2026-09-24T10:30:17Z,early_retrans_segs_srv,0,segments
s1,latency-loaded,RR,4,baseline-s1-latency-loaded-rr-r4-20260924T102543Z,2026-09-24T10:30:17Z,lost_segs_cli,54883,segments
s1,latency-loaded,RR,4,baseline-s1-latency-loaded-rr-r4-20260924T102543Z,2026-09-24T10:30:17Z,lost_segs_srv,5,segments
s1,latency-loaded,RR,4,baseline-s1-latency-loaded-rr-r4-20260924T102543Z,2026-09-24T10:30:17Z,repeat_segs_cli,5,segments
s1,latency-loaded,RR,4,baseline-s1-latency-loaded-rr-r4-20260924T102543Z,2026-09-24T10:30:17Z,repeat_segs_srv,5202,segments
s1,latency-loaded,GG,5,baseline-s1-latency-loaded-gg-r5-20260924T102543Z,2026-09-24T10:30:53Z,rtt_p50_ms,0.447487,ms
s1,latency-loaded,GG,5,baseline-s1-latency-loaded-gg-r5-20260924T102543Z,2026-09-24T10:30:53Z,rtt_p90_ms,1.101823,ms
s1,latency-loaded,GG,5,baseline-s1-latency-loaded-gg-r5-20260924T102543Z,2026-09-24T10:30:53Z,rtt_p99_ms,65.667071,ms
s1,latency-loaded,GG,5,baseline-s1-latency-loaded-gg-r5-20260924T102543Z,2026-09-24T10:30:53Z,rtt_max_ms,412.519464,ms
s1,latency-loaded,GG,5,baseline-s1-latency-loaded-gg-r5-20260924T102543Z,2026-09-24T10:30:53Z,rtt_errors,0,count
s1,latency-loaded,GG,5,baseline-s1-latency-loaded-gg-r5-20260924T102543Z,2026-09-24T10:30:53Z,goodput_mbit_s,90.589,Mbit/s
s1,latency-loaded,GG,5,baseline-s1-latency-loaded-gg-r5-20260924T102543Z,2026-09-24T10:30:53Z,cpu_s_per_gb_cli,41.2817354555,s/GB
s1,latency-loaded,GG,5,baseline-s1-latency-loaded-gg-r5-20260924T102543Z,2026-09-24T10:30:53Z,cpu_s_per_gb_srv,27.1090754756,s/GB
s1,latency-loaded,GG,5,baseline-s1-latency-loaded-gg-r5-20260924T102543Z,2026-09-24T10:30:53Z,cpu_s_per_gb_total,68.3908109312,s/GB
s1,latency-loaded,GG,5,baseline-s1-latency-loaded-gg-r5-20260924T102543Z,2026-09-24T10:30:53Z,rss_kb_cli,47980,kB
s1,latency-loaded,GG,5,baseline-s1-latency-loaded-gg-r5-20260924T102543Z,2026-09-24T10:30:53Z,rss_kb_srv,51788,kB
s1,latency-loaded,GG,5,baseline-s1-latency-loaded-gg-r5-20260924T102543Z,2026-09-24T10:30:53Z,hwm_kb_cli,47980,kB
s1,latency-loaded,GG,5,baseline-s1-latency-loaded-gg-r5-20260924T102543Z,2026-09-24T10:30:53Z,hwm_kb_srv,51788,kB
s1,latency-loaded,GG,5,baseline-s1-latency-loaded-gg-r5-20260924T102543Z,2026-09-24T10:30:53Z,out_segs_cli,397192,segments
s1,latency-loaded,GG,5,baseline-s1-latency-loaded-gg-r5-20260924T102543Z,2026-09-24T10:30:53Z,out_segs_srv,169754,segments
s1,latency-loaded,GG,5,baseline-s1-latency-loaded-gg-r5-20260924T102543Z,2026-09-24T10:30:53Z,retrans_pct_cli,46.522085037,% of OutSegs
s1,latency-loaded,GG,5,baseline-s1-latency-loaded-gg-r5-20260924T102543Z,2026-09-24T10:30:53Z,retrans_pct_srv,0.00647996512601,% of OutSegs
s1,latency-loaded,GG,5,baseline-s1-latency-loaded-gg-r5-20260924T102543Z,2026-09-24T10:30:53Z,retrans_segs_cli,184782,segments
s1,latency-loaded,GG,5,baseline-s1-latency-loaded-gg-r5-20260924T102543Z,2026-09-24T10:30:53Z,retrans_segs_srv,11,segments
s1,latency-loaded,GG,5,baseline-s1-latency-loaded-gg-r5-20260924T102543Z,2026-09-24T10:30:53Z,fast_retrans_segs_cli,83458,segments
s1,latency-loaded,GG,5,baseline-s1-latency-loaded-gg-r5-20260924T102543Z,2026-09-24T10:30:53Z,fast_retrans_segs_srv,0,segments
s1,latency-loaded,GG,5,baseline-s1-latency-loaded-gg-r5-20260924T102543Z,2026-09-24T10:30:53Z,early_retrans_segs_cli,5976,segments
s1,latency-loaded,GG,5,baseline-s1-latency-loaded-gg-r5-20260924T102543Z,2026-09-24T10:30:53Z,early_retrans_segs_srv,0,segments
s1,latency-loaded,GG,5,baseline-s1-latency-loaded-gg-r5-20260924T102543Z,2026-09-24T10:30:53Z,lost_segs_cli,95348,segments
s1,latency-loaded,GG,5,baseline-s1-latency-loaded-gg-r5-20260924T102543Z,2026-09-24T10:30:53Z,lost_segs_srv,11,segments
s1,latency-loaded,GG,5,baseline-s1-latency-loaded-gg-r5-20260924T102543Z,2026-09-24T10:30:53Z,repeat_segs_cli,11,segments
s1,latency-loaded,GG,5,baseline-s1-latency-loaded-gg-r5-20260924T102543Z,2026-09-24T10:30:53Z,repeat_segs_srv,8910,segments
s1,latency-loaded,RR,5,baseline-s1-latency-loaded-rr-r5-20260924T102543Z,2026-09-24T10:31:30Z,rtt_p50_ms,0.250367,ms
s1,latency-loaded,RR,5,baseline-s1-latency-loaded-rr-r5-20260924T102543Z,2026-09-24T10:31:30Z,rtt_p90_ms,0.546815,ms
s1,latency-loaded,RR,5,baseline-s1-latency-loaded-rr-r5-20260924T102543Z,2026-09-24T10:31:30Z,rtt_p99_ms,18.415615,ms
s1,latency-loaded,RR,5,baseline-s1-latency-loaded-rr-r5-20260924T102543Z,2026-09-24T10:31:30Z,rtt_max_ms,309.629857,ms
s1,latency-loaded,RR,5,baseline-s1-latency-loaded-rr-r5-20260924T102543Z,2026-09-24T10:31:30Z,rtt_errors,0,count
s1,latency-loaded,RR,5,baseline-s1-latency-loaded-rr-r5-20260924T102543Z,2026-09-24T10:31:30Z,goodput_mbit_s,134.195,Mbit/s
s1,latency-loaded,RR,5,baseline-s1-latency-loaded-rr-r5-20260924T102543Z,2026-09-24T10:31:30Z,cpu_s_per_gb_cli,23.365020752,s/GB
s1,latency-loaded,RR,5,baseline-s1-latency-loaded-rr-r5-20260924T102543Z,2026-09-24T10:31:30Z,cpu_s_per_gb_srv,18.7754631042,s/GB
s1,latency-loaded,RR,5,baseline-s1-latency-loaded-rr-r5-20260924T102543Z,2026-09-24T10:31:30Z,cpu_s_per_gb_total,42.1404838562,s/GB
s1,latency-loaded,RR,5,baseline-s1-latency-loaded-rr-r5-20260924T102543Z,2026-09-24T10:31:30Z,rss_kb_cli,14292,kB
s1,latency-loaded,RR,5,baseline-s1-latency-loaded-rr-r5-20260924T102543Z,2026-09-24T10:31:30Z,rss_kb_srv,13104,kB
s1,latency-loaded,RR,5,baseline-s1-latency-loaded-rr-r5-20260924T102543Z,2026-09-24T10:31:30Z,hwm_kb_cli,17552,kB
s1,latency-loaded,RR,5,baseline-s1-latency-loaded-rr-r5-20260924T102543Z,2026-09-24T10:31:30Z,hwm_kb_srv,13308,kB
s1,latency-loaded,RR,5,baseline-s1-latency-loaded-rr-r5-20260924T102543Z,2026-09-24T10:31:30Z,out_segs_cli,498259,segments
s1,latency-loaded,RR,5,baseline-s1-latency-loaded-rr-r5-20260924T102543Z,2026-09-24T10:31:30Z,out_segs_srv,262774,segments
s1,latency-loaded,RR,5,baseline-s1-latency-loaded-rr-r5-20260924T102543Z,2026-09-24T10:31:30Z,retrans_pct_cli,34.3797101507,% of OutSegs
s1,latency-loaded,RR,5,baseline-s1-latency-loaded-rr-r5-20260924T102543Z,2026-09-24T10:31:30Z,retrans_pct_srv,0.00228333092315,% of OutSegs
s1,latency-loaded,RR,5,baseline-s1-latency-loaded-rr-r5-20260924T102543Z,2026-09-24T10:31:30Z,retrans_segs_cli,171300,segments
s1,latency-loaded,RR,5,baseline-s1-latency-loaded-rr-r5-20260924T102543Z,2026-09-24T10:31:30Z,retrans_segs_srv,6,segments
s1,latency-loaded,RR,5,baseline-s1-latency-loaded-rr-r5-20260924T102543Z,2026-09-24T10:31:30Z,fast_retrans_segs_cli,112077,segments
s1,latency-loaded,RR,5,baseline-s1-latency-loaded-rr-r5-20260924T102543Z,2026-09-24T10:31:30Z,fast_retrans_segs_srv,0,segments
s1,latency-loaded,RR,5,baseline-s1-latency-loaded-rr-r5-20260924T102543Z,2026-09-24T10:31:30Z,early_retrans_segs_cli,427,segments
s1,latency-loaded,RR,5,baseline-s1-latency-loaded-rr-r5-20260924T102543Z,2026-09-24T10:31:30Z,early_retrans_segs_srv,0,segments
s1,latency-loaded,RR,5,baseline-s1-latency-loaded-rr-r5-20260924T102543Z,2026-09-24T10:31:30Z,lost_segs_cli,58796,segments
s1,latency-loaded,RR,5,baseline-s1-latency-loaded-rr-r5-20260924T102543Z,2026-09-24T10:31:30Z,lost_segs_srv,6,segments
s1,latency-loaded,RR,5,baseline-s1-latency-loaded-rr-r5-20260924T102543Z,2026-09-24T10:31:30Z,repeat_segs_cli,6,segments
s1,latency-loaded,RR,5,baseline-s1-latency-loaded-rr-r5-20260924T102543Z,2026-09-24T10:31:30Z,repeat_segs_srv,6976,segments
s2,bulk-up,GG,1,baseline-s2-bulk-up-gg-r1-20260924T103255Z,2026-09-24T10:33:12Z,goodput_mbit_s,155.192106841,Mbit/s
s2,bulk-up,GG,1,baseline-s2-bulk-up-gg-r1-20260924T103255Z,2026-09-24T10:33:12Z,tcp_retransmits,8,segments
s2,bulk-up,GG,1,baseline-s2-bulk-up-gg-r1-20260924T103255Z,2026-09-24T10:33:12Z,cpu_s_per_gb_cli,28.6198723063,s/GB
s2,bulk-up,GG,1,baseline-s2-bulk-up-gg-r1-20260924T103255Z,2026-09-24T10:33:12Z,cpu_s_per_gb_srv,23.0398972026,s/GB
s2,bulk-up,GG,1,baseline-s2-bulk-up-gg-r1-20260924T103255Z,2026-09-24T10:33:12Z,cpu_s_per_gb_total,51.6597695089,s/GB
s2,bulk-up,GG,1,baseline-s2-bulk-up-gg-r1-20260924T103255Z,2026-09-24T10:33:12Z,rss_kb_cli,29396,kB
s2,bulk-up,GG,1,baseline-s2-bulk-up-gg-r1-20260924T103255Z,2026-09-24T10:33:12Z,rss_kb_srv,28384,kB
s2,bulk-up,GG,1,baseline-s2-bulk-up-gg-r1-20260924T103255Z,2026-09-24T10:33:12Z,hwm_kb_cli,29396,kB
s2,bulk-up,GG,1,baseline-s2-bulk-up-gg-r1-20260924T103255Z,2026-09-24T10:33:12Z,hwm_kb_srv,28384,kB
s2,bulk-up,GG,1,baseline-s2-bulk-up-gg-r1-20260924T103255Z,2026-09-24T10:33:12Z,out_segs_cli,407331,segments
s2,bulk-up,GG,1,baseline-s2-bulk-up-gg-r1-20260924T103255Z,2026-09-24T10:33:12Z,out_segs_srv,8764,segments
s2,bulk-up,GG,1,baseline-s2-bulk-up-gg-r1-20260924T103255Z,2026-09-24T10:33:12Z,retrans_pct_cli,0,% of OutSegs
s2,bulk-up,GG,1,baseline-s2-bulk-up-gg-r1-20260924T103255Z,2026-09-24T10:33:12Z,retrans_pct_srv,0,% of OutSegs
s2,bulk-up,GG,1,baseline-s2-bulk-up-gg-r1-20260924T103255Z,2026-09-24T10:33:12Z,retrans_segs_cli,0,segments
s2,bulk-up,GG,1,baseline-s2-bulk-up-gg-r1-20260924T103255Z,2026-09-24T10:33:12Z,retrans_segs_srv,0,segments
s2,bulk-up,GG,1,baseline-s2-bulk-up-gg-r1-20260924T103255Z,2026-09-24T10:33:12Z,fast_retrans_segs_cli,0,segments
s2,bulk-up,GG,1,baseline-s2-bulk-up-gg-r1-20260924T103255Z,2026-09-24T10:33:12Z,fast_retrans_segs_srv,0,segments
s2,bulk-up,GG,1,baseline-s2-bulk-up-gg-r1-20260924T103255Z,2026-09-24T10:33:12Z,early_retrans_segs_cli,0,segments
s2,bulk-up,GG,1,baseline-s2-bulk-up-gg-r1-20260924T103255Z,2026-09-24T10:33:12Z,early_retrans_segs_srv,0,segments
s2,bulk-up,GG,1,baseline-s2-bulk-up-gg-r1-20260924T103255Z,2026-09-24T10:33:12Z,lost_segs_cli,0,segments
s2,bulk-up,GG,1,baseline-s2-bulk-up-gg-r1-20260924T103255Z,2026-09-24T10:33:12Z,lost_segs_srv,0,segments
s2,bulk-up,GG,1,baseline-s2-bulk-up-gg-r1-20260924T103255Z,2026-09-24T10:33:12Z,repeat_segs_cli,0,segments
s2,bulk-up,GG,1,baseline-s2-bulk-up-gg-r1-20260924T103255Z,2026-09-24T10:33:12Z,repeat_segs_srv,0,segments
s2,bulk-up,RR,1,baseline-s2-bulk-up-rr-r1-20260924T103255Z,2026-09-24T10:33:50Z,goodput_mbit_s,252.767697122,Mbit/s
s2,bulk-up,RR,1,baseline-s2-bulk-up-rr-r1-20260924T103255Z,2026-09-24T10:33:50Z,tcp_retransmits,3,segments
s2,bulk-up,RR,1,baseline-s2-bulk-up-rr-r1-20260924T103255Z,2026-09-24T10:33:50Z,cpu_s_per_gb_cli,15.3188008597,s/GB
s2,bulk-up,RR,1,baseline-s2-bulk-up-rr-r1-20260924T103255Z,2026-09-24T10:33:50Z,cpu_s_per_gb_srv,15.3030082815,s/GB
s2,bulk-up,RR,1,baseline-s2-bulk-up-rr-r1-20260924T103255Z,2026-09-24T10:33:50Z,cpu_s_per_gb_total,30.6218091412,s/GB
s2,bulk-up,RR,1,baseline-s2-bulk-up-rr-r1-20260924T103255Z,2026-09-24T10:33:50Z,rss_kb_cli,5620,kB
s2,bulk-up,RR,1,baseline-s2-bulk-up-rr-r1-20260924T103255Z,2026-09-24T10:33:50Z,rss_kb_srv,7048,kB
s2,bulk-up,RR,1,baseline-s2-bulk-up-rr-r1-20260924T103255Z,2026-09-24T10:33:50Z,hwm_kb_cli,5628,kB
s2,bulk-up,RR,1,baseline-s2-bulk-up-rr-r1-20260924T103255Z,2026-09-24T10:33:50Z,hwm_kb_srv,7048,kB
s2,bulk-up,RR,1,baseline-s2-bulk-up-rr-r1-20260924T103255Z,2026-09-24T10:33:50Z,out_segs_cli,582174,segments
s2,bulk-up,RR,1,baseline-s2-bulk-up-rr-r1-20260924T103255Z,2026-09-24T10:33:50Z,out_segs_srv,11895,segments
s2,bulk-up,RR,1,baseline-s2-bulk-up-rr-r1-20260924T103255Z,2026-09-24T10:33:50Z,retrans_pct_cli,0,% of OutSegs
s2,bulk-up,RR,1,baseline-s2-bulk-up-rr-r1-20260924T103255Z,2026-09-24T10:33:50Z,retrans_pct_srv,0,% of OutSegs
s2,bulk-up,RR,1,baseline-s2-bulk-up-rr-r1-20260924T103255Z,2026-09-24T10:33:50Z,retrans_segs_cli,0,segments
s2,bulk-up,RR,1,baseline-s2-bulk-up-rr-r1-20260924T103255Z,2026-09-24T10:33:50Z,retrans_segs_srv,0,segments
s2,bulk-up,RR,1,baseline-s2-bulk-up-rr-r1-20260924T103255Z,2026-09-24T10:33:50Z,fast_retrans_segs_cli,0,segments
s2,bulk-up,RR,1,baseline-s2-bulk-up-rr-r1-20260924T103255Z,2026-09-24T10:33:50Z,fast_retrans_segs_srv,0,segments
s2,bulk-up,RR,1,baseline-s2-bulk-up-rr-r1-20260924T103255Z,2026-09-24T10:33:50Z,early_retrans_segs_cli,0,segments
s2,bulk-up,RR,1,baseline-s2-bulk-up-rr-r1-20260924T103255Z,2026-09-24T10:33:50Z,early_retrans_segs_srv,0,segments
s2,bulk-up,RR,1,baseline-s2-bulk-up-rr-r1-20260924T103255Z,2026-09-24T10:33:50Z,lost_segs_cli,0,segments
s2,bulk-up,RR,1,baseline-s2-bulk-up-rr-r1-20260924T103255Z,2026-09-24T10:33:50Z,lost_segs_srv,0,segments
s2,bulk-up,RR,1,baseline-s2-bulk-up-rr-r1-20260924T103255Z,2026-09-24T10:33:50Z,repeat_segs_cli,0,segments
s2,bulk-up,RR,1,baseline-s2-bulk-up-rr-r1-20260924T103255Z,2026-09-24T10:33:50Z,repeat_segs_srv,0,segments
s2,bulk-up,GR,1,baseline-s2-bulk-up-gr-r1-20260924T103255Z,2026-09-24T10:34:28Z,goodput_mbit_s,151.771659016,Mbit/s
s2,bulk-up,GR,1,baseline-s2-bulk-up-gr-r1-20260924T103255Z,2026-09-24T10:34:28Z,tcp_retransmits,2,segments
s2,bulk-up,GR,1,baseline-s2-bulk-up-gr-r1-20260924T103255Z,2026-09-24T10:34:28Z,cpu_s_per_gb_cli,34.3322753906,s/GB
s2,bulk-up,GR,1,baseline-s2-bulk-up-gr-r1-20260924T103255Z,2026-09-24T10:34:28Z,cpu_s_per_gb_srv,17.3634496228,s/GB
s2,bulk-up,GR,1,baseline-s2-bulk-up-gr-r1-20260924T103255Z,2026-09-24T10:34:28Z,cpu_s_per_gb_total,51.6957250135,s/GB
s2,bulk-up,GR,1,baseline-s2-bulk-up-gr-r1-20260924T103255Z,2026-09-24T10:34:28Z,rss_kb_cli,29096,kB
s2,bulk-up,GR,1,baseline-s2-bulk-up-gr-r1-20260924T103255Z,2026-09-24T10:34:28Z,rss_kb_srv,6596,kB
s2,bulk-up,GR,1,baseline-s2-bulk-up-gr-r1-20260924T103255Z,2026-09-24T10:34:28Z,hwm_kb_cli,29096,kB
s2,bulk-up,GR,1,baseline-s2-bulk-up-gr-r1-20260924T103255Z,2026-09-24T10:34:28Z,hwm_kb_srv,6596,kB
s2,bulk-up,GR,1,baseline-s2-bulk-up-gr-r1-20260924T103255Z,2026-09-24T10:34:28Z,out_segs_cli,399794,segments
s2,bulk-up,GR,1,baseline-s2-bulk-up-gr-r1-20260924T103255Z,2026-09-24T10:34:28Z,out_segs_srv,8076,segments
s2,bulk-up,GR,1,baseline-s2-bulk-up-gr-r1-20260924T103255Z,2026-09-24T10:34:28Z,retrans_pct_cli,0,% of OutSegs
s2,bulk-up,GR,1,baseline-s2-bulk-up-gr-r1-20260924T103255Z,2026-09-24T10:34:28Z,retrans_pct_srv,0,% of OutSegs
s2,bulk-up,GR,1,baseline-s2-bulk-up-gr-r1-20260924T103255Z,2026-09-24T10:34:28Z,retrans_segs_cli,0,segments
s2,bulk-up,GR,1,baseline-s2-bulk-up-gr-r1-20260924T103255Z,2026-09-24T10:34:28Z,retrans_segs_srv,0,segments
s2,bulk-up,GR,1,baseline-s2-bulk-up-gr-r1-20260924T103255Z,2026-09-24T10:34:28Z,fast_retrans_segs_cli,0,segments
s2,bulk-up,GR,1,baseline-s2-bulk-up-gr-r1-20260924T103255Z,2026-09-24T10:34:28Z,fast_retrans_segs_srv,0,segments
s2,bulk-up,GR,1,baseline-s2-bulk-up-gr-r1-20260924T103255Z,2026-09-24T10:34:28Z,early_retrans_segs_cli,0,segments
s2,bulk-up,GR,1,baseline-s2-bulk-up-gr-r1-20260924T103255Z,2026-09-24T10:34:28Z,early_retrans_segs_srv,0,segments
s2,bulk-up,GR,1,baseline-s2-bulk-up-gr-r1-20260924T103255Z,2026-09-24T10:34:28Z,lost_segs_cli,0,segments
s2,bulk-up,GR,1,baseline-s2-bulk-up-gr-r1-20260924T103255Z,2026-09-24T10:34:28Z,lost_segs_srv,0,segments
s2,bulk-up,GR,1,baseline-s2-bulk-up-gr-r1-20260924T103255Z,2026-09-24T10:34:28Z,repeat_segs_cli,0,segments
s2,bulk-up,GR,1,baseline-s2-bulk-up-gr-r1-20260924T103255Z,2026-09-24T10:34:28Z,repeat_segs_srv,0,segments
s2,bulk-up,RG,1,baseline-s2-bulk-up-rg-r1-20260924T103255Z,2026-09-24T10:35:07Z,goodput_mbit_s,223.896936588,Mbit/s
s2,bulk-up,RG,1,baseline-s2-bulk-up-rg-r1-20260924T103255Z,2026-09-24T10:35:07Z,tcp_retransmits,13,segments
s2,bulk-up,RG,1,baseline-s2-bulk-up-rg-r1-20260924T103255Z,2026-09-24T10:35:07Z,cpu_s_per_gb_cli,15.1161835572,s/GB
s2,bulk-up,RG,1,baseline-s2-bulk-up-rg-r1-20260924T103255Z,2026-09-24T10:35:07Z,cpu_s_per_gb_srv,19.626082661,s/GB
s2,bulk-up,RG,1,baseline-s2-bulk-up-rg-r1-20260924T103255Z,2026-09-24T10:35:07Z,cpu_s_per_gb_total,34.7422662182,s/GB
s2,bulk-up,RG,1,baseline-s2-bulk-up-rg-r1-20260924T103255Z,2026-09-24T10:35:07Z,rss_kb_cli,5520,kB
s2,bulk-up,RG,1,baseline-s2-bulk-up-rg-r1-20260924T103255Z,2026-09-24T10:35:07Z,rss_kb_srv,28024,kB
s2,bulk-up,RG,1,baseline-s2-bulk-up-rg-r1-20260924T103255Z,2026-09-24T10:35:07Z,hwm_kb_cli,5528,kB
s2,bulk-up,RG,1,baseline-s2-bulk-up-rg-r1-20260924T103255Z,2026-09-24T10:35:07Z,hwm_kb_srv,28180,kB
s2,bulk-up,RG,1,baseline-s2-bulk-up-rg-r1-20260924T103255Z,2026-09-24T10:35:07Z,out_segs_cli,528016,segments
s2,bulk-up,RG,1,baseline-s2-bulk-up-rg-r1-20260924T103255Z,2026-09-24T10:35:07Z,out_segs_srv,11474,segments
s2,bulk-up,RG,1,baseline-s2-bulk-up-rg-r1-20260924T103255Z,2026-09-24T10:35:07Z,retrans_pct_cli,0,% of OutSegs
s2,bulk-up,RG,1,baseline-s2-bulk-up-rg-r1-20260924T103255Z,2026-09-24T10:35:07Z,retrans_pct_srv,0,% of OutSegs
s2,bulk-up,RG,1,baseline-s2-bulk-up-rg-r1-20260924T103255Z,2026-09-24T10:35:07Z,retrans_segs_cli,0,segments
s2,bulk-up,RG,1,baseline-s2-bulk-up-rg-r1-20260924T103255Z,2026-09-24T10:35:07Z,retrans_segs_srv,0,segments
s2,bulk-up,RG,1,baseline-s2-bulk-up-rg-r1-20260924T103255Z,2026-09-24T10:35:07Z,fast_retrans_segs_cli,0,segments
s2,bulk-up,RG,1,baseline-s2-bulk-up-rg-r1-20260924T103255Z,2026-09-24T10:35:07Z,fast_retrans_segs_srv,0,segments
s2,bulk-up,RG,1,baseline-s2-bulk-up-rg-r1-20260924T103255Z,2026-09-24T10:35:07Z,early_retrans_segs_cli,0,segments
s2,bulk-up,RG,1,baseline-s2-bulk-up-rg-r1-20260924T103255Z,2026-09-24T10:35:07Z,early_retrans_segs_srv,0,segments
s2,bulk-up,RG,1,baseline-s2-bulk-up-rg-r1-20260924T103255Z,2026-09-24T10:35:07Z,lost_segs_cli,0,segments
s2,bulk-up,RG,1,baseline-s2-bulk-up-rg-r1-20260924T103255Z,2026-09-24T10:35:07Z,lost_segs_srv,0,segments
s2,bulk-up,RG,1,baseline-s2-bulk-up-rg-r1-20260924T103255Z,2026-09-24T10:35:07Z,repeat_segs_cli,0,segments
s2,bulk-up,RG,1,baseline-s2-bulk-up-rg-r1-20260924T103255Z,2026-09-24T10:35:07Z,repeat_segs_srv,0,segments
s2,bulk-up,GG,2,baseline-s2-bulk-up-gg-r2-20260924T103255Z,2026-09-24T10:35:45Z,goodput_mbit_s,140.044178527,Mbit/s
s2,bulk-up,GG,2,baseline-s2-bulk-up-gg-r2-20260924T103255Z,2026-09-24T10:35:45Z,tcp_retransmits,15,segments
s2,bulk-up,GG,2,baseline-s2-bulk-up-gg-r2-20260924T103255Z,2026-09-24T10:35:45Z,cpu_s_per_gb_cli,30.6942768403,s/GB
s2,bulk-up,GG,2,baseline-s2-bulk-up-gg-r2-20260924T103255Z,2026-09-24T10:35:45Z,cpu_s_per_gb_srv,26.3623083355,s/GB
s2,bulk-up,GG,2,baseline-s2-bulk-up-gg-r2-20260924T103255Z,2026-09-24T10:35:45Z,cpu_s_per_gb_total,57.0565851758,s/GB
s2,bulk-up,GG,2,baseline-s2-bulk-up-gg-r2-20260924T103255Z,2026-09-24T10:35:45Z,rss_kb_cli,29204,kB
s2,bulk-up,GG,2,baseline-s2-bulk-up-gg-r2-20260924T103255Z,2026-09-24T10:35:45Z,rss_kb_srv,28204,kB
s2,bulk-up,GG,2,baseline-s2-bulk-up-gg-r2-20260924T103255Z,2026-09-24T10:35:45Z,hwm_kb_cli,29204,kB
s2,bulk-up,GG,2,baseline-s2-bulk-up-gg-r2-20260924T103255Z,2026-09-24T10:35:45Z,hwm_kb_srv,28204,kB
s2,bulk-up,GG,2,baseline-s2-bulk-up-gg-r2-20260924T103255Z,2026-09-24T10:35:45Z,out_segs_cli,365265,segments
s2,bulk-up,GG,2,baseline-s2-bulk-up-gg-r2-20260924T103255Z,2026-09-24T10:35:45Z,out_segs_srv,7908,segments
s2,bulk-up,GG,2,baseline-s2-bulk-up-gg-r2-20260924T103255Z,2026-09-24T10:35:45Z,retrans_pct_cli,0,% of OutSegs
s2,bulk-up,GG,2,baseline-s2-bulk-up-gg-r2-20260924T103255Z,2026-09-24T10:35:45Z,retrans_pct_srv,0,% of OutSegs
s2,bulk-up,GG,2,baseline-s2-bulk-up-gg-r2-20260924T103255Z,2026-09-24T10:35:45Z,retrans_segs_cli,0,segments
s2,bulk-up,GG,2,baseline-s2-bulk-up-gg-r2-20260924T103255Z,2026-09-24T10:35:45Z,retrans_segs_srv,0,segments
s2,bulk-up,GG,2,baseline-s2-bulk-up-gg-r2-20260924T103255Z,2026-09-24T10:35:45Z,fast_retrans_segs_cli,0,segments
s2,bulk-up,GG,2,baseline-s2-bulk-up-gg-r2-20260924T103255Z,2026-09-24T10:35:45Z,fast_retrans_segs_srv,0,segments
s2,bulk-up,GG,2,baseline-s2-bulk-up-gg-r2-20260924T103255Z,2026-09-24T10:35:45Z,early_retrans_segs_cli,0,segments
s2,bulk-up,GG,2,baseline-s2-bulk-up-gg-r2-20260924T103255Z,2026-09-24T10:35:45Z,early_retrans_segs_srv,0,segments
s2,bulk-up,GG,2,baseline-s2-bulk-up-gg-r2-20260924T103255Z,2026-09-24T10:35:45Z,lost_segs_cli,0,segments
s2,bulk-up,GG,2,baseline-s2-bulk-up-gg-r2-20260924T103255Z,2026-09-24T10:35:45Z,lost_segs_srv,0,segments
s2,bulk-up,GG,2,baseline-s2-bulk-up-gg-r2-20260924T103255Z,2026-09-24T10:35:45Z,repeat_segs_cli,0,segments
s2,bulk-up,GG,2,baseline-s2-bulk-up-gg-r2-20260924T103255Z,2026-09-24T10:35:45Z,repeat_segs_srv,0,segments
s2,bulk-up,RR,2,baseline-s2-bulk-up-rr-r2-20260924T103255Z,2026-09-24T10:36:23Z,goodput_mbit_s,256.03872674,Mbit/s
s2,bulk-up,RR,2,baseline-s2-bulk-up-rr-r2-20260924T103255Z,2026-09-24T10:36:23Z,tcp_retransmits,3,segments
s2,bulk-up,RR,2,baseline-s2-bulk-up-rr-r2-20260924T103255Z,2026-09-24T10:36:23Z,cpu_s_per_gb_cli,15.1683712278,s/GB
s2,bulk-up,RR,2,baseline-s2-bulk-up-rr-r2-20260924T103255Z,2026-09-24T10:36:23Z,cpu_s_per_gb_srv,15.1371926642,s/GB
s2,bulk-up,RR,2,baseline-s2-bulk-up-rr-r2-20260924T103255Z,2026-09-24T10:36:23Z,cpu_s_per_gb_total,30.305563892,s/GB
s2,bulk-up,RR,2,baseline-s2-bulk-up-rr-r2-20260924T103255Z,2026-09-24T10:36:23Z,rss_kb_cli,5860,kB
s2,bulk-up,RR,2,baseline-s2-bulk-up-rr-r2-20260924T103255Z,2026-09-24T10:36:23Z,rss_kb_srv,7008,kB
s2,bulk-up,RR,2,baseline-s2-bulk-up-rr-r2-20260924T103255Z,2026-09-24T10:36:23Z,hwm_kb_cli,5868,kB
s2,bulk-up,RR,2,baseline-s2-bulk-up-rr-r2-20260924T103255Z,2026-09-24T10:36:23Z,hwm_kb_srv,7008,kB
s2,bulk-up,RR,2,baseline-s2-bulk-up-rr-r2-20260924T103255Z,2026-09-24T10:36:23Z,out_segs_cli,593835,segments
s2,bulk-up,RR,2,baseline-s2-bulk-up-rr-r2-20260924T103255Z,2026-09-24T10:36:23Z,out_segs_srv,12209,segments
s2,bulk-up,RR,2,baseline-s2-bulk-up-rr-r2-20260924T103255Z,2026-09-24T10:36:23Z,retrans_pct_cli,0,% of OutSegs
s2,bulk-up,RR,2,baseline-s2-bulk-up-rr-r2-20260924T103255Z,2026-09-24T10:36:23Z,retrans_pct_srv,0,% of OutSegs
s2,bulk-up,RR,2,baseline-s2-bulk-up-rr-r2-20260924T103255Z,2026-09-24T10:36:23Z,retrans_segs_cli,0,segments
s2,bulk-up,RR,2,baseline-s2-bulk-up-rr-r2-20260924T103255Z,2026-09-24T10:36:23Z,retrans_segs_srv,0,segments
s2,bulk-up,RR,2,baseline-s2-bulk-up-rr-r2-20260924T103255Z,2026-09-24T10:36:23Z,fast_retrans_segs_cli,0,segments
s2,bulk-up,RR,2,baseline-s2-bulk-up-rr-r2-20260924T103255Z,2026-09-24T10:36:23Z,fast_retrans_segs_srv,0,segments
s2,bulk-up,RR,2,baseline-s2-bulk-up-rr-r2-20260924T103255Z,2026-09-24T10:36:23Z,early_retrans_segs_cli,0,segments
s2,bulk-up,RR,2,baseline-s2-bulk-up-rr-r2-20260924T103255Z,2026-09-24T10:36:23Z,early_retrans_segs_srv,0,segments
s2,bulk-up,RR,2,baseline-s2-bulk-up-rr-r2-20260924T103255Z,2026-09-24T10:36:23Z,lost_segs_cli,0,segments
s2,bulk-up,RR,2,baseline-s2-bulk-up-rr-r2-20260924T103255Z,2026-09-24T10:36:23Z,lost_segs_srv,0,segments
s2,bulk-up,RR,2,baseline-s2-bulk-up-rr-r2-20260924T103255Z,2026-09-24T10:36:23Z,repeat_segs_cli,0,segments
s2,bulk-up,RR,2,baseline-s2-bulk-up-rr-r2-20260924T103255Z,2026-09-24T10:36:23Z,repeat_segs_srv,0,segments
s2,bulk-up,GR,2,baseline-s2-bulk-up-gr-r2-20260924T103255Z,2026-09-24T10:37:02Z,goodput_mbit_s,162.96368124,Mbit/s
s2,bulk-up,GR,2,baseline-s2-bulk-up-gr-r2-20260924T103255Z,2026-09-24T10:37:02Z,tcp_retransmits,1,segments
s2,bulk-up,GR,2,baseline-s2-bulk-up-gr-r2-20260924T103255Z,2026-09-24T10:37:02Z,cpu_s_per_gb_cli,31.8054669323,s/GB
s2,bulk-up,GR,2,baseline-s2-bulk-up-gr-r2-20260924T103255Z,2026-09-24T10:37:02Z,cpu_s_per_gb_srv,16.2332752703,s/GB
s2,bulk-up,GR,2,baseline-s2-bulk-up-gr-r2-20260924T103255Z,2026-09-24T10:37:02Z,cpu_s_per_gb_total,48.0387422025,s/GB
s2,bulk-up,GR,2,baseline-s2-bulk-up-gr-r2-20260924T103255Z,2026-09-24T10:37:02Z,rss_kb_cli,29160,kB
s2,bulk-up,GR,2,baseline-s2-bulk-up-gr-r2-20260924T103255Z,2026-09-24T10:37:02Z,rss_kb_srv,7200,kB
s2,bulk-up,GR,2,baseline-s2-bulk-up-gr-r2-20260924T103255Z,2026-09-24T10:37:02Z,hwm_kb_cli,29160,kB
s2,bulk-up,GR,2,baseline-s2-bulk-up-gr-r2-20260924T103255Z,2026-09-24T10:37:02Z,hwm_kb_srv,7200,kB
s2,bulk-up,GR,2,baseline-s2-bulk-up-gr-r2-20260924T103255Z,2026-09-24T10:37:02Z,out_segs_cli,431561,segments
s2,bulk-up,GR,2,baseline-s2-bulk-up-gr-r2-20260924T103255Z,2026-09-24T10:37:02Z,out_segs_srv,8649,segments
s2,bulk-up,GR,2,baseline-s2-bulk-up-gr-r2-20260924T103255Z,2026-09-24T10:37:02Z,retrans_pct_cli,0,% of OutSegs
s2,bulk-up,GR,2,baseline-s2-bulk-up-gr-r2-20260924T103255Z,2026-09-24T10:37:02Z,retrans_pct_srv,0,% of OutSegs
s2,bulk-up,GR,2,baseline-s2-bulk-up-gr-r2-20260924T103255Z,2026-09-24T10:37:02Z,retrans_segs_cli,0,segments
s2,bulk-up,GR,2,baseline-s2-bulk-up-gr-r2-20260924T103255Z,2026-09-24T10:37:02Z,retrans_segs_srv,0,segments
s2,bulk-up,GR,2,baseline-s2-bulk-up-gr-r2-20260924T103255Z,2026-09-24T10:37:02Z,fast_retrans_segs_cli,0,segments
s2,bulk-up,GR,2,baseline-s2-bulk-up-gr-r2-20260924T103255Z,2026-09-24T10:37:02Z,fast_retrans_segs_srv,0,segments
s2,bulk-up,GR,2,baseline-s2-bulk-up-gr-r2-20260924T103255Z,2026-09-24T10:37:02Z,early_retrans_segs_cli,0,segments
s2,bulk-up,GR,2,baseline-s2-bulk-up-gr-r2-20260924T103255Z,2026-09-24T10:37:02Z,early_retrans_segs_srv,0,segments
s2,bulk-up,GR,2,baseline-s2-bulk-up-gr-r2-20260924T103255Z,2026-09-24T10:37:02Z,lost_segs_cli,0,segments
s2,bulk-up,GR,2,baseline-s2-bulk-up-gr-r2-20260924T103255Z,2026-09-24T10:37:02Z,lost_segs_srv,0,segments
s2,bulk-up,GR,2,baseline-s2-bulk-up-gr-r2-20260924T103255Z,2026-09-24T10:37:02Z,repeat_segs_cli,0,segments
s2,bulk-up,GR,2,baseline-s2-bulk-up-gr-r2-20260924T103255Z,2026-09-24T10:37:02Z,repeat_segs_srv,0,segments
s2,bulk-up,RG,2,baseline-s2-bulk-up-rg-r2-20260924T103255Z,2026-09-24T10:37:40Z,goodput_mbit_s,212.76643605,Mbit/s
s2,bulk-up,RG,2,baseline-s2-bulk-up-rg-r2-20260924T103255Z,2026-09-24T10:37:40Z,tcp_retransmits,18,segments
s2,bulk-up,RG,2,baseline-s2-bulk-up-rg-r2-20260924T103255Z,2026-09-24T10:37:40Z,cpu_s_per_gb_cli,15.667841696,s/GB
s2,bulk-up,RG,2,baseline-s2-bulk-up-rg-r2-20260924T103255Z,2026-09-24T10:37:40Z,cpu_s_per_gb_srv,20.8466732027,s/GB
s2,bulk-up,RG,2,baseline-s2-bulk-up-rg-r2-20260924T103255Z,2026-09-24T10:37:40Z,cpu_s_per_gb_total,36.5145148987,s/GB
s2,bulk-up,RG,2,baseline-s2-bulk-up-rg-r2-20260924T103255Z,2026-09-24T10:37:40Z,rss_kb_cli,5896,kB
s2,bulk-up,RG,2,baseline-s2-bulk-up-rg-r2-20260924T103255Z,2026-09-24T10:37:40Z,rss_kb_srv,27828,kB
s2,bulk-up,RG,2,baseline-s2-bulk-up-rg-r2-20260924T103255Z,2026-09-24T10:37:40Z,hwm_kb_cli,5896,kB
s2,bulk-up,RG,2,baseline-s2-bulk-up-rg-r2-20260924T103255Z,2026-09-24T10:37:40Z,hwm_kb_srv,27828,kB
s2,bulk-up,RG,2,baseline-s2-bulk-up-rg-r2-20260924T103255Z,2026-09-24T10:37:40Z,out_segs_cli,495680,segments
s2,bulk-up,RG,2,baseline-s2-bulk-up-rg-r2-20260924T103255Z,2026-09-24T10:37:40Z,out_segs_srv,10808,segments
s2,bulk-up,RG,2,baseline-s2-bulk-up-rg-r2-20260924T103255Z,2026-09-24T10:37:40Z,retrans_pct_cli,0,% of OutSegs
s2,bulk-up,RG,2,baseline-s2-bulk-up-rg-r2-20260924T103255Z,2026-09-24T10:37:40Z,retrans_pct_srv,0,% of OutSegs
s2,bulk-up,RG,2,baseline-s2-bulk-up-rg-r2-20260924T103255Z,2026-09-24T10:37:40Z,retrans_segs_cli,0,segments
s2,bulk-up,RG,2,baseline-s2-bulk-up-rg-r2-20260924T103255Z,2026-09-24T10:37:40Z,retrans_segs_srv,0,segments
s2,bulk-up,RG,2,baseline-s2-bulk-up-rg-r2-20260924T103255Z,2026-09-24T10:37:40Z,fast_retrans_segs_cli,0,segments
s2,bulk-up,RG,2,baseline-s2-bulk-up-rg-r2-20260924T103255Z,2026-09-24T10:37:40Z,fast_retrans_segs_srv,0,segments
s2,bulk-up,RG,2,baseline-s2-bulk-up-rg-r2-20260924T103255Z,2026-09-24T10:37:40Z,early_retrans_segs_cli,0,segments
s2,bulk-up,RG,2,baseline-s2-bulk-up-rg-r2-20260924T103255Z,2026-09-24T10:37:40Z,early_retrans_segs_srv,0,segments
s2,bulk-up,RG,2,baseline-s2-bulk-up-rg-r2-20260924T103255Z,2026-09-24T10:37:40Z,lost_segs_cli,0,segments
s2,bulk-up,RG,2,baseline-s2-bulk-up-rg-r2-20260924T103255Z,2026-09-24T10:37:40Z,lost_segs_srv,0,segments
s2,bulk-up,RG,2,baseline-s2-bulk-up-rg-r2-20260924T103255Z,2026-09-24T10:37:40Z,repeat_segs_cli,0,segments
s2,bulk-up,RG,2,baseline-s2-bulk-up-rg-r2-20260924T103255Z,2026-09-24T10:37:40Z,repeat_segs_srv,0,segments
s2,bulk-up,GG,3,baseline-s2-bulk-up-gg-r3-20260924T103255Z,2026-09-24T10:38:19Z,goodput_mbit_s,146.47523922,Mbit/s
s2,bulk-up,GG,3,baseline-s2-bulk-up-gg-r3-20260924T103255Z,2026-09-24T10:38:19Z,tcp_retransmits,11,segments
s2,bulk-up,GG,3,baseline-s2-bulk-up-gg-r3-20260924T103255Z,2026-09-24T10:38:19Z,cpu_s_per_gb_cli,30.4032596911,s/GB
s2,bulk-up,GG,3,baseline-s2-bulk-up-gg-r3-20260924T103255Z,2026-09-24T10:38:19Z,cpu_s_per_gb_srv,24.08852715,s/GB
s2,bulk-up,GG,3,baseline-s2-bulk-up-gg-r3-20260924T103255Z,2026-09-24T10:38:19Z,cpu_s_per_gb_total,54.4917868411,s/GB
s2,bulk-up,GG,3,baseline-s2-bulk-up-gg-r3-20260924T103255Z,2026-09-24T10:38:19Z,rss_kb_cli,29324,kB
s2,bulk-up,GG,3,baseline-s2-bulk-up-gg-r3-20260924T103255Z,2026-09-24T10:38:19Z,rss_kb_srv,30076,kB
s2,bulk-up,GG,3,baseline-s2-bulk-up-gg-r3-20260924T103255Z,2026-09-24T10:38:19Z,hwm_kb_cli,29324,kB
s2,bulk-up,GG,3,baseline-s2-bulk-up-gg-r3-20260924T103255Z,2026-09-24T10:38:19Z,hwm_kb_srv,30076,kB
s2,bulk-up,GG,3,baseline-s2-bulk-up-gg-r3-20260924T103255Z,2026-09-24T10:38:19Z,out_segs_cli,388858,segments
s2,bulk-up,GG,3,baseline-s2-bulk-up-gg-r3-20260924T103255Z,2026-09-24T10:38:19Z,out_segs_srv,8564,segments
s2,bulk-up,GG,3,baseline-s2-bulk-up-gg-r3-20260924T103255Z,2026-09-24T10:38:19Z,retrans_pct_cli,0,% of OutSegs
s2,bulk-up,GG,3,baseline-s2-bulk-up-gg-r3-20260924T103255Z,2026-09-24T10:38:19Z,retrans_pct_srv,0,% of OutSegs
s2,bulk-up,GG,3,baseline-s2-bulk-up-gg-r3-20260924T103255Z,2026-09-24T10:38:19Z,retrans_segs_cli,0,segments
s2,bulk-up,GG,3,baseline-s2-bulk-up-gg-r3-20260924T103255Z,2026-09-24T10:38:19Z,retrans_segs_srv,0,segments
s2,bulk-up,GG,3,baseline-s2-bulk-up-gg-r3-20260924T103255Z,2026-09-24T10:38:19Z,fast_retrans_segs_cli,0,segments
s2,bulk-up,GG,3,baseline-s2-bulk-up-gg-r3-20260924T103255Z,2026-09-24T10:38:19Z,fast_retrans_segs_srv,0,segments
s2,bulk-up,GG,3,baseline-s2-bulk-up-gg-r3-20260924T103255Z,2026-09-24T10:38:19Z,early_retrans_segs_cli,0,segments
s2,bulk-up,GG,3,baseline-s2-bulk-up-gg-r3-20260924T103255Z,2026-09-24T10:38:19Z,early_retrans_segs_srv,0,segments
s2,bulk-up,GG,3,baseline-s2-bulk-up-gg-r3-20260924T103255Z,2026-09-24T10:38:19Z,lost_segs_cli,0,segments
s2,bulk-up,GG,3,baseline-s2-bulk-up-gg-r3-20260924T103255Z,2026-09-24T10:38:19Z,lost_segs_srv,0,segments
s2,bulk-up,GG,3,baseline-s2-bulk-up-gg-r3-20260924T103255Z,2026-09-24T10:38:19Z,repeat_segs_cli,0,segments
s2,bulk-up,GG,3,baseline-s2-bulk-up-gg-r3-20260924T103255Z,2026-09-24T10:38:19Z,repeat_segs_srv,0,segments
s2,bulk-up,RR,3,baseline-s2-bulk-up-rr-r3-20260924T103255Z,2026-09-24T10:38:57Z,goodput_mbit_s,233.251314014,Mbit/s
s2,bulk-up,RR,3,baseline-s2-bulk-up-rr-r3-20260924T103255Z,2026-09-24T10:38:57Z,tcp_retransmits,3,segments
s2,bulk-up,RR,3,baseline-s2-bulk-up-rr-r3-20260924T103255Z,2026-09-24T10:38:57Z,cpu_s_per_gb_cli,16.6272903237,s/GB
s2,bulk-up,RR,3,baseline-s2-bulk-up-rr-r3-20260924T103255Z,2026-09-24T10:38:57Z,cpu_s_per_gb_srv,16.6101840579,s/GB
s2,bulk-up,RR,3,baseline-s2-bulk-up-rr-r3-20260924T103255Z,2026-09-24T10:38:57Z,cpu_s_per_gb_total,33.2374743817,s/GB
s2,bulk-up,RR,3,baseline-s2-bulk-up-rr-r3-20260924T103255Z,2026-09-24T10:38:57Z,rss_kb_cli,5728,kB
s2,bulk-up,RR,3,baseline-s2-bulk-up-rr-r3-20260924T103255Z,2026-09-24T10:38:57Z,rss_kb_srv,7468,kB
s2,bulk-up,RR,3,baseline-s2-bulk-up-rr-r3-20260924T103255Z,2026-09-24T10:38:57Z,hwm_kb_cli,5728,kB
s2,bulk-up,RR,3,baseline-s2-bulk-up-rr-r3-20260924T103255Z,2026-09-24T10:38:57Z,hwm_kb_srv,7468,kB
s2,bulk-up,RR,3,baseline-s2-bulk-up-rr-r3-20260924T103255Z,2026-09-24T10:38:57Z,out_segs_cli,547191,segments
s2,bulk-up,RR,3,baseline-s2-bulk-up-rr-r3-20260924T103255Z,2026-09-24T10:38:57Z,out_segs_srv,11200,segments
s2,bulk-up,RR,3,baseline-s2-bulk-up-rr-r3-20260924T103255Z,2026-09-24T10:38:57Z,retrans_pct_cli,0,% of OutSegs
s2,bulk-up,RR,3,baseline-s2-bulk-up-rr-r3-20260924T103255Z,2026-09-24T10:38:57Z,retrans_pct_srv,0,% of OutSegs
s2,bulk-up,RR,3,baseline-s2-bulk-up-rr-r3-20260924T103255Z,2026-09-24T10:38:57Z,retrans_segs_cli,0,segments
s2,bulk-up,RR,3,baseline-s2-bulk-up-rr-r3-20260924T103255Z,2026-09-24T10:38:57Z,retrans_segs_srv,0,segments
s2,bulk-up,RR,3,baseline-s2-bulk-up-rr-r3-20260924T103255Z,2026-09-24T10:38:57Z,fast_retrans_segs_cli,0,segments
s2,bulk-up,RR,3,baseline-s2-bulk-up-rr-r3-20260924T103255Z,2026-09-24T10:38:57Z,fast_retrans_segs_srv,0,segments
s2,bulk-up,RR,3,baseline-s2-bulk-up-rr-r3-20260924T103255Z,2026-09-24T10:38:57Z,early_retrans_segs_cli,0,segments
s2,bulk-up,RR,3,baseline-s2-bulk-up-rr-r3-20260924T103255Z,2026-09-24T10:38:57Z,early_retrans_segs_srv,0,segments
s2,bulk-up,RR,3,baseline-s2-bulk-up-rr-r3-20260924T103255Z,2026-09-24T10:38:57Z,lost_segs_cli,0,segments
s2,bulk-up,RR,3,baseline-s2-bulk-up-rr-r3-20260924T103255Z,2026-09-24T10:38:57Z,lost_segs_srv,0,segments
s2,bulk-up,RR,3,baseline-s2-bulk-up-rr-r3-20260924T103255Z,2026-09-24T10:38:57Z,repeat_segs_cli,0,segments
s2,bulk-up,RR,3,baseline-s2-bulk-up-rr-r3-20260924T103255Z,2026-09-24T10:38:57Z,repeat_segs_srv,0,segments
s2,bulk-up,GR,3,baseline-s2-bulk-up-gr-r3-20260924T103255Z,2026-09-24T10:39:35Z,goodput_mbit_s,158.226522281,Mbit/s
s2,bulk-up,GR,3,baseline-s2-bulk-up-gr-r3-20260924T103255Z,2026-09-24T10:39:35Z,tcp_retransmits,1,segments
s2,bulk-up,GR,3,baseline-s2-bulk-up-gr-r3-20260924T103255Z,2026-09-24T10:39:35Z,cpu_s_per_gb_cli,32.877496592,s/GB
s2,bulk-up,GR,3,baseline-s2-bulk-up-gr-r3-20260924T103255Z,2026-09-24T10:39:35Z,cpu_s_per_gb_srv,16.6656635332,s/GB
s2,bulk-up,GR,3,baseline-s2-bulk-up-gr-r3-20260924T103255Z,2026-09-24T10:39:35Z,cpu_s_per_gb_total,49.5431601253,s/GB
s2,bulk-up,GR,3,baseline-s2-bulk-up-gr-r3-20260924T103255Z,2026-09-24T10:39:35Z,rss_kb_cli,28276,kB
s2,bulk-up,GR,3,baseline-s2-bulk-up-gr-r3-20260924T103255Z,2026-09-24T10:39:35Z,rss_kb_srv,7172,kB
s2,bulk-up,GR,3,baseline-s2-bulk-up-gr-r3-20260924T103255Z,2026-09-24T10:39:35Z,hwm_kb_cli,28276,kB
s2,bulk-up,GR,3,baseline-s2-bulk-up-gr-r3-20260924T103255Z,2026-09-24T10:39:35Z,hwm_kb_srv,7172,kB
s2,bulk-up,GR,3,baseline-s2-bulk-up-gr-r3-20260924T103255Z,2026-09-24T10:39:35Z,out_segs_cli,424386,segments
s2,bulk-up,GR,3,baseline-s2-bulk-up-gr-r3-20260924T103255Z,2026-09-24T10:39:35Z,out_segs_srv,8471,segments
s2,bulk-up,GR,3,baseline-s2-bulk-up-gr-r3-20260924T103255Z,2026-09-24T10:39:35Z,retrans_pct_cli,0,% of OutSegs
s2,bulk-up,GR,3,baseline-s2-bulk-up-gr-r3-20260924T103255Z,2026-09-24T10:39:35Z,retrans_pct_srv,0,% of OutSegs
s2,bulk-up,GR,3,baseline-s2-bulk-up-gr-r3-20260924T103255Z,2026-09-24T10:39:35Z,retrans_segs_cli,0,segments
s2,bulk-up,GR,3,baseline-s2-bulk-up-gr-r3-20260924T103255Z,2026-09-24T10:39:35Z,retrans_segs_srv,0,segments
s2,bulk-up,GR,3,baseline-s2-bulk-up-gr-r3-20260924T103255Z,2026-09-24T10:39:35Z,fast_retrans_segs_cli,0,segments
s2,bulk-up,GR,3,baseline-s2-bulk-up-gr-r3-20260924T103255Z,2026-09-24T10:39:35Z,fast_retrans_segs_srv,0,segments
s2,bulk-up,GR,3,baseline-s2-bulk-up-gr-r3-20260924T103255Z,2026-09-24T10:39:35Z,early_retrans_segs_cli,0,segments
s2,bulk-up,GR,3,baseline-s2-bulk-up-gr-r3-20260924T103255Z,2026-09-24T10:39:35Z,early_retrans_segs_srv,0,segments
s2,bulk-up,GR,3,baseline-s2-bulk-up-gr-r3-20260924T103255Z,2026-09-24T10:39:35Z,lost_segs_cli,0,segments
s2,bulk-up,GR,3,baseline-s2-bulk-up-gr-r3-20260924T103255Z,2026-09-24T10:39:35Z,lost_segs_srv,0,segments
s2,bulk-up,GR,3,baseline-s2-bulk-up-gr-r3-20260924T103255Z,2026-09-24T10:39:35Z,repeat_segs_cli,0,segments
s2,bulk-up,GR,3,baseline-s2-bulk-up-gr-r3-20260924T103255Z,2026-09-24T10:39:35Z,repeat_segs_srv,0,segments
s2,bulk-up,RG,3,baseline-s2-bulk-up-rg-r3-20260924T103255Z,2026-09-24T10:40:14Z,goodput_mbit_s,236.419828697,Mbit/s
s2,bulk-up,RG,3,baseline-s2-bulk-up-rg-r3-20260924T103255Z,2026-09-24T10:40:14Z,tcp_retransmits,11,segments
s2,bulk-up,RG,3,baseline-s2-bulk-up-rg-r3-20260924T103255Z,2026-09-24T10:40:14Z,cpu_s_per_gb_cli,14.4084540683,s/GB
s2,bulk-up,RG,3,baseline-s2-bulk-up-rg-r3-20260924T103255Z,2026-09-24T10:40:14Z,cpu_s_per_gb_srv,18.6601290393,s/GB
s2,bulk-up,RG,3,baseline-s2-bulk-up-rg-r3-20260924T103255Z,2026-09-24T10:40:14Z,cpu_s_per_gb_total,33.0685831076,s/GB
s2,bulk-up,RG,3,baseline-s2-bulk-up-rg-r3-20260924T103255Z,2026-09-24T10:40:14Z,rss_kb_cli,5644,kB
s2,bulk-up,RG,3,baseline-s2-bulk-up-rg-r3-20260924T103255Z,2026-09-24T10:40:14Z,rss_kb_srv,29308,kB
s2,bulk-up,RG,3,baseline-s2-bulk-up-rg-r3-20260924T103255Z,2026-09-24T10:40:14Z,hwm_kb_cli,5652,kB
s2,bulk-up,RG,3,baseline-s2-bulk-up-rg-r3-20260924T103255Z,2026-09-24T10:40:14Z,hwm_kb_srv,29308,kB
s2,bulk-up,RG,3,baseline-s2-bulk-up-rg-r3-20260924T103255Z,2026-09-24T10:40:14Z,out_segs_cli,548668,segments
s2,bulk-up,RG,3,baseline-s2-bulk-up-rg-r3-20260924T103255Z,2026-09-24T10:40:14Z,out_segs_srv,11851,segments
s2,bulk-up,RG,3,baseline-s2-bulk-up-rg-r3-20260924T103255Z,2026-09-24T10:40:14Z,retrans_pct_cli,0,% of OutSegs
s2,bulk-up,RG,3,baseline-s2-bulk-up-rg-r3-20260924T103255Z,2026-09-24T10:40:14Z,retrans_pct_srv,0,% of OutSegs
s2,bulk-up,RG,3,baseline-s2-bulk-up-rg-r3-20260924T103255Z,2026-09-24T10:40:14Z,retrans_segs_cli,0,segments
s2,bulk-up,RG,3,baseline-s2-bulk-up-rg-r3-20260924T103255Z,2026-09-24T10:40:14Z,retrans_segs_srv,0,segments
s2,bulk-up,RG,3,baseline-s2-bulk-up-rg-r3-20260924T103255Z,2026-09-24T10:40:14Z,fast_retrans_segs_cli,0,segments
s2,bulk-up,RG,3,baseline-s2-bulk-up-rg-r3-20260924T103255Z,2026-09-24T10:40:14Z,fast_retrans_segs_srv,0,segments
s2,bulk-up,RG,3,baseline-s2-bulk-up-rg-r3-20260924T103255Z,2026-09-24T10:40:14Z,early_retrans_segs_cli,0,segments
s2,bulk-up,RG,3,baseline-s2-bulk-up-rg-r3-20260924T103255Z,2026-09-24T10:40:14Z,early_retrans_segs_srv,0,segments
s2,bulk-up,RG,3,baseline-s2-bulk-up-rg-r3-20260924T103255Z,2026-09-24T10:40:14Z,lost_segs_cli,0,segments
s2,bulk-up,RG,3,baseline-s2-bulk-up-rg-r3-20260924T103255Z,2026-09-24T10:40:14Z,lost_segs_srv,0,segments
s2,bulk-up,RG,3,baseline-s2-bulk-up-rg-r3-20260924T103255Z,2026-09-24T10:40:14Z,repeat_segs_cli,0,segments
s2,bulk-up,RG,3,baseline-s2-bulk-up-rg-r3-20260924T103255Z,2026-09-24T10:40:14Z,repeat_segs_srv,0,segments
s2,bulk-up,GG,4,baseline-s2-bulk-up-gg-r4-20260924T103255Z,2026-09-24T10:40:52Z,goodput_mbit_s,137.180823748,Mbit/s
s2,bulk-up,GG,4,baseline-s2-bulk-up-gg-r4-20260924T103255Z,2026-09-24T10:40:52Z,tcp_retransmits,10,segments
s2,bulk-up,GG,4,baseline-s2-bulk-up-gg-r4-20260924T103255Z,2026-09-24T10:40:52Z,cpu_s_per_gb_cli,32.9384996544,s/GB
s2,bulk-up,GG,4,baseline-s2-bulk-up-gg-r4-20260924T103255Z,2026-09-24T10:40:52Z,cpu_s_per_gb_srv,25.2858270315,s/GB
s2,bulk-up,GG,4,baseline-s2-bulk-up-gg-r4-20260924T103255Z,2026-09-24T10:40:52Z,cpu_s_per_gb_total,58.2243266859,s/GB
s2,bulk-up,GG,4,baseline-s2-bulk-up-gg-r4-20260924T103255Z,2026-09-24T10:40:52Z,rss_kb_cli,29320,kB
s2,bulk-up,GG,4,baseline-s2-bulk-up-gg-r4-20260924T103255Z,2026-09-24T10:40:52Z,rss_kb_srv,28116,kB
s2,bulk-up,GG,4,baseline-s2-bulk-up-gg-r4-20260924T103255Z,2026-09-24T10:40:52Z,hwm_kb_cli,29320,kB
s2,bulk-up,GG,4,baseline-s2-bulk-up-gg-r4-20260924T103255Z,2026-09-24T10:40:52Z,hwm_kb_srv,28292,kB
s2,bulk-up,GG,4,baseline-s2-bulk-up-gg-r4-20260924T103255Z,2026-09-24T10:40:52Z,out_segs_cli,371416,segments
s2,bulk-up,GG,4,baseline-s2-bulk-up-gg-r4-20260924T103255Z,2026-09-24T10:40:52Z,out_segs_srv,8055,segments
s2,bulk-up,GG,4,baseline-s2-bulk-up-gg-r4-20260924T103255Z,2026-09-24T10:40:52Z,retrans_pct_cli,0,% of OutSegs
s2,bulk-up,GG,4,baseline-s2-bulk-up-gg-r4-20260924T103255Z,2026-09-24T10:40:52Z,retrans_pct_srv,0,% of OutSegs
s2,bulk-up,GG,4,baseline-s2-bulk-up-gg-r4-20260924T103255Z,2026-09-24T10:40:52Z,retrans_segs_cli,0,segments
s2,bulk-up,GG,4,baseline-s2-bulk-up-gg-r4-20260924T103255Z,2026-09-24T10:40:52Z,retrans_segs_srv,0,segments
s2,bulk-up,GG,4,baseline-s2-bulk-up-gg-r4-20260924T103255Z,2026-09-24T10:40:52Z,fast_retrans_segs_cli,0,segments
s2,bulk-up,GG,4,baseline-s2-bulk-up-gg-r4-20260924T103255Z,2026-09-24T10:40:52Z,fast_retrans_segs_srv,0,segments
s2,bulk-up,GG,4,baseline-s2-bulk-up-gg-r4-20260924T103255Z,2026-09-24T10:40:52Z,early_retrans_segs_cli,0,segments
s2,bulk-up,GG,4,baseline-s2-bulk-up-gg-r4-20260924T103255Z,2026-09-24T10:40:52Z,early_retrans_segs_srv,0,segments
s2,bulk-up,GG,4,baseline-s2-bulk-up-gg-r4-20260924T103255Z,2026-09-24T10:40:52Z,lost_segs_cli,0,segments
s2,bulk-up,GG,4,baseline-s2-bulk-up-gg-r4-20260924T103255Z,2026-09-24T10:40:52Z,lost_segs_srv,0,segments
s2,bulk-up,GG,4,baseline-s2-bulk-up-gg-r4-20260924T103255Z,2026-09-24T10:40:52Z,repeat_segs_cli,0,segments
s2,bulk-up,GG,4,baseline-s2-bulk-up-gg-r4-20260924T103255Z,2026-09-24T10:40:52Z,repeat_segs_srv,0,segments
s2,bulk-up,RR,4,baseline-s2-bulk-up-rr-r4-20260924T103255Z,2026-09-24T10:41:30Z,goodput_mbit_s,250.618903742,Mbit/s
s2,bulk-up,RR,4,baseline-s2-bulk-up-rr-r4-20260924T103255Z,2026-09-24T10:41:30Z,tcp_retransmits,3,segments
s2,bulk-up,RR,4,baseline-s2-bulk-up-rr-r4-20260924T103255Z,2026-09-24T10:41:30Z,cpu_s_per_gb_cli,15.5390005478,s/GB
s2,bulk-up,RR,4,baseline-s2-bulk-up-rr-r4-20260924T103255Z,2026-09-24T10:41:30Z,cpu_s_per_gb_srv,15.5071583336,s/GB
s2,bulk-up,RR,4,baseline-s2-bulk-up-rr-r4-20260924T103255Z,2026-09-24T10:41:30Z,cpu_s_per_gb_total,31.0461588813,s/GB
s2,bulk-up,RR,4,baseline-s2-bulk-up-rr-r4-20260924T103255Z,2026-09-24T10:41:30Z,rss_kb_cli,5660,kB
s2,bulk-up,RR,4,baseline-s2-bulk-up-rr-r4-20260924T103255Z,2026-09-24T10:41:30Z,rss_kb_srv,7004,kB
s2,bulk-up,RR,4,baseline-s2-bulk-up-rr-r4-20260924T103255Z,2026-09-24T10:41:30Z,hwm_kb_cli,5668,kB
s2,bulk-up,RR,4,baseline-s2-bulk-up-rr-r4-20260924T103255Z,2026-09-24T10:41:30Z,hwm_kb_srv,7004,kB
s2,bulk-up,RR,4,baseline-s2-bulk-up-rr-r4-20260924T103255Z,2026-09-24T10:41:30Z,out_segs_cli,583071,segments
s2,bulk-up,RR,4,baseline-s2-bulk-up-rr-r4-20260924T103255Z,2026-09-24T10:41:30Z,out_segs_srv,11837,segments
s2,bulk-up,RR,4,baseline-s2-bulk-up-rr-r4-20260924T103255Z,2026-09-24T10:41:30Z,retrans_pct_cli,0,% of OutSegs
s2,bulk-up,RR,4,baseline-s2-bulk-up-rr-r4-20260924T103255Z,2026-09-24T10:41:30Z,retrans_pct_srv,0,% of OutSegs
s2,bulk-up,RR,4,baseline-s2-bulk-up-rr-r4-20260924T103255Z,2026-09-24T10:41:30Z,retrans_segs_cli,0,segments
s2,bulk-up,RR,4,baseline-s2-bulk-up-rr-r4-20260924T103255Z,2026-09-24T10:41:30Z,retrans_segs_srv,0,segments
s2,bulk-up,RR,4,baseline-s2-bulk-up-rr-r4-20260924T103255Z,2026-09-24T10:41:30Z,fast_retrans_segs_cli,0,segments
s2,bulk-up,RR,4,baseline-s2-bulk-up-rr-r4-20260924T103255Z,2026-09-24T10:41:30Z,fast_retrans_segs_srv,0,segments
s2,bulk-up,RR,4,baseline-s2-bulk-up-rr-r4-20260924T103255Z,2026-09-24T10:41:30Z,early_retrans_segs_cli,0,segments
s2,bulk-up,RR,4,baseline-s2-bulk-up-rr-r4-20260924T103255Z,2026-09-24T10:41:30Z,early_retrans_segs_srv,0,segments
s2,bulk-up,RR,4,baseline-s2-bulk-up-rr-r4-20260924T103255Z,2026-09-24T10:41:30Z,lost_segs_cli,0,segments
s2,bulk-up,RR,4,baseline-s2-bulk-up-rr-r4-20260924T103255Z,2026-09-24T10:41:30Z,lost_segs_srv,0,segments
s2,bulk-up,RR,4,baseline-s2-bulk-up-rr-r4-20260924T103255Z,2026-09-24T10:41:30Z,repeat_segs_cli,0,segments
s2,bulk-up,RR,4,baseline-s2-bulk-up-rr-r4-20260924T103255Z,2026-09-24T10:41:30Z,repeat_segs_srv,0,segments
s2,bulk-up,GR,4,baseline-s2-bulk-up-gr-r4-20260924T103255Z,2026-09-24T10:42:09Z,goodput_mbit_s,182.115799146,Mbit/s
s2,bulk-up,GR,4,baseline-s2-bulk-up-gr-r4-20260924T103255Z,2026-09-24T10:42:09Z,tcp_retransmits,0,segments
s2,bulk-up,GR,4,baseline-s2-bulk-up-gr-r4-20260924T103255Z,2026-09-24T10:42:09Z,cpu_s_per_gb_cli,28.6020105236,s/GB
s2,bulk-up,GR,4,baseline-s2-bulk-up-gr-r4-20260924T103255Z,2026-09-24T10:42:09Z,cpu_s_per_gb_srv,14.5968881293,s/GB
s2,bulk-up,GR,4,baseline-s2-bulk-up-gr-r4-20260924T103255Z,2026-09-24T10:42:09Z,cpu_s_per_gb_total,43.198898653,s/GB
s2,bulk-up,GR,4,baseline-s2-bulk-up-gr-r4-20260924T103255Z,2026-09-24T10:42:09Z,rss_kb_cli,28992,kB
s2,bulk-up,GR,4,baseline-s2-bulk-up-gr-r4-20260924T103255Z,2026-09-24T10:42:09Z,rss_kb_srv,6724,kB
s2,bulk-up,GR,4,baseline-s2-bulk-up-gr-r4-20260924T103255Z,2026-09-24T10:42:09Z,hwm_kb_cli,28992,kB
s2,bulk-up,GR,4,baseline-s2-bulk-up-gr-r4-20260924T103255Z,2026-09-24T10:42:09Z,hwm_kb_srv,6724,kB
s2,bulk-up,GR,4,baseline-s2-bulk-up-gr-r4-20260924T103255Z,2026-09-24T10:42:09Z,out_segs_cli,481786,segments
s2,bulk-up,GR,4,baseline-s2-bulk-up-gr-r4-20260924T103255Z,2026-09-24T10:42:09Z,out_segs_srv,9606,segments
s2,bulk-up,GR,4,baseline-s2-bulk-up-gr-r4-20260924T103255Z,2026-09-24T10:42:09Z,retrans_pct_cli,0,% of OutSegs
s2,bulk-up,GR,4,baseline-s2-bulk-up-gr-r4-20260924T103255Z,2026-09-24T10:42:09Z,retrans_pct_srv,0,% of OutSegs
s2,bulk-up,GR,4,baseline-s2-bulk-up-gr-r4-20260924T103255Z,2026-09-24T10:42:09Z,retrans_segs_cli,0,segments
s2,bulk-up,GR,4,baseline-s2-bulk-up-gr-r4-20260924T103255Z,2026-09-24T10:42:09Z,retrans_segs_srv,0,segments
s2,bulk-up,GR,4,baseline-s2-bulk-up-gr-r4-20260924T103255Z,2026-09-24T10:42:09Z,fast_retrans_segs_cli,0,segments
s2,bulk-up,GR,4,baseline-s2-bulk-up-gr-r4-20260924T103255Z,2026-09-24T10:42:09Z,fast_retrans_segs_srv,0,segments
s2,bulk-up,GR,4,baseline-s2-bulk-up-gr-r4-20260924T103255Z,2026-09-24T10:42:09Z,early_retrans_segs_cli,0,segments
s2,bulk-up,GR,4,baseline-s2-bulk-up-gr-r4-20260924T103255Z,2026-09-24T10:42:09Z,early_retrans_segs_srv,0,segments
s2,bulk-up,GR,4,baseline-s2-bulk-up-gr-r4-20260924T103255Z,2026-09-24T10:42:09Z,lost_segs_cli,0,segments
s2,bulk-up,GR,4,baseline-s2-bulk-up-gr-r4-20260924T103255Z,2026-09-24T10:42:09Z,lost_segs_srv,0,segments
s2,bulk-up,GR,4,baseline-s2-bulk-up-gr-r4-20260924T103255Z,2026-09-24T10:42:09Z,repeat_segs_cli,0,segments
s2,bulk-up,GR,4,baseline-s2-bulk-up-gr-r4-20260924T103255Z,2026-09-24T10:42:09Z,repeat_segs_srv,0,segments
s2,bulk-up,RG,4,baseline-s2-bulk-up-rg-r4-20260924T103255Z,2026-09-24T10:42:47Z,goodput_mbit_s,260.861596129,Mbit/s
s2,bulk-up,RG,4,baseline-s2-bulk-up-rg-r4-20260924T103255Z,2026-09-24T10:42:47Z,tcp_retransmits,10,segments
s2,bulk-up,RG,4,baseline-s2-bulk-up-rg-r4-20260924T103255Z,2026-09-24T10:42:47Z,cpu_s_per_gb_cli,13.2638561432,s/GB
s2,bulk-up,RG,4,baseline-s2-bulk-up-rg-r4-20260924T103255Z,2026-09-24T10:42:47Z,cpu_s_per_gb_srv,16.5989433856,s/GB
s2,bulk-up,RG,4,baseline-s2-bulk-up-rg-r4-20260924T103255Z,2026-09-24T10:42:47Z,cpu_s_per_gb_total,29.8627995288,s/GB
s2,bulk-up,RG,4,baseline-s2-bulk-up-rg-r4-20260924T103255Z,2026-09-24T10:42:47Z,rss_kb_cli,5936,kB
s2,bulk-up,RG,4,baseline-s2-bulk-up-rg-r4-20260924T103255Z,2026-09-24T10:42:47Z,rss_kb_srv,29960,kB
s2,bulk-up,RG,4,baseline-s2-bulk-up-rg-r4-20260924T103255Z,2026-09-24T10:42:47Z,hwm_kb_cli,5944,kB
s2,bulk-up,RG,4,baseline-s2-bulk-up-rg-r4-20260924T103255Z,2026-09-24T10:42:47Z,hwm_kb_srv,30088,kB
s2,bulk-up,RG,4,baseline-s2-bulk-up-rg-r4-20260924T103255Z,2026-09-24T10:42:47Z,out_segs_cli,598055,segments
s2,bulk-up,RG,4,baseline-s2-bulk-up-rg-r4-20260924T103255Z,2026-09-24T10:42:47Z,out_segs_srv,13107,segments
s2,bulk-up,RG,4,baseline-s2-bulk-up-rg-r4-20260924T103255Z,2026-09-24T10:42:47Z,retrans_pct_cli,0,% of OutSegs
s2,bulk-up,RG,4,baseline-s2-bulk-up-rg-r4-20260924T103255Z,2026-09-24T10:42:47Z,retrans_pct_srv,0,% of OutSegs
s2,bulk-up,RG,4,baseline-s2-bulk-up-rg-r4-20260924T103255Z,2026-09-24T10:42:47Z,retrans_segs_cli,0,segments
s2,bulk-up,RG,4,baseline-s2-bulk-up-rg-r4-20260924T103255Z,2026-09-24T10:42:47Z,retrans_segs_srv,0,segments
s2,bulk-up,RG,4,baseline-s2-bulk-up-rg-r4-20260924T103255Z,2026-09-24T10:42:47Z,fast_retrans_segs_cli,0,segments
s2,bulk-up,RG,4,baseline-s2-bulk-up-rg-r4-20260924T103255Z,2026-09-24T10:42:47Z,fast_retrans_segs_srv,0,segments
s2,bulk-up,RG,4,baseline-s2-bulk-up-rg-r4-20260924T103255Z,2026-09-24T10:42:47Z,early_retrans_segs_cli,0,segments
s2,bulk-up,RG,4,baseline-s2-bulk-up-rg-r4-20260924T103255Z,2026-09-24T10:42:47Z,early_retrans_segs_srv,0,segments
s2,bulk-up,RG,4,baseline-s2-bulk-up-rg-r4-20260924T103255Z,2026-09-24T10:42:47Z,lost_segs_cli,0,segments
s2,bulk-up,RG,4,baseline-s2-bulk-up-rg-r4-20260924T103255Z,2026-09-24T10:42:47Z,lost_segs_srv,0,segments
s2,bulk-up,RG,4,baseline-s2-bulk-up-rg-r4-20260924T103255Z,2026-09-24T10:42:47Z,repeat_segs_cli,0,segments
s2,bulk-up,RG,4,baseline-s2-bulk-up-rg-r4-20260924T103255Z,2026-09-24T10:42:47Z,repeat_segs_srv,0,segments
s2,bulk-up,GG,5,baseline-s2-bulk-up-gg-r5-20260924T103255Z,2026-09-24T10:43:25Z,goodput_mbit_s,129.459508015,Mbit/s
s2,bulk-up,GG,5,baseline-s2-bulk-up-gg-r5-20260924T103255Z,2026-09-24T10:43:25Z,tcp_retransmits,14,segments
s2,bulk-up,GG,5,baseline-s2-bulk-up-gg-r5-20260924T103255Z,2026-09-24T10:43:25Z,cpu_s_per_gb_cli,32.7635139191,s/GB
s2,bulk-up,GG,5,baseline-s2-bulk-up-gg-r5-20260924T103255Z,2026-09-24T10:43:25Z,cpu_s_per_gb_srv,29.3699296148,s/GB
s2,bulk-up,GG,5,baseline-s2-bulk-up-gg-r5-20260924T103255Z,2026-09-24T10:43:25Z,cpu_s_per_gb_total,62.1334435339,s/GB
s2,bulk-up,GG,5,baseline-s2-bulk-up-gg-r5-20260924T103255Z,2026-09-24T10:43:25Z,rss_kb_cli,29252,kB
s2,bulk-up,GG,5,baseline-s2-bulk-up-gg-r5-20260924T103255Z,2026-09-24T10:43:25Z,rss_kb_srv,28468,kB
s2,bulk-up,GG,5,baseline-s2-bulk-up-gg-r5-20260924T103255Z,2026-09-24T10:43:25Z,hwm_kb_cli,29252,kB
s2,bulk-up,GG,5,baseline-s2-bulk-up-gg-r5-20260924T103255Z,2026-09-24T10:43:25Z,hwm_kb_srv,28468,kB
s2,bulk-up,GG,5,baseline-s2-bulk-up-gg-r5-20260924T103255Z,2026-09-24T10:43:25Z,out_segs_cli,340639,segments
s2,bulk-up,GG,5,baseline-s2-bulk-up-gg-r5-20260924T103255Z,2026-09-24T10:43:25Z,out_segs_srv,7388,segments
s2,bulk-up,GG,5,baseline-s2-bulk-up-gg-r5-20260924T103255Z,2026-09-24T10:43:25Z,retrans_pct_cli,0,% of OutSegs
s2,bulk-up,GG,5,baseline-s2-bulk-up-gg-r5-20260924T103255Z,2026-09-24T10:43:25Z,retrans_pct_srv,0,% of OutSegs
s2,bulk-up,GG,5,baseline-s2-bulk-up-gg-r5-20260924T103255Z,2026-09-24T10:43:25Z,retrans_segs_cli,0,segments
s2,bulk-up,GG,5,baseline-s2-bulk-up-gg-r5-20260924T103255Z,2026-09-24T10:43:25Z,retrans_segs_srv,0,segments
s2,bulk-up,GG,5,baseline-s2-bulk-up-gg-r5-20260924T103255Z,2026-09-24T10:43:25Z,fast_retrans_segs_cli,0,segments
s2,bulk-up,GG,5,baseline-s2-bulk-up-gg-r5-20260924T103255Z,2026-09-24T10:43:25Z,fast_retrans_segs_srv,0,segments
s2,bulk-up,GG,5,baseline-s2-bulk-up-gg-r5-20260924T103255Z,2026-09-24T10:43:25Z,early_retrans_segs_cli,0,segments
s2,bulk-up,GG,5,baseline-s2-bulk-up-gg-r5-20260924T103255Z,2026-09-24T10:43:25Z,early_retrans_segs_srv,0,segments
s2,bulk-up,GG,5,baseline-s2-bulk-up-gg-r5-20260924T103255Z,2026-09-24T10:43:25Z,lost_segs_cli,0,segments
s2,bulk-up,GG,5,baseline-s2-bulk-up-gg-r5-20260924T103255Z,2026-09-24T10:43:25Z,lost_segs_srv,0,segments
s2,bulk-up,GG,5,baseline-s2-bulk-up-gg-r5-20260924T103255Z,2026-09-24T10:43:25Z,repeat_segs_cli,0,segments
s2,bulk-up,GG,5,baseline-s2-bulk-up-gg-r5-20260924T103255Z,2026-09-24T10:43:25Z,repeat_segs_srv,0,segments
s2,bulk-up,RR,5,baseline-s2-bulk-up-rr-r5-20260924T103255Z,2026-09-24T10:44:03Z,goodput_mbit_s,229.68794769,Mbit/s
s2,bulk-up,RR,5,baseline-s2-bulk-up-rr-r5-20260924T103255Z,2026-09-24T10:44:03Z,tcp_retransmits,2,segments
s2,bulk-up,RR,5,baseline-s2-bulk-up-rr-r5-20260924T103255Z,2026-09-24T10:44:03Z,cpu_s_per_gb_cli,16.9020967188,s/GB
s2,bulk-up,RR,5,baseline-s2-bulk-up-rr-r5-20260924T103255Z,2026-09-24T10:44:03Z,cpu_s_per_gb_srv,16.8847256019,s/GB
s2,bulk-up,RR,5,baseline-s2-bulk-up-rr-r5-20260924T103255Z,2026-09-24T10:44:03Z,cpu_s_per_gb_total,33.7868223208,s/GB
s2,bulk-up,RR,5,baseline-s2-bulk-up-rr-r5-20260924T103255Z,2026-09-24T10:44:03Z,rss_kb_cli,5700,kB
s2,bulk-up,RR,5,baseline-s2-bulk-up-rr-r5-20260924T103255Z,2026-09-24T10:44:03Z,rss_kb_srv,6964,kB
s2,bulk-up,RR,5,baseline-s2-bulk-up-rr-r5-20260924T103255Z,2026-09-24T10:44:03Z,hwm_kb_cli,5708,kB
s2,bulk-up,RR,5,baseline-s2-bulk-up-rr-r5-20260924T103255Z,2026-09-24T10:44:03Z,hwm_kb_srv,6964,kB
s2,bulk-up,RR,5,baseline-s2-bulk-up-rr-r5-20260924T103255Z,2026-09-24T10:44:03Z,out_segs_cli,534633,segments
s2,bulk-up,RR,5,baseline-s2-bulk-up-rr-r5-20260924T103255Z,2026-09-24T10:44:03Z,out_segs_srv,11030,segments
s2,bulk-up,RR,5,baseline-s2-bulk-up-rr-r5-20260924T103255Z,2026-09-24T10:44:03Z,retrans_pct_cli,0,% of OutSegs
s2,bulk-up,RR,5,baseline-s2-bulk-up-rr-r5-20260924T103255Z,2026-09-24T10:44:03Z,retrans_pct_srv,0,% of OutSegs
s2,bulk-up,RR,5,baseline-s2-bulk-up-rr-r5-20260924T103255Z,2026-09-24T10:44:03Z,retrans_segs_cli,0,segments
s2,bulk-up,RR,5,baseline-s2-bulk-up-rr-r5-20260924T103255Z,2026-09-24T10:44:03Z,retrans_segs_srv,0,segments
s2,bulk-up,RR,5,baseline-s2-bulk-up-rr-r5-20260924T103255Z,2026-09-24T10:44:03Z,fast_retrans_segs_cli,0,segments
s2,bulk-up,RR,5,baseline-s2-bulk-up-rr-r5-20260924T103255Z,2026-09-24T10:44:03Z,fast_retrans_segs_srv,0,segments
s2,bulk-up,RR,5,baseline-s2-bulk-up-rr-r5-20260924T103255Z,2026-09-24T10:44:03Z,early_retrans_segs_cli,0,segments
s2,bulk-up,RR,5,baseline-s2-bulk-up-rr-r5-20260924T103255Z,2026-09-24T10:44:03Z,early_retrans_segs_srv,0,segments
s2,bulk-up,RR,5,baseline-s2-bulk-up-rr-r5-20260924T103255Z,2026-09-24T10:44:03Z,lost_segs_cli,0,segments
s2,bulk-up,RR,5,baseline-s2-bulk-up-rr-r5-20260924T103255Z,2026-09-24T10:44:03Z,lost_segs_srv,0,segments
s2,bulk-up,RR,5,baseline-s2-bulk-up-rr-r5-20260924T103255Z,2026-09-24T10:44:03Z,repeat_segs_cli,0,segments
s2,bulk-up,RR,5,baseline-s2-bulk-up-rr-r5-20260924T103255Z,2026-09-24T10:44:03Z,repeat_segs_srv,0,segments
s2,bulk-up,GR,5,baseline-s2-bulk-up-gr-r5-20260924T103255Z,2026-09-24T10:44:41Z,goodput_mbit_s,159.838459481,Mbit/s
s2,bulk-up,GR,5,baseline-s2-bulk-up-gr-r5-20260924T103255Z,2026-09-24T10:44:41Z,tcp_retransmits,4,segments
s2,bulk-up,GR,5,baseline-s2-bulk-up-gr-r5-20260924T103255Z,2026-09-24T10:44:41Z,cpu_s_per_gb_cli,32.3868172699,s/GB
s2,bulk-up,GR,5,baseline-s2-bulk-up-gr-r5-20260924T103255Z,2026-09-24T10:44:41Z,cpu_s_per_gb_srv,16.5932458852,s/GB
s2,bulk-up,GR,5,baseline-s2-bulk-up-gr-r5-20260924T103255Z,2026-09-24T10:44:41Z,cpu_s_per_gb_total,48.9800631551,s/GB
s2,bulk-up,GR,5,baseline-s2-bulk-up-gr-r5-20260924T103255Z,2026-09-24T10:44:41Z,rss_kb_cli,29076,kB
s2,bulk-up,GR,5,baseline-s2-bulk-up-gr-r5-20260924T103255Z,2026-09-24T10:44:41Z,rss_kb_srv,6632,kB
s2,bulk-up,GR,5,baseline-s2-bulk-up-gr-r5-20260924T103255Z,2026-09-24T10:44:41Z,hwm_kb_cli,29076,kB
s2,bulk-up,GR,5,baseline-s2-bulk-up-gr-r5-20260924T103255Z,2026-09-24T10:44:41Z,hwm_kb_srv,6632,kB
s2,bulk-up,GR,5,baseline-s2-bulk-up-gr-r5-20260924T103255Z,2026-09-24T10:44:41Z,out_segs_cli,423361,segments
s2,bulk-up,GR,5,baseline-s2-bulk-up-gr-r5-20260924T103255Z,2026-09-24T10:44:41Z,out_segs_srv,8531,segments
s2,bulk-up,GR,5,baseline-s2-bulk-up-gr-r5-20260924T103255Z,2026-09-24T10:44:41Z,retrans_pct_cli,0,% of OutSegs
s2,bulk-up,GR,5,baseline-s2-bulk-up-gr-r5-20260924T103255Z,2026-09-24T10:44:41Z,retrans_pct_srv,0,% of OutSegs
s2,bulk-up,GR,5,baseline-s2-bulk-up-gr-r5-20260924T103255Z,2026-09-24T10:44:41Z,retrans_segs_cli,0,segments
s2,bulk-up,GR,5,baseline-s2-bulk-up-gr-r5-20260924T103255Z,2026-09-24T10:44:41Z,retrans_segs_srv,0,segments
s2,bulk-up,GR,5,baseline-s2-bulk-up-gr-r5-20260924T103255Z,2026-09-24T10:44:41Z,fast_retrans_segs_cli,0,segments
s2,bulk-up,GR,5,baseline-s2-bulk-up-gr-r5-20260924T103255Z,2026-09-24T10:44:41Z,fast_retrans_segs_srv,0,segments
s2,bulk-up,GR,5,baseline-s2-bulk-up-gr-r5-20260924T103255Z,2026-09-24T10:44:41Z,early_retrans_segs_cli,0,segments
s2,bulk-up,GR,5,baseline-s2-bulk-up-gr-r5-20260924T103255Z,2026-09-24T10:44:41Z,early_retrans_segs_srv,0,segments
s2,bulk-up,GR,5,baseline-s2-bulk-up-gr-r5-20260924T103255Z,2026-09-24T10:44:41Z,lost_segs_cli,0,segments
s2,bulk-up,GR,5,baseline-s2-bulk-up-gr-r5-20260924T103255Z,2026-09-24T10:44:41Z,lost_segs_srv,0,segments
s2,bulk-up,GR,5,baseline-s2-bulk-up-gr-r5-20260924T103255Z,2026-09-24T10:44:41Z,repeat_segs_cli,0,segments
s2,bulk-up,GR,5,baseline-s2-bulk-up-gr-r5-20260924T103255Z,2026-09-24T10:44:41Z,repeat_segs_srv,0,segments
s2,bulk-up,RG,5,baseline-s2-bulk-up-rg-r5-20260924T103255Z,2026-09-24T10:45:19Z,goodput_mbit_s,207.163293496,Mbit/s
s2,bulk-up,RG,5,baseline-s2-bulk-up-rg-r5-20260924T103255Z,2026-09-24T10:45:19Z,tcp_retransmits,19,segments
s2,bulk-up,RG,5,baseline-s2-bulk-up-rg-r5-20260924T103255Z,2026-09-24T10:45:19Z,cpu_s_per_gb_cli,15.9138380879,s/GB
s2,bulk-up,RG,5,baseline-s2-bulk-up-rg-r5-20260924T103255Z,2026-09-24T10:45:19Z,cpu_s_per_gb_srv,21.4817548039,s/GB
s2,bulk-up,RG,5,baseline-s2-bulk-up-rg-r5-20260924T103255Z,2026-09-24T10:45:19Z,cpu_s_per_gb_total,37.3955928918,s/GB
s2,bulk-up,RG,5,baseline-s2-bulk-up-rg-r5-20260924T103255Z,2026-09-24T10:45:19Z,rss_kb_cli,5852,kB
s2,bulk-up,RG,5,baseline-s2-bulk-up-rg-r5-20260924T103255Z,2026-09-24T10:45:19Z,rss_kb_srv,28028,kB
s2,bulk-up,RG,5,baseline-s2-bulk-up-rg-r5-20260924T103255Z,2026-09-24T10:45:19Z,hwm_kb_cli,5860,kB
s2,bulk-up,RG,5,baseline-s2-bulk-up-rg-r5-20260924T103255Z,2026-09-24T10:45:19Z,hwm_kb_srv,28028,kB
s2,bulk-up,RG,5,baseline-s2-bulk-up-rg-r5-20260924T103255Z,2026-09-24T10:45:19Z,out_segs_cli,476830,segments
s2,bulk-up,RG,5,baseline-s2-bulk-up-rg-r5-20260924T103255Z,2026-09-24T10:45:19Z,out_segs_srv,10307,segments
s2,bulk-up,RG,5,baseline-s2-bulk-up-rg-r5-20260924T103255Z,2026-09-24T10:45:19Z,retrans_pct_cli,0,% of OutSegs
s2,bulk-up,RG,5,baseline-s2-bulk-up-rg-r5-20260924T103255Z,2026-09-24T10:45:19Z,retrans_pct_srv,0,% of OutSegs
s2,bulk-up,RG,5,baseline-s2-bulk-up-rg-r5-20260924T103255Z,2026-09-24T10:45:19Z,retrans_segs_cli,0,segments
s2,bulk-up,RG,5,baseline-s2-bulk-up-rg-r5-20260924T103255Z,2026-09-24T10:45:19Z,retrans_segs_srv,0,segments
s2,bulk-up,RG,5,baseline-s2-bulk-up-rg-r5-20260924T103255Z,2026-09-24T10:45:19Z,fast_retrans_segs_cli,0,segments
s2,bulk-up,RG,5,baseline-s2-bulk-up-rg-r5-20260924T103255Z,2026-09-24T10:45:19Z,fast_retrans_segs_srv,0,segments
s2,bulk-up,RG,5,baseline-s2-bulk-up-rg-r5-20260924T103255Z,2026-09-24T10:45:19Z,early_retrans_segs_cli,0,segments
s2,bulk-up,RG,5,baseline-s2-bulk-up-rg-r5-20260924T103255Z,2026-09-24T10:45:19Z,early_retrans_segs_srv,0,segments
s2,bulk-up,RG,5,baseline-s2-bulk-up-rg-r5-20260924T103255Z,2026-09-24T10:45:19Z,lost_segs_cli,0,segments
s2,bulk-up,RG,5,baseline-s2-bulk-up-rg-r5-20260924T103255Z,2026-09-24T10:45:19Z,lost_segs_srv,0,segments
s2,bulk-up,RG,5,baseline-s2-bulk-up-rg-r5-20260924T103255Z,2026-09-24T10:45:19Z,repeat_segs_cli,0,segments
s2,bulk-up,RG,5,baseline-s2-bulk-up-rg-r5-20260924T103255Z,2026-09-24T10:45:19Z,repeat_segs_srv,0,segments
s2,bulk-down,GG,1,baseline-s2-bulk-down-gg-r1-20260924T104647Z,2026-09-24T10:47:05Z,goodput_mbit_s,112.476977011,Mbit/s
s2,bulk-down,GG,1,baseline-s2-bulk-down-gg-r1-20260924T104647Z,2026-09-24T10:47:05Z,tcp_retransmits,6,segments
s2,bulk-down,GG,1,baseline-s2-bulk-down-gg-r1-20260924T104647Z,2026-09-24T10:47:05Z,cpu_s_per_gb_cli,36.7249047101,s/GB
s2,bulk-down,GG,1,baseline-s2-bulk-down-gg-r1-20260924T104647Z,2026-09-24T10:47:05Z,cpu_s_per_gb_srv,36.2271809289,s/GB
s2,bulk-down,GG,1,baseline-s2-bulk-down-gg-r1-20260924T104647Z,2026-09-24T10:47:05Z,cpu_s_per_gb_total,72.952085639,s/GB
s2,bulk-down,GG,1,baseline-s2-bulk-down-gg-r1-20260924T104647Z,2026-09-24T10:47:05Z,rss_kb_cli,28160,kB
s2,bulk-down,GG,1,baseline-s2-bulk-down-gg-r1-20260924T104647Z,2026-09-24T10:47:05Z,rss_kb_srv,27716,kB
s2,bulk-down,GG,1,baseline-s2-bulk-down-gg-r1-20260924T104647Z,2026-09-24T10:47:05Z,hwm_kb_cli,28252,kB
s2,bulk-down,GG,1,baseline-s2-bulk-down-gg-r1-20260924T104647Z,2026-09-24T10:47:05Z,hwm_kb_srv,27716,kB
s2,bulk-down,GG,1,baseline-s2-bulk-down-gg-r1-20260924T104647Z,2026-09-24T10:47:05Z,out_segs_cli,7014,segments
s2,bulk-down,GG,1,baseline-s2-bulk-down-gg-r1-20260924T104647Z,2026-09-24T10:47:05Z,out_segs_srv,293539,segments
s2,bulk-down,GG,1,baseline-s2-bulk-down-gg-r1-20260924T104647Z,2026-09-24T10:47:05Z,retrans_pct_cli,0,% of OutSegs
s2,bulk-down,GG,1,baseline-s2-bulk-down-gg-r1-20260924T104647Z,2026-09-24T10:47:05Z,retrans_pct_srv,0,% of OutSegs
s2,bulk-down,GG,1,baseline-s2-bulk-down-gg-r1-20260924T104647Z,2026-09-24T10:47:05Z,retrans_segs_cli,0,segments
s2,bulk-down,GG,1,baseline-s2-bulk-down-gg-r1-20260924T104647Z,2026-09-24T10:47:05Z,retrans_segs_srv,0,segments
s2,bulk-down,GG,1,baseline-s2-bulk-down-gg-r1-20260924T104647Z,2026-09-24T10:47:05Z,fast_retrans_segs_cli,0,segments
s2,bulk-down,GG,1,baseline-s2-bulk-down-gg-r1-20260924T104647Z,2026-09-24T10:47:05Z,fast_retrans_segs_srv,0,segments
s2,bulk-down,GG,1,baseline-s2-bulk-down-gg-r1-20260924T104647Z,2026-09-24T10:47:05Z,early_retrans_segs_cli,0,segments
s2,bulk-down,GG,1,baseline-s2-bulk-down-gg-r1-20260924T104647Z,2026-09-24T10:47:05Z,early_retrans_segs_srv,0,segments
s2,bulk-down,GG,1,baseline-s2-bulk-down-gg-r1-20260924T104647Z,2026-09-24T10:47:05Z,lost_segs_cli,0,segments
s2,bulk-down,GG,1,baseline-s2-bulk-down-gg-r1-20260924T104647Z,2026-09-24T10:47:05Z,lost_segs_srv,0,segments
s2,bulk-down,GG,1,baseline-s2-bulk-down-gg-r1-20260924T104647Z,2026-09-24T10:47:05Z,repeat_segs_cli,0,segments
s2,bulk-down,GG,1,baseline-s2-bulk-down-gg-r1-20260924T104647Z,2026-09-24T10:47:05Z,repeat_segs_srv,0,segments
s2,bulk-down,RR,1,baseline-s2-bulk-down-rr-r1-20260924T104647Z,2026-09-24T10:47:44Z,goodput_mbit_s,239.292939867,Mbit/s
s2,bulk-down,RR,1,baseline-s2-bulk-down-rr-r1-20260924T104647Z,2026-09-24T10:47:44Z,tcp_retransmits,2,segments
s2,bulk-down,RR,1,baseline-s2-bulk-down-rr-r1-20260924T104647Z,2026-09-24T10:47:44Z,cpu_s_per_gb_cli,16.265120243,s/GB
s2,bulk-down,RR,1,baseline-s2-bulk-down-rr-r1-20260924T104647Z,2026-09-24T10:47:44Z,cpu_s_per_gb_srv,16.2818367078,s/GB
s2,bulk-down,RR,1,baseline-s2-bulk-down-rr-r1-20260924T104647Z,2026-09-24T10:47:44Z,cpu_s_per_gb_total,32.5469569508,s/GB
s2,bulk-down,RR,1,baseline-s2-bulk-down-rr-r1-20260924T104647Z,2026-09-24T10:47:44Z,rss_kb_cli,6052,kB
s2,bulk-down,RR,1,baseline-s2-bulk-down-rr-r1-20260924T104647Z,2026-09-24T10:47:44Z,rss_kb_srv,5560,kB
s2,bulk-down,RR,1,baseline-s2-bulk-down-rr-r1-20260924T104647Z,2026-09-24T10:47:44Z,hwm_kb_cli,6824,kB
s2,bulk-down,RR,1,baseline-s2-bulk-down-rr-r1-20260924T104647Z,2026-09-24T10:47:44Z,hwm_kb_srv,5560,kB
s2,bulk-down,RR,1,baseline-s2-bulk-down-rr-r1-20260924T104647Z,2026-09-24T10:47:44Z,out_segs_cli,11701,segments
s2,bulk-down,RR,1,baseline-s2-bulk-down-rr-r1-20260924T104647Z,2026-09-24T10:47:44Z,out_segs_srv,519123,segments
s2,bulk-down,RR,1,baseline-s2-bulk-down-rr-r1-20260924T104647Z,2026-09-24T10:47:44Z,retrans_pct_cli,0,% of OutSegs
s2,bulk-down,RR,1,baseline-s2-bulk-down-rr-r1-20260924T104647Z,2026-09-24T10:47:44Z,retrans_pct_srv,0,% of OutSegs
s2,bulk-down,RR,1,baseline-s2-bulk-down-rr-r1-20260924T104647Z,2026-09-24T10:47:44Z,retrans_segs_cli,0,segments
s2,bulk-down,RR,1,baseline-s2-bulk-down-rr-r1-20260924T104647Z,2026-09-24T10:47:44Z,retrans_segs_srv,0,segments
s2,bulk-down,RR,1,baseline-s2-bulk-down-rr-r1-20260924T104647Z,2026-09-24T10:47:44Z,fast_retrans_segs_cli,0,segments
s2,bulk-down,RR,1,baseline-s2-bulk-down-rr-r1-20260924T104647Z,2026-09-24T10:47:44Z,fast_retrans_segs_srv,0,segments
s2,bulk-down,RR,1,baseline-s2-bulk-down-rr-r1-20260924T104647Z,2026-09-24T10:47:44Z,early_retrans_segs_cli,0,segments
s2,bulk-down,RR,1,baseline-s2-bulk-down-rr-r1-20260924T104647Z,2026-09-24T10:47:44Z,early_retrans_segs_srv,0,segments
s2,bulk-down,RR,1,baseline-s2-bulk-down-rr-r1-20260924T104647Z,2026-09-24T10:47:44Z,lost_segs_cli,0,segments
s2,bulk-down,RR,1,baseline-s2-bulk-down-rr-r1-20260924T104647Z,2026-09-24T10:47:44Z,lost_segs_srv,0,segments
s2,bulk-down,RR,1,baseline-s2-bulk-down-rr-r1-20260924T104647Z,2026-09-24T10:47:44Z,repeat_segs_cli,0,segments
s2,bulk-down,RR,1,baseline-s2-bulk-down-rr-r1-20260924T104647Z,2026-09-24T10:47:44Z,repeat_segs_srv,0,segments
s2,bulk-down,GR,1,baseline-s2-bulk-down-gr-r1-20260924T104647Z,2026-09-24T10:48:21Z,goodput_mbit_s,237.64947206,Mbit/s
s2,bulk-down,GR,1,baseline-s2-bulk-down-gr-r1-20260924T104647Z,2026-09-24T10:48:21Z,tcp_retransmits,9,segments
s2,bulk-down,GR,1,baseline-s2-bulk-down-gr-r1-20260924T104647Z,2026-09-24T10:48:21Z,cpu_s_per_gb_cli,18.4465396123,s/GB
s2,bulk-down,GR,1,baseline-s2-bulk-down-gr-r1-20260924T104647Z,2026-09-24T10:48:21Z,cpu_s_per_gb_srv,14.6259515722,s/GB
s2,bulk-down,GR,1,baseline-s2-bulk-down-gr-r1-20260924T104647Z,2026-09-24T10:48:21Z,cpu_s_per_gb_total,33.0724911844,s/GB
s2,bulk-down,GR,1,baseline-s2-bulk-down-gr-r1-20260924T104647Z,2026-09-24T10:48:21Z,rss_kb_cli,29664,kB
s2,bulk-down,GR,1,baseline-s2-bulk-down-gr-r1-20260924T104647Z,2026-09-24T10:48:21Z,rss_kb_srv,5252,kB
s2,bulk-down,GR,1,baseline-s2-bulk-down-gr-r1-20260924T104647Z,2026-09-24T10:48:21Z,hwm_kb_cli,29664,kB
s2,bulk-down,GR,1,baseline-s2-bulk-down-gr-r1-20260924T104647Z,2026-09-24T10:48:21Z,hwm_kb_srv,5252,kB
s2,bulk-down,GR,1,baseline-s2-bulk-down-gr-r1-20260924T104647Z,2026-09-24T10:48:21Z,out_segs_cli,12483,segments
s2,bulk-down,GR,1,baseline-s2-bulk-down-gr-r1-20260924T104647Z,2026-09-24T10:48:21Z,out_segs_srv,525322,segments
s2,bulk-down,GR,1,baseline-s2-bulk-down-gr-r1-20260924T104647Z,2026-09-24T10:48:21Z,retrans_pct_cli,0,% of OutSegs
s2,bulk-down,GR,1,baseline-s2-bulk-down-gr-r1-20260924T104647Z,2026-09-24T10:48:21Z,retrans_pct_srv,0,% of OutSegs
s2,bulk-down,GR,1,baseline-s2-bulk-down-gr-r1-20260924T104647Z,2026-09-24T10:48:21Z,retrans_segs_cli,0,segments
s2,bulk-down,GR,1,baseline-s2-bulk-down-gr-r1-20260924T104647Z,2026-09-24T10:48:21Z,retrans_segs_srv,0,segments
s2,bulk-down,GR,1,baseline-s2-bulk-down-gr-r1-20260924T104647Z,2026-09-24T10:48:21Z,fast_retrans_segs_cli,0,segments
s2,bulk-down,GR,1,baseline-s2-bulk-down-gr-r1-20260924T104647Z,2026-09-24T10:48:21Z,fast_retrans_segs_srv,0,segments
s2,bulk-down,GR,1,baseline-s2-bulk-down-gr-r1-20260924T104647Z,2026-09-24T10:48:21Z,early_retrans_segs_cli,0,segments
s2,bulk-down,GR,1,baseline-s2-bulk-down-gr-r1-20260924T104647Z,2026-09-24T10:48:21Z,early_retrans_segs_srv,0,segments
s2,bulk-down,GR,1,baseline-s2-bulk-down-gr-r1-20260924T104647Z,2026-09-24T10:48:21Z,lost_segs_cli,0,segments
s2,bulk-down,GR,1,baseline-s2-bulk-down-gr-r1-20260924T104647Z,2026-09-24T10:48:21Z,lost_segs_srv,0,segments
s2,bulk-down,GR,1,baseline-s2-bulk-down-gr-r1-20260924T104647Z,2026-09-24T10:48:21Z,repeat_segs_cli,0,segments
s2,bulk-down,GR,1,baseline-s2-bulk-down-gr-r1-20260924T104647Z,2026-09-24T10:48:21Z,repeat_segs_srv,0,segments
s2,bulk-down,RG,1,baseline-s2-bulk-down-rg-r1-20260924T104647Z,2026-09-24T10:49:00Z,goodput_mbit_s,150.416279309,Mbit/s
s2,bulk-down,RG,1,baseline-s2-bulk-down-rg-r1-20260924T104647Z,2026-09-24T10:49:00Z,tcp_retransmits,3,segments
s2,bulk-down,RG,1,baseline-s2-bulk-down-rg-r1-20260924T104647Z,2026-09-24T10:49:00Z,cpu_s_per_gb_cli,17.7638046249,s/GB
s2,bulk-down,RG,1,baseline-s2-bulk-down-rg-r1-20260924T104647Z,2026-09-24T10:49:00Z,cpu_s_per_gb_srv,34.4905008959,s/GB
s2,bulk-down,RG,1,baseline-s2-bulk-down-rg-r1-20260924T104647Z,2026-09-24T10:49:00Z,cpu_s_per_gb_total,52.2543055208,s/GB
s2,bulk-down,RG,1,baseline-s2-bulk-down-rg-r1-20260924T104647Z,2026-09-24T10:49:00Z,rss_kb_cli,5700,kB
s2,bulk-down,RG,1,baseline-s2-bulk-down-rg-r1-20260924T104647Z,2026-09-24T10:49:00Z,rss_kb_srv,27772,kB
s2,bulk-down,RG,1,baseline-s2-bulk-down-rg-r1-20260924T104647Z,2026-09-24T10:49:00Z,hwm_kb_cli,5708,kB
s2,bulk-down,RG,1,baseline-s2-bulk-down-rg-r1-20260924T104647Z,2026-09-24T10:49:00Z,hwm_kb_srv,27772,kB
s2,bulk-down,RG,1,baseline-s2-bulk-down-rg-r1-20260924T104647Z,2026-09-24T10:49:00Z,out_segs_cli,8549,segments
s2,bulk-down,RG,1,baseline-s2-bulk-down-rg-r1-20260924T104647Z,2026-09-24T10:49:00Z,out_segs_srv,382653,segments
s2,bulk-down,RG,1,baseline-s2-bulk-down-rg-r1-20260924T104647Z,2026-09-24T10:49:00Z,retrans_pct_cli,0,% of OutSegs
s2,bulk-down,RG,1,baseline-s2-bulk-down-rg-r1-20260924T104647Z,2026-09-24T10:49:00Z,retrans_pct_srv,0,% of OutSegs
s2,bulk-down,RG,1,baseline-s2-bulk-down-rg-r1-20260924T104647Z,2026-09-24T10:49:00Z,retrans_segs_cli,0,segments
s2,bulk-down,RG,1,baseline-s2-bulk-down-rg-r1-20260924T104647Z,2026-09-24T10:49:00Z,retrans_segs_srv,0,segments
s2,bulk-down,RG,1,baseline-s2-bulk-down-rg-r1-20260924T104647Z,2026-09-24T10:49:00Z,fast_retrans_segs_cli,0,segments
s2,bulk-down,RG,1,baseline-s2-bulk-down-rg-r1-20260924T104647Z,2026-09-24T10:49:00Z,fast_retrans_segs_srv,0,segments
s2,bulk-down,RG,1,baseline-s2-bulk-down-rg-r1-20260924T104647Z,2026-09-24T10:49:00Z,early_retrans_segs_cli,0,segments
s2,bulk-down,RG,1,baseline-s2-bulk-down-rg-r1-20260924T104647Z,2026-09-24T10:49:00Z,early_retrans_segs_srv,0,segments
s2,bulk-down,RG,1,baseline-s2-bulk-down-rg-r1-20260924T104647Z,2026-09-24T10:49:00Z,lost_segs_cli,0,segments
s2,bulk-down,RG,1,baseline-s2-bulk-down-rg-r1-20260924T104647Z,2026-09-24T10:49:00Z,lost_segs_srv,0,segments
s2,bulk-down,RG,1,baseline-s2-bulk-down-rg-r1-20260924T104647Z,2026-09-24T10:49:00Z,repeat_segs_cli,0,segments
s2,bulk-down,RG,1,baseline-s2-bulk-down-rg-r1-20260924T104647Z,2026-09-24T10:49:00Z,repeat_segs_srv,0,segments
s2,bulk-down,GG,2,baseline-s2-bulk-down-gg-r2-20260924T104647Z,2026-09-24T10:49:38Z,goodput_mbit_s,117.141169822,Mbit/s
s2,bulk-down,GG,2,baseline-s2-bulk-down-gg-r2-20260924T104647Z,2026-09-24T10:49:38Z,tcp_retransmits,9,segments
s2,bulk-down,GG,2,baseline-s2-bulk-down-gg-r2-20260924T104647Z,2026-09-24T10:49:38Z,cpu_s_per_gb_cli,32.5998737241,s/GB
s2,bulk-down,GG,2,baseline-s2-bulk-down-gg-r2-20260924T104647Z,2026-09-24T10:49:38Z,cpu_s_per_gb_srv,36.7986009158,s/GB
s2,bulk-down,GG,2,baseline-s2-bulk-down-gg-r2-20260924T104647Z,2026-09-24T10:49:38Z,cpu_s_per_gb_total,69.39847464,s/GB
s2,bulk-down,GG,2,baseline-s2-bulk-down-gg-r2-20260924T104647Z,2026-09-24T10:49:38Z,rss_kb_cli,28404,kB
s2,bulk-down,GG,2,baseline-s2-bulk-down-gg-r2-20260924T104647Z,2026-09-24T10:49:38Z,rss_kb_srv,28096,kB
s2,bulk-down,GG,2,baseline-s2-bulk-down-gg-r2-20260924T104647Z,2026-09-24T10:49:38Z,hwm_kb_cli,28468,kB
s2,bulk-down,GG,2,baseline-s2-bulk-down-gg-r2-20260924T104647Z,2026-09-24T10:49:38Z,hwm_kb_srv,28096,kB
s2,bulk-down,GG,2,baseline-s2-bulk-down-gg-r2-20260924T104647Z,2026-09-24T10:49:38Z,out_segs_cli,7155,segments
s2,bulk-down,GG,2,baseline-s2-bulk-down-gg-r2-20260924T104647Z,2026-09-24T10:49:38Z,out_segs_srv,304712,segments
s2,bulk-down,GG,2,baseline-s2-bulk-down-gg-r2-20260924T104647Z,2026-09-24T10:49:38Z,retrans_pct_cli,0,% of OutSegs
s2,bulk-down,GG,2,baseline-s2-bulk-down-gg-r2-20260924T104647Z,2026-09-24T10:49:38Z,retrans_pct_srv,0,% of OutSegs
s2,bulk-down,GG,2,baseline-s2-bulk-down-gg-r2-20260924T104647Z,2026-09-24T10:49:38Z,retrans_segs_cli,0,segments
s2,bulk-down,GG,2,baseline-s2-bulk-down-gg-r2-20260924T104647Z,2026-09-24T10:49:38Z,retrans_segs_srv,0,segments
s2,bulk-down,GG,2,baseline-s2-bulk-down-gg-r2-20260924T104647Z,2026-09-24T10:49:38Z,fast_retrans_segs_cli,0,segments
s2,bulk-down,GG,2,baseline-s2-bulk-down-gg-r2-20260924T104647Z,2026-09-24T10:49:38Z,fast_retrans_segs_srv,0,segments
s2,bulk-down,GG,2,baseline-s2-bulk-down-gg-r2-20260924T104647Z,2026-09-24T10:49:38Z,early_retrans_segs_cli,0,segments
s2,bulk-down,GG,2,baseline-s2-bulk-down-gg-r2-20260924T104647Z,2026-09-24T10:49:38Z,early_retrans_segs_srv,0,segments
s2,bulk-down,GG,2,baseline-s2-bulk-down-gg-r2-20260924T104647Z,2026-09-24T10:49:38Z,lost_segs_cli,0,segments
s2,bulk-down,GG,2,baseline-s2-bulk-down-gg-r2-20260924T104647Z,2026-09-24T10:49:38Z,lost_segs_srv,0,segments
s2,bulk-down,GG,2,baseline-s2-bulk-down-gg-r2-20260924T104647Z,2026-09-24T10:49:38Z,repeat_segs_cli,0,segments
s2,bulk-down,GG,2,baseline-s2-bulk-down-gg-r2-20260924T104647Z,2026-09-24T10:49:38Z,repeat_segs_srv,0,segments
s2,bulk-down,RR,2,baseline-s2-bulk-down-rr-r2-20260924T104647Z,2026-09-24T10:50:17Z,goodput_mbit_s,247.133719636,Mbit/s
s2,bulk-down,RR,2,baseline-s2-bulk-down-rr-r2-20260924T104647Z,2026-09-24T10:50:17Z,tcp_retransmits,4,segments
s2,bulk-down,RR,2,baseline-s2-bulk-down-rr-r2-20260924T104647Z,2026-09-24T10:50:17Z,cpu_s_per_gb_cli,15.7637468677,s/GB
s2,bulk-down,RR,2,baseline-s2-bulk-down-rr-r2-20260924T104647Z,2026-09-24T10:50:17Z,cpu_s_per_gb_srv,15.7637468677,s/GB
s2,bulk-down,RR,2,baseline-s2-bulk-down-rr-r2-20260924T104647Z,2026-09-24T10:50:17Z,cpu_s_per_gb_total,31.5274937354,s/GB
s2,bulk-down,RR,2,baseline-s2-bulk-down-rr-r2-20260924T104647Z,2026-09-24T10:50:17Z,rss_kb_cli,6116,kB
s2,bulk-down,RR,2,baseline-s2-bulk-down-rr-r2-20260924T104647Z,2026-09-24T10:50:17Z,rss_kb_srv,5292,kB
s2,bulk-down,RR,2,baseline-s2-bulk-down-rr-r2-20260924T104647Z,2026-09-24T10:50:17Z,hwm_kb_cli,6124,kB
s2,bulk-down,RR,2,baseline-s2-bulk-down-rr-r2-20260924T104647Z,2026-09-24T10:50:17Z,hwm_kb_srv,5292,kB
s2,bulk-down,RR,2,baseline-s2-bulk-down-rr-r2-20260924T104647Z,2026-09-24T10:50:17Z,out_segs_cli,12225,segments
s2,bulk-down,RR,2,baseline-s2-bulk-down-rr-r2-20260924T104647Z,2026-09-24T10:50:17Z,out_segs_srv,542363,segments
s2,bulk-down,RR,2,baseline-s2-bulk-down-rr-r2-20260924T104647Z,2026-09-24T10:50:17Z,retrans_pct_cli,0,% of OutSegs
s2,bulk-down,RR,2,baseline-s2-bulk-down-rr-r2-20260924T104647Z,2026-09-24T10:50:17Z,retrans_pct_srv,0,% of OutSegs
s2,bulk-down,RR,2,baseline-s2-bulk-down-rr-r2-20260924T104647Z,2026-09-24T10:50:17Z,retrans_segs_cli,0,segments
s2,bulk-down,RR,2,baseline-s2-bulk-down-rr-r2-20260924T104647Z,2026-09-24T10:50:17Z,retrans_segs_srv,0,segments
s2,bulk-down,RR,2,baseline-s2-bulk-down-rr-r2-20260924T104647Z,2026-09-24T10:50:17Z,fast_retrans_segs_cli,0,segments
s2,bulk-down,RR,2,baseline-s2-bulk-down-rr-r2-20260924T104647Z,2026-09-24T10:50:17Z,fast_retrans_segs_srv,0,segments
s2,bulk-down,RR,2,baseline-s2-bulk-down-rr-r2-20260924T104647Z,2026-09-24T10:50:17Z,early_retrans_segs_cli,0,segments
s2,bulk-down,RR,2,baseline-s2-bulk-down-rr-r2-20260924T104647Z,2026-09-24T10:50:17Z,early_retrans_segs_srv,0,segments
s2,bulk-down,RR,2,baseline-s2-bulk-down-rr-r2-20260924T104647Z,2026-09-24T10:50:17Z,lost_segs_cli,0,segments
s2,bulk-down,RR,2,baseline-s2-bulk-down-rr-r2-20260924T104647Z,2026-09-24T10:50:17Z,lost_segs_srv,0,segments
s2,bulk-down,RR,2,baseline-s2-bulk-down-rr-r2-20260924T104647Z,2026-09-24T10:50:17Z,repeat_segs_cli,0,segments
s2,bulk-down,RR,2,baseline-s2-bulk-down-rr-r2-20260924T104647Z,2026-09-24T10:50:17Z,repeat_segs_srv,0,segments
s2,bulk-down,GR,2,baseline-s2-bulk-down-gr-r2-20260924T104647Z,2026-09-24T10:50:54Z,goodput_mbit_s,229.32823803,Mbit/s
s2,bulk-down,GR,2,baseline-s2-bulk-down-gr-r2-20260924T104647Z,2026-09-24T10:50:54Z,tcp_retransmits,6,segments
s2,bulk-down,GR,2,baseline-s2-bulk-down-gr-r2-20260924T104647Z,2026-09-24T10:50:54Z,cpu_s_per_gb_cli,19.1868632473,s/GB
s2,bulk-down,GR,2,baseline-s2-bulk-down-gr-r2-20260924T104647Z,2026-09-24T10:50:54Z,cpu_s_per_gb_srv,14.9657533329,s/GB
s2,bulk-down,GR,2,baseline-s2-bulk-down-gr-r2-20260924T104647Z,2026-09-24T10:50:54Z,cpu_s_per_gb_total,34.1526165802,s/GB
s2,bulk-down,GR,2,baseline-s2-bulk-down-gr-r2-20260924T104647Z,2026-09-24T10:50:54Z,rss_kb_cli,29560,kB
s2,bulk-down,GR,2,baseline-s2-bulk-down-gr-r2-20260924T104647Z,2026-09-24T10:50:54Z,rss_kb_srv,5464,kB
s2,bulk-down,GR,2,baseline-s2-bulk-down-gr-r2-20260924T104647Z,2026-09-24T10:50:54Z,hwm_kb_cli,29752,kB
s2,bulk-down,GR,2,baseline-s2-bulk-down-gr-r2-20260924T104647Z,2026-09-24T10:50:54Z,hwm_kb_srv,5464,kB
s2,bulk-down,GR,2,baseline-s2-bulk-down-gr-r2-20260924T104647Z,2026-09-24T10:50:54Z,out_segs_cli,12060,segments
s2,bulk-down,GR,2,baseline-s2-bulk-down-gr-r2-20260924T104647Z,2026-09-24T10:50:54Z,out_segs_srv,511328,segments
s2,bulk-down,GR,2,baseline-s2-bulk-down-gr-r2-20260924T104647Z,2026-09-24T10:50:54Z,retrans_pct_cli,0,% of OutSegs
s2,bulk-down,GR,2,baseline-s2-bulk-down-gr-r2-20260924T104647Z,2026-09-24T10:50:54Z,retrans_pct_srv,0,% of OutSegs
s2,bulk-down,GR,2,baseline-s2-bulk-down-gr-r2-20260924T104647Z,2026-09-24T10:50:54Z,retrans_segs_cli,0,segments
s2,bulk-down,GR,2,baseline-s2-bulk-down-gr-r2-20260924T104647Z,2026-09-24T10:50:54Z,retrans_segs_srv,0,segments
s2,bulk-down,GR,2,baseline-s2-bulk-down-gr-r2-20260924T104647Z,2026-09-24T10:50:54Z,fast_retrans_segs_cli,0,segments
s2,bulk-down,GR,2,baseline-s2-bulk-down-gr-r2-20260924T104647Z,2026-09-24T10:50:54Z,fast_retrans_segs_srv,0,segments
s2,bulk-down,GR,2,baseline-s2-bulk-down-gr-r2-20260924T104647Z,2026-09-24T10:50:54Z,early_retrans_segs_cli,0,segments
s2,bulk-down,GR,2,baseline-s2-bulk-down-gr-r2-20260924T104647Z,2026-09-24T10:50:54Z,early_retrans_segs_srv,0,segments
s2,bulk-down,GR,2,baseline-s2-bulk-down-gr-r2-20260924T104647Z,2026-09-24T10:50:54Z,lost_segs_cli,0,segments
s2,bulk-down,GR,2,baseline-s2-bulk-down-gr-r2-20260924T104647Z,2026-09-24T10:50:54Z,lost_segs_srv,0,segments
s2,bulk-down,GR,2,baseline-s2-bulk-down-gr-r2-20260924T104647Z,2026-09-24T10:50:54Z,repeat_segs_cli,0,segments
s2,bulk-down,GR,2,baseline-s2-bulk-down-gr-r2-20260924T104647Z,2026-09-24T10:50:54Z,repeat_segs_srv,0,segments
s2,bulk-down,RG,2,baseline-s2-bulk-down-rg-r2-20260924T104647Z,2026-09-24T10:51:33Z,goodput_mbit_s,166.391939387,Mbit/s
s2,bulk-down,RG,2,baseline-s2-bulk-down-rg-r2-20260924T104647Z,2026-09-24T10:51:33Z,tcp_retransmits,2,segments
s2,bulk-down,RG,2,baseline-s2-bulk-down-rg-r2-20260924T104647Z,2026-09-24T10:51:33Z,cpu_s_per_gb_cli,16.1048970886,s/GB
s2,bulk-down,RG,2,baseline-s2-bulk-down-rg-r2-20260924T104647Z,2026-09-24T10:51:33Z,cpu_s_per_gb_srv,31.392530743,s/GB
s2,bulk-down,RG,2,baseline-s2-bulk-down-rg-r2-20260924T104647Z,2026-09-24T10:51:33Z,cpu_s_per_gb_total,47.4974278316,s/GB
s2,bulk-down,RG,2,baseline-s2-bulk-down-rg-r2-20260924T104647Z,2026-09-24T10:51:33Z,rss_kb_cli,5872,kB
s2,bulk-down,RG,2,baseline-s2-bulk-down-rg-r2-20260924T104647Z,2026-09-24T10:51:33Z,rss_kb_srv,28796,kB
s2,bulk-down,RG,2,baseline-s2-bulk-down-rg-r2-20260924T104647Z,2026-09-24T10:51:33Z,hwm_kb_cli,5880,kB
s2,bulk-down,RG,2,baseline-s2-bulk-down-rg-r2-20260924T104647Z,2026-09-24T10:51:33Z,hwm_kb_srv,28796,kB
s2,bulk-down,RG,2,baseline-s2-bulk-down-rg-r2-20260924T104647Z,2026-09-24T10:51:33Z,out_segs_cli,9351,segments
s2,bulk-down,RG,2,baseline-s2-bulk-down-rg-r2-20260924T104647Z,2026-09-24T10:51:33Z,out_segs_srv,428611,segments
s2,bulk-down,RG,2,baseline-s2-bulk-down-rg-r2-20260924T104647Z,2026-09-24T10:51:33Z,retrans_pct_cli,0,% of OutSegs
s2,bulk-down,RG,2,baseline-s2-bulk-down-rg-r2-20260924T104647Z,2026-09-24T10:51:33Z,retrans_pct_srv,0,% of OutSegs
s2,bulk-down,RG,2,baseline-s2-bulk-down-rg-r2-20260924T104647Z,2026-09-24T10:51:33Z,retrans_segs_cli,0,segments
s2,bulk-down,RG,2,baseline-s2-bulk-down-rg-r2-20260924T104647Z,2026-09-24T10:51:33Z,retrans_segs_srv,0,segments
s2,bulk-down,RG,2,baseline-s2-bulk-down-rg-r2-20260924T104647Z,2026-09-24T10:51:33Z,fast_retrans_segs_cli,0,segments
s2,bulk-down,RG,2,baseline-s2-bulk-down-rg-r2-20260924T104647Z,2026-09-24T10:51:33Z,fast_retrans_segs_srv,0,segments
s2,bulk-down,RG,2,baseline-s2-bulk-down-rg-r2-20260924T104647Z,2026-09-24T10:51:33Z,early_retrans_segs_cli,0,segments
s2,bulk-down,RG,2,baseline-s2-bulk-down-rg-r2-20260924T104647Z,2026-09-24T10:51:33Z,early_retrans_segs_srv,0,segments
s2,bulk-down,RG,2,baseline-s2-bulk-down-rg-r2-20260924T104647Z,2026-09-24T10:51:33Z,lost_segs_cli,0,segments
s2,bulk-down,RG,2,baseline-s2-bulk-down-rg-r2-20260924T104647Z,2026-09-24T10:51:33Z,lost_segs_srv,0,segments
s2,bulk-down,RG,2,baseline-s2-bulk-down-rg-r2-20260924T104647Z,2026-09-24T10:51:33Z,repeat_segs_cli,0,segments
s2,bulk-down,RG,2,baseline-s2-bulk-down-rg-r2-20260924T104647Z,2026-09-24T10:51:33Z,repeat_segs_srv,0,segments
s2,bulk-down,GG,3,baseline-s2-bulk-down-gg-r3-20260924T104647Z,2026-09-24T10:52:12Z,goodput_mbit_s,114.33455094,Mbit/s
s2,bulk-down,GG,3,baseline-s2-bulk-down-gg-r3-20260924T104647Z,2026-09-24T10:52:12Z,tcp_retransmits,11,segments
s2,bulk-down,GG,3,baseline-s2-bulk-down-gg-r3-20260924T104647Z,2026-09-24T10:52:12Z,cpu_s_per_gb_cli,34.4406673386,s/GB
s2,bulk-down,GG,3,baseline-s2-bulk-down-gg-r3-20260924T104647Z,2026-09-24T10:52:12Z,cpu_s_per_gb_srv,37.0630531766,s/GB
s2,bulk-down,GG,3,baseline-s2-bulk-down-gg-r3-20260924T104647Z,2026-09-24T10:52:12Z,cpu_s_per_gb_total,71.5037205152,s/GB
s2,bulk-down,GG,3,baseline-s2-bulk-down-gg-r3-20260924T104647Z,2026-09-24T10:52:12Z,rss_kb_cli,29608,kB
s2,bulk-down,GG,3,baseline-s2-bulk-down-gg-r3-20260924T104647Z,2026-09-24T10:52:12Z,rss_kb_srv,29168,kB
s2,bulk-down,GG,3,baseline-s2-bulk-down-gg-r3-20260924T104647Z,2026-09-24T10:52:12Z,hwm_kb_cli,29608,kB
s2,bulk-down,GG,3,baseline-s2-bulk-down-gg-r3-20260924T104647Z,2026-09-24T10:52:12Z,hwm_kb_srv,29168,kB
s2,bulk-down,GG,3,baseline-s2-bulk-down-gg-r3-20260924T104647Z,2026-09-24T10:52:12Z,out_segs_cli,7292,segments
s2,bulk-down,GG,3,baseline-s2-bulk-down-gg-r3-20260924T104647Z,2026-09-24T10:52:12Z,out_segs_srv,306367,segments
s2,bulk-down,GG,3,baseline-s2-bulk-down-gg-r3-20260924T104647Z,2026-09-24T10:52:12Z,retrans_pct_cli,0,% of OutSegs
s2,bulk-down,GG,3,baseline-s2-bulk-down-gg-r3-20260924T104647Z,2026-09-24T10:52:12Z,retrans_pct_srv,0,% of OutSegs
s2,bulk-down,GG,3,baseline-s2-bulk-down-gg-r3-20260924T104647Z,2026-09-24T10:52:12Z,retrans_segs_cli,0,segments
s2,bulk-down,GG,3,baseline-s2-bulk-down-gg-r3-20260924T104647Z,2026-09-24T10:52:12Z,retrans_segs_srv,0,segments
s2,bulk-down,GG,3,baseline-s2-bulk-down-gg-r3-20260924T104647Z,2026-09-24T10:52:12Z,fast_retrans_segs_cli,0,segments
s2,bulk-down,GG,3,baseline-s2-bulk-down-gg-r3-20260924T104647Z,2026-09-24T10:52:12Z,fast_retrans_segs_srv,0,segments
s2,bulk-down,GG,3,baseline-s2-bulk-down-gg-r3-20260924T104647Z,2026-09-24T10:52:12Z,early_retrans_segs_cli,0,segments
s2,bulk-down,GG,3,baseline-s2-bulk-down-gg-r3-20260924T104647Z,2026-09-24T10:52:12Z,early_retrans_segs_srv,0,segments
s2,bulk-down,GG,3,baseline-s2-bulk-down-gg-r3-20260924T104647Z,2026-09-24T10:52:12Z,lost_segs_cli,0,segments
s2,bulk-down,GG,3,baseline-s2-bulk-down-gg-r3-20260924T104647Z,2026-09-24T10:52:12Z,lost_segs_srv,0,segments
s2,bulk-down,GG,3,baseline-s2-bulk-down-gg-r3-20260924T104647Z,2026-09-24T10:52:12Z,repeat_segs_cli,0,segments
s2,bulk-down,GG,3,baseline-s2-bulk-down-gg-r3-20260924T104647Z,2026-09-24T10:52:12Z,repeat_segs_srv,0,segments
s2,bulk-down,RR,3,baseline-s2-bulk-down-rr-r3-20260924T104647Z,2026-09-24T10:52:50Z,goodput_mbit_s,245.659726461,Mbit/s
s2,bulk-down,RR,3,baseline-s2-bulk-down-rr-r3-20260924T104647Z,2026-09-24T10:52:50Z,tcp_retransmits,2,segments
s2,bulk-down,RR,3,baseline-s2-bulk-down-rr-r3-20260924T104647Z,2026-09-24T10:52:50Z,cpu_s_per_gb_cli,15.9067828789,s/GB
s2,bulk-down,RR,3,baseline-s2-bulk-down-rr-r3-20260924T104647Z,2026-09-24T10:52:50Z,cpu_s_per_gb_srv,15.9067828789,s/GB
s2,bulk-down,RR,3,baseline-s2-bulk-down-rr-r3-20260924T104647Z,2026-09-24T10:52:50Z,cpu_s_per_gb_total,31.8135657577,s/GB
s2,bulk-down,RR,3,baseline-s2-bulk-down-rr-r3-20260924T104647Z,2026-09-24T10:52:50Z,rss_kb_cli,6140,kB
s2,bulk-down,RR,3,baseline-s2-bulk-down-rr-r3-20260924T104647Z,2026-09-24T10:52:50Z,rss_kb_srv,5336,kB
s2,bulk-down,RR,3,baseline-s2-bulk-down-rr-r3-20260924T104647Z,2026-09-24T10:52:50Z,hwm_kb_cli,6148,kB
s2,bulk-down,RR,3,baseline-s2-bulk-down-rr-r3-20260924T104647Z,2026-09-24T10:52:50Z,hwm_kb_srv,5336,kB
s2,bulk-down,RR,3,baseline-s2-bulk-down-rr-r3-20260924T104647Z,2026-09-24T10:52:50Z,out_segs_cli,12252,segments
s2,bulk-down,RR,3,baseline-s2-bulk-down-rr-r3-20260924T104647Z,2026-09-24T10:52:50Z,out_segs_srv,560258,segments
s2,bulk-down,RR,3,baseline-s2-bulk-down-rr-r3-20260924T104647Z,2026-09-24T10:52:50Z,retrans_pct_cli,0,% of OutSegs
s2,bulk-down,RR,3,baseline-s2-bulk-down-rr-r3-20260924T104647Z,2026-09-24T10:52:50Z,retrans_pct_srv,0,% of OutSegs
s2,bulk-down,RR,3,baseline-s2-bulk-down-rr-r3-20260924T104647Z,2026-09-24T10:52:50Z,retrans_segs_cli,0,segments
s2,bulk-down,RR,3,baseline-s2-bulk-down-rr-r3-20260924T104647Z,2026-09-24T10:52:50Z,retrans_segs_srv,0,segments
s2,bulk-down,RR,3,baseline-s2-bulk-down-rr-r3-20260924T104647Z,2026-09-24T10:52:50Z,fast_retrans_segs_cli,0,segments
s2,bulk-down,RR,3,baseline-s2-bulk-down-rr-r3-20260924T104647Z,2026-09-24T10:52:50Z,fast_retrans_segs_srv,0,segments
s2,bulk-down,RR,3,baseline-s2-bulk-down-rr-r3-20260924T104647Z,2026-09-24T10:52:50Z,early_retrans_segs_cli,0,segments
s2,bulk-down,RR,3,baseline-s2-bulk-down-rr-r3-20260924T104647Z,2026-09-24T10:52:50Z,early_retrans_segs_srv,0,segments
s2,bulk-down,RR,3,baseline-s2-bulk-down-rr-r3-20260924T104647Z,2026-09-24T10:52:50Z,lost_segs_cli,0,segments
s2,bulk-down,RR,3,baseline-s2-bulk-down-rr-r3-20260924T104647Z,2026-09-24T10:52:50Z,lost_segs_srv,0,segments
s2,bulk-down,RR,3,baseline-s2-bulk-down-rr-r3-20260924T104647Z,2026-09-24T10:52:50Z,repeat_segs_cli,0,segments
s2,bulk-down,RR,3,baseline-s2-bulk-down-rr-r3-20260924T104647Z,2026-09-24T10:52:50Z,repeat_segs_srv,0,segments
s2,bulk-down,GR,3,baseline-s2-bulk-down-gr-r3-20260924T104647Z,2026-09-24T10:53:28Z,goodput_mbit_s,223.097985654,Mbit/s
s2,bulk-down,GR,3,baseline-s2-bulk-down-gr-r3-20260924T104647Z,2026-09-24T10:53:28Z,tcp_retransmits,14,segments
s2,bulk-down,GR,3,baseline-s2-bulk-down-gr-r3-20260924T104647Z,2026-09-24T10:53:28Z,cpu_s_per_gb_cli,19.9027683424,s/GB
s2,bulk-down,GR,3,baseline-s2-bulk-down-gr-r3-20260924T104647Z,2026-09-24T10:53:28Z,cpu_s_per_gb_srv,15.2587890625,s/GB
s2,bulk-down,GR,3,baseline-s2-bulk-down-gr-r3-20260924T104647Z,2026-09-24T10:53:28Z,cpu_s_per_gb_total,35.1615574049,s/GB
s2,bulk-down,GR,3,baseline-s2-bulk-down-gr-r3-20260924T104647Z,2026-09-24T10:53:28Z,rss_kb_cli,29532,kB
s2,bulk-down,GR,3,baseline-s2-bulk-down-gr-r3-20260924T104647Z,2026-09-24T10:53:28Z,rss_kb_srv,5332,kB
s2,bulk-down,GR,3,baseline-s2-bulk-down-gr-r3-20260924T104647Z,2026-09-24T10:53:28Z,hwm_kb_cli,29532,kB
s2,bulk-down,GR,3,baseline-s2-bulk-down-gr-r3-20260924T104647Z,2026-09-24T10:53:28Z,hwm_kb_srv,5332,kB
s2,bulk-down,GR,3,baseline-s2-bulk-down-gr-r3-20260924T104647Z,2026-09-24T10:53:28Z,out_segs_cli,11906,segments
s2,bulk-down,GR,3,baseline-s2-bulk-down-gr-r3-20260924T104647Z,2026-09-24T10:53:28Z,out_segs_srv,509461,segments
s2,bulk-down,GR,3,baseline-s2-bulk-down-gr-r3-20260924T104647Z,2026-09-24T10:53:28Z,retrans_pct_cli,0,% of OutSegs
s2,bulk-down,GR,3,baseline-s2-bulk-down-gr-r3-20260924T104647Z,2026-09-24T10:53:28Z,retrans_pct_srv,0,% of OutSegs
s2,bulk-down,GR,3,baseline-s2-bulk-down-gr-r3-20260924T104647Z,2026-09-24T10:53:28Z,retrans_segs_cli,0,segments
s2,bulk-down,GR,3,baseline-s2-bulk-down-gr-r3-20260924T104647Z,2026-09-24T10:53:28Z,retrans_segs_srv,0,segments
s2,bulk-down,GR,3,baseline-s2-bulk-down-gr-r3-20260924T104647Z,2026-09-24T10:53:28Z,fast_retrans_segs_cli,0,segments
s2,bulk-down,GR,3,baseline-s2-bulk-down-gr-r3-20260924T104647Z,2026-09-24T10:53:28Z,fast_retrans_segs_srv,0,segments
s2,bulk-down,GR,3,baseline-s2-bulk-down-gr-r3-20260924T104647Z,2026-09-24T10:53:28Z,early_retrans_segs_cli,0,segments
s2,bulk-down,GR,3,baseline-s2-bulk-down-gr-r3-20260924T104647Z,2026-09-24T10:53:28Z,early_retrans_segs_srv,0,segments
s2,bulk-down,GR,3,baseline-s2-bulk-down-gr-r3-20260924T104647Z,2026-09-24T10:53:28Z,lost_segs_cli,0,segments
s2,bulk-down,GR,3,baseline-s2-bulk-down-gr-r3-20260924T104647Z,2026-09-24T10:53:28Z,lost_segs_srv,0,segments
s2,bulk-down,GR,3,baseline-s2-bulk-down-gr-r3-20260924T104647Z,2026-09-24T10:53:28Z,repeat_segs_cli,0,segments
s2,bulk-down,GR,3,baseline-s2-bulk-down-gr-r3-20260924T104647Z,2026-09-24T10:53:28Z,repeat_segs_srv,0,segments
s2,bulk-down,RG,3,baseline-s2-bulk-down-rg-r3-20260924T104647Z,2026-09-24T10:54:06Z,goodput_mbit_s,170.018607525,Mbit/s
s2,bulk-down,RG,3,baseline-s2-bulk-down-rg-r3-20260924T104647Z,2026-09-24T10:54:06Z,tcp_retransmits,2,segments
s2,bulk-down,RG,3,baseline-s2-bulk-down-rg-r3-20260924T104647Z,2026-09-24T10:54:06Z,cpu_s_per_gb_cli,15.8328168965,s/GB
s2,bulk-down,RG,3,baseline-s2-bulk-down-rg-r3-20260924T104647Z,2026-09-24T10:54:06Z,cpu_s_per_gb_srv,30.8187074805,s/GB
s2,bulk-down,RG,3,baseline-s2-bulk-down-rg-r3-20260924T104647Z,2026-09-24T10:54:06Z,cpu_s_per_gb_total,46.651524377,s/GB
s2,bulk-down,RG,3,baseline-s2-bulk-down-rg-r3-20260924T104647Z,2026-09-24T10:54:06Z,rss_kb_cli,5836,kB
s2,bulk-down,RG,3,baseline-s2-bulk-down-rg-r3-20260924T104647Z,2026-09-24T10:54:06Z,rss_kb_srv,27796,kB
s2,bulk-down,RG,3,baseline-s2-bulk-down-rg-r3-20260924T104647Z,2026-09-24T10:54:06Z,hwm_kb_cli,5844,kB
s2,bulk-down,RG,3,baseline-s2-bulk-down-rg-r3-20260924T104647Z,2026-09-24T10:54:06Z,hwm_kb_srv,27796,kB
s2,bulk-down,RG,3,baseline-s2-bulk-down-rg-r3-20260924T104647Z,2026-09-24T10:54:06Z,out_segs_cli,9521,segments
s2,bulk-down,RG,3,baseline-s2-bulk-down-rg-r3-20260924T104647Z,2026-09-24T10:54:06Z,out_segs_srv,434759,segments
s2,bulk-down,RG,3,baseline-s2-bulk-down-rg-r3-20260924T104647Z,2026-09-24T10:54:06Z,retrans_pct_cli,0,% of OutSegs
s2,bulk-down,RG,3,baseline-s2-bulk-down-rg-r3-20260924T104647Z,2026-09-24T10:54:06Z,retrans_pct_srv,0,% of OutSegs
s2,bulk-down,RG,3,baseline-s2-bulk-down-rg-r3-20260924T104647Z,2026-09-24T10:54:06Z,retrans_segs_cli,0,segments
s2,bulk-down,RG,3,baseline-s2-bulk-down-rg-r3-20260924T104647Z,2026-09-24T10:54:06Z,retrans_segs_srv,0,segments
s2,bulk-down,RG,3,baseline-s2-bulk-down-rg-r3-20260924T104647Z,2026-09-24T10:54:06Z,fast_retrans_segs_cli,0,segments
s2,bulk-down,RG,3,baseline-s2-bulk-down-rg-r3-20260924T104647Z,2026-09-24T10:54:06Z,fast_retrans_segs_srv,0,segments
s2,bulk-down,RG,3,baseline-s2-bulk-down-rg-r3-20260924T104647Z,2026-09-24T10:54:06Z,early_retrans_segs_cli,0,segments
s2,bulk-down,RG,3,baseline-s2-bulk-down-rg-r3-20260924T104647Z,2026-09-24T10:54:06Z,early_retrans_segs_srv,0,segments
s2,bulk-down,RG,3,baseline-s2-bulk-down-rg-r3-20260924T104647Z,2026-09-24T10:54:06Z,lost_segs_cli,0,segments
s2,bulk-down,RG,3,baseline-s2-bulk-down-rg-r3-20260924T104647Z,2026-09-24T10:54:06Z,lost_segs_srv,0,segments
s2,bulk-down,RG,3,baseline-s2-bulk-down-rg-r3-20260924T104647Z,2026-09-24T10:54:06Z,repeat_segs_cli,0,segments
s2,bulk-down,RG,3,baseline-s2-bulk-down-rg-r3-20260924T104647Z,2026-09-24T10:54:06Z,repeat_segs_srv,0,segments
s2,bulk-down,GG,4,baseline-s2-bulk-down-gg-r4-20260924T104647Z,2026-09-24T10:54:44Z,goodput_mbit_s,111.377120581,Mbit/s
s2,bulk-down,GG,4,baseline-s2-bulk-down-gg-r4-20260924T104647Z,2026-09-24T10:54:44Z,tcp_retransmits,7,segments
s2,bulk-down,GG,4,baseline-s2-bulk-down-gg-r4-20260924T104647Z,2026-09-24T10:54:44Z,cpu_s_per_gb_cli,37.5004137977,s/GB
s2,bulk-down,GG,4,baseline-s2-bulk-down-gg-r4-20260924T104647Z,2026-09-24T10:54:44Z,cpu_s_per_gb_srv,35.9558565244,s/GB
s2,bulk-down,GG,4,baseline-s2-bulk-down-gg-r4-20260924T104647Z,2026-09-24T10:54:44Z,cpu_s_per_gb_total,73.4562703221,s/GB
s2,bulk-down,GG,4,baseline-s2-bulk-down-gg-r4-20260924T104647Z,2026-09-24T10:54:44Z,rss_kb_cli,29680,kB
s2,bulk-down,GG,4,baseline-s2-bulk-down-gg-r4-20260924T104647Z,2026-09-24T10:54:44Z,rss_kb_srv,27584,kB
s2,bulk-down,GG,4,baseline-s2-bulk-down-gg-r4-20260924T104647Z,2026-09-24T10:54:44Z,hwm_kb_cli,29680,kB
s2,bulk-down,GG,4,baseline-s2-bulk-down-gg-r4-20260924T104647Z,2026-09-24T10:54:44Z,hwm_kb_srv,27584,kB
s2,bulk-down,GG,4,baseline-s2-bulk-down-gg-r4-20260924T104647Z,2026-09-24T10:54:44Z,out_segs_cli,6820,segments
s2,bulk-down,GG,4,baseline-s2-bulk-down-gg-r4-20260924T104647Z,2026-09-24T10:54:44Z,out_segs_srv,286134,segments
s2,bulk-down,GG,4,baseline-s2-bulk-down-gg-r4-20260924T104647Z,2026-09-24T10:54:44Z,retrans_pct_cli,0,% of OutSegs
s2,bulk-down,GG,4,baseline-s2-bulk-down-gg-r4-20260924T104647Z,2026-09-24T10:54:44Z,retrans_pct_srv,0,% of OutSegs
s2,bulk-down,GG,4,baseline-s2-bulk-down-gg-r4-20260924T104647Z,2026-09-24T10:54:44Z,retrans_segs_cli,0,segments
s2,bulk-down,GG,4,baseline-s2-bulk-down-gg-r4-20260924T104647Z,2026-09-24T10:54:44Z,retrans_segs_srv,0,segments
s2,bulk-down,GG,4,baseline-s2-bulk-down-gg-r4-20260924T104647Z,2026-09-24T10:54:44Z,fast_retrans_segs_cli,0,segments
s2,bulk-down,GG,4,baseline-s2-bulk-down-gg-r4-20260924T104647Z,2026-09-24T10:54:44Z,fast_retrans_segs_srv,0,segments
s2,bulk-down,GG,4,baseline-s2-bulk-down-gg-r4-20260924T104647Z,2026-09-24T10:54:44Z,early_retrans_segs_cli,0,segments
s2,bulk-down,GG,4,baseline-s2-bulk-down-gg-r4-20260924T104647Z,2026-09-24T10:54:44Z,early_retrans_segs_srv,0,segments
s2,bulk-down,GG,4,baseline-s2-bulk-down-gg-r4-20260924T104647Z,2026-09-24T10:54:44Z,lost_segs_cli,0,segments
s2,bulk-down,GG,4,baseline-s2-bulk-down-gg-r4-20260924T104647Z,2026-09-24T10:54:44Z,lost_segs_srv,0,segments
s2,bulk-down,GG,4,baseline-s2-bulk-down-gg-r4-20260924T104647Z,2026-09-24T10:54:44Z,repeat_segs_cli,0,segments
s2,bulk-down,GG,4,baseline-s2-bulk-down-gg-r4-20260924T104647Z,2026-09-24T10:54:44Z,repeat_segs_srv,0,segments
s2,bulk-down,RR,4,baseline-s2-bulk-down-rr-r4-20260924T104647Z,2026-09-24T10:55:23Z,goodput_mbit_s,256.137471428,Mbit/s
s2,bulk-down,RR,4,baseline-s2-bulk-down-rr-r4-20260924T104647Z,2026-09-24T10:55:23Z,tcp_retransmits,5,segments
s2,bulk-down,RR,4,baseline-s2-bulk-down-rr-r4-20260924T104647Z,2026-09-24T10:55:23Z,cpu_s_per_gb_cli,15.3368790782,s/GB
s2,bulk-down,RR,4,baseline-s2-bulk-down-rr-r4-20260924T104647Z,2026-09-24T10:55:23Z,cpu_s_per_gb_srv,15.3368790782,s/GB
s2,bulk-down,RR,4,baseline-s2-bulk-down-rr-r4-20260924T104647Z,2026-09-24T10:55:23Z,cpu_s_per_gb_total,30.6737581563,s/GB
s2,bulk-down,RR,4,baseline-s2-bulk-down-rr-r4-20260924T104647Z,2026-09-24T10:55:23Z,rss_kb_cli,5872,kB
s2,bulk-down,RR,4,baseline-s2-bulk-down-rr-r4-20260924T104647Z,2026-09-24T10:55:23Z,rss_kb_srv,5260,kB
s2,bulk-down,RR,4,baseline-s2-bulk-down-rr-r4-20260924T104647Z,2026-09-24T10:55:23Z,hwm_kb_cli,5880,kB
s2,bulk-down,RR,4,baseline-s2-bulk-down-rr-r4-20260924T104647Z,2026-09-24T10:55:23Z,hwm_kb_srv,5260,kB
s2,bulk-down,RR,4,baseline-s2-bulk-down-rr-r4-20260924T104647Z,2026-09-24T10:55:23Z,out_segs_cli,12744,segments
s2,bulk-down,RR,4,baseline-s2-bulk-down-rr-r4-20260924T104647Z,2026-09-24T10:55:23Z,out_segs_srv,572751,segments
s2,bulk-down,RR,4,baseline-s2-bulk-down-rr-r4-20260924T104647Z,2026-09-24T10:55:23Z,retrans_pct_cli,0,% of OutSegs
s2,bulk-down,RR,4,baseline-s2-bulk-down-rr-r4-20260924T104647Z,2026-09-24T10:55:23Z,retrans_pct_srv,0,% of OutSegs
s2,bulk-down,RR,4,baseline-s2-bulk-down-rr-r4-20260924T104647Z,2026-09-24T10:55:23Z,retrans_segs_cli,0,segments
s2,bulk-down,RR,4,baseline-s2-bulk-down-rr-r4-20260924T104647Z,2026-09-24T10:55:23Z,retrans_segs_srv,0,segments
s2,bulk-down,RR,4,baseline-s2-bulk-down-rr-r4-20260924T104647Z,2026-09-24T10:55:23Z,fast_retrans_segs_cli,0,segments
s2,bulk-down,RR,4,baseline-s2-bulk-down-rr-r4-20260924T104647Z,2026-09-24T10:55:23Z,fast_retrans_segs_srv,0,segments
s2,bulk-down,RR,4,baseline-s2-bulk-down-rr-r4-20260924T104647Z,2026-09-24T10:55:23Z,early_retrans_segs_cli,0,segments
s2,bulk-down,RR,4,baseline-s2-bulk-down-rr-r4-20260924T104647Z,2026-09-24T10:55:23Z,early_retrans_segs_srv,0,segments
s2,bulk-down,RR,4,baseline-s2-bulk-down-rr-r4-20260924T104647Z,2026-09-24T10:55:23Z,lost_segs_cli,0,segments
s2,bulk-down,RR,4,baseline-s2-bulk-down-rr-r4-20260924T104647Z,2026-09-24T10:55:23Z,lost_segs_srv,0,segments
s2,bulk-down,RR,4,baseline-s2-bulk-down-rr-r4-20260924T104647Z,2026-09-24T10:55:23Z,repeat_segs_cli,0,segments
s2,bulk-down,RR,4,baseline-s2-bulk-down-rr-r4-20260924T104647Z,2026-09-24T10:55:23Z,repeat_segs_srv,0,segments
s2,bulk-down,GR,4,baseline-s2-bulk-down-gr-r4-20260924T104647Z,2026-09-24T10:56:01Z,goodput_mbit_s,227.281734478,Mbit/s
s2,bulk-down,GR,4,baseline-s2-bulk-down-gr-r4-20260924T104647Z,2026-09-24T10:56:01Z,tcp_retransmits,8,segments
s2,bulk-down,GR,4,baseline-s2-bulk-down-gr-r4-20260924T104647Z,2026-09-24T10:56:01Z,cpu_s_per_gb_cli,19.5002748342,s/GB
s2,bulk-down,GR,4,baseline-s2-bulk-down-gr-r4-20260924T104647Z,2026-09-24T10:56:01Z,cpu_s_per_gb_srv,15.2939881145,s/GB
s2,bulk-down,GR,4,baseline-s2-bulk-down-gr-r4-20260924T104647Z,2026-09-24T10:56:01Z,cpu_s_per_gb_total,34.7942629487,s/GB
s2,bulk-down,GR,4,baseline-s2-bulk-down-gr-r4-20260924T104647Z,2026-09-24T10:56:01Z,rss_kb_cli,29472,kB
s2,bulk-down,GR,4,baseline-s2-bulk-down-gr-r4-20260924T104647Z,2026-09-24T10:56:01Z,rss_kb_srv,5304,kB
s2,bulk-down,GR,4,baseline-s2-bulk-down-gr-r4-20260924T104647Z,2026-09-24T10:56:01Z,hwm_kb_cli,29472,kB
s2,bulk-down,GR,4,baseline-s2-bulk-down-gr-r4-20260924T104647Z,2026-09-24T10:56:01Z,hwm_kb_srv,5304,kB
s2,bulk-down,GR,4,baseline-s2-bulk-down-gr-r4-20260924T104647Z,2026-09-24T10:56:01Z,out_segs_cli,12149,segments
s2,bulk-down,GR,4,baseline-s2-bulk-down-gr-r4-20260924T104647Z,2026-09-24T10:56:01Z,out_segs_srv,522178,segments
s2,bulk-down,GR,4,baseline-s2-bulk-down-gr-r4-20260924T104647Z,2026-09-24T10:56:01Z,retrans_pct_cli,0,% of OutSegs
s2,bulk-down,GR,4,baseline-s2-bulk-down-gr-r4-20260924T104647Z,2026-09-24T10:56:01Z,retrans_pct_srv,0,% of OutSegs
s2,bulk-down,GR,4,baseline-s2-bulk-down-gr-r4-20260924T104647Z,2026-09-24T10:56:01Z,retrans_segs_cli,0,segments
s2,bulk-down,GR,4,baseline-s2-bulk-down-gr-r4-20260924T104647Z,2026-09-24T10:56:01Z,retrans_segs_srv,0,segments
s2,bulk-down,GR,4,baseline-s2-bulk-down-gr-r4-20260924T104647Z,2026-09-24T10:56:01Z,fast_retrans_segs_cli,0,segments
s2,bulk-down,GR,4,baseline-s2-bulk-down-gr-r4-20260924T104647Z,2026-09-24T10:56:01Z,fast_retrans_segs_srv,0,segments
s2,bulk-down,GR,4,baseline-s2-bulk-down-gr-r4-20260924T104647Z,2026-09-24T10:56:01Z,early_retrans_segs_cli,0,segments
s2,bulk-down,GR,4,baseline-s2-bulk-down-gr-r4-20260924T104647Z,2026-09-24T10:56:01Z,early_retrans_segs_srv,0,segments
s2,bulk-down,GR,4,baseline-s2-bulk-down-gr-r4-20260924T104647Z,2026-09-24T10:56:01Z,lost_segs_cli,0,segments
s2,bulk-down,GR,4,baseline-s2-bulk-down-gr-r4-20260924T104647Z,2026-09-24T10:56:01Z,lost_segs_srv,0,segments
s2,bulk-down,GR,4,baseline-s2-bulk-down-gr-r4-20260924T104647Z,2026-09-24T10:56:01Z,repeat_segs_cli,0,segments
s2,bulk-down,GR,4,baseline-s2-bulk-down-gr-r4-20260924T104647Z,2026-09-24T10:56:01Z,repeat_segs_srv,0,segments
s2,bulk-down,RG,4,baseline-s2-bulk-down-rg-r4-20260924T104647Z,2026-09-24T10:56:39Z,goodput_mbit_s,162.994733507,Mbit/s
s2,bulk-down,RG,4,baseline-s2-bulk-down-rg-r4-20260924T104647Z,2026-09-24T10:56:39Z,tcp_retransmits,2,segments
s2,bulk-down,RG,4,baseline-s2-bulk-down-rg-r4-20260924T104647Z,2026-09-24T10:56:39Z,cpu_s_per_gb_cli,16.5643014107,s/GB
s2,bulk-down,RG,4,baseline-s2-bulk-down-rg-r4-20260924T104647Z,2026-09-24T10:56:39Z,cpu_s_per_gb_srv,31.9506969433,s/GB
s2,bulk-down,RG,4,baseline-s2-bulk-down-rg-r4-20260924T104647Z,2026-09-24T10:56:39Z,cpu_s_per_gb_total,48.5149983541,s/GB
s2,bulk-down,RG,4,baseline-s2-bulk-down-rg-r4-20260924T104647Z,2026-09-24T10:56:39Z,rss_kb_cli,5796,kB
s2,bulk-down,RG,4,baseline-s2-bulk-down-rg-r4-20260924T104647Z,2026-09-24T10:56:39Z,rss_kb_srv,27840,kB
s2,bulk-down,RG,4,baseline-s2-bulk-down-rg-r4-20260924T104647Z,2026-09-24T10:56:39Z,hwm_kb_cli,5804,kB
s2,bulk-down,RG,4,baseline-s2-bulk-down-rg-r4-20260924T104647Z,2026-09-24T10:56:39Z,hwm_kb_srv,27840,kB
s2,bulk-down,RG,4,baseline-s2-bulk-down-rg-r4-20260924T104647Z,2026-09-24T10:56:39Z,out_segs_cli,9206,segments
s2,bulk-down,RG,4,baseline-s2-bulk-down-rg-r4-20260924T104647Z,2026-09-24T10:56:39Z,out_segs_srv,421829,segments
s2,bulk-down,RG,4,baseline-s2-bulk-down-rg-r4-20260924T104647Z,2026-09-24T10:56:39Z,retrans_pct_cli,0,% of OutSegs
s2,bulk-down,RG,4,baseline-s2-bulk-down-rg-r4-20260924T104647Z,2026-09-24T10:56:39Z,retrans_pct_srv,0,% of OutSegs
s2,bulk-down,RG,4,baseline-s2-bulk-down-rg-r4-20260924T104647Z,2026-09-24T10:56:39Z,retrans_segs_cli,0,segments
s2,bulk-down,RG,4,baseline-s2-bulk-down-rg-r4-20260924T104647Z,2026-09-24T10:56:39Z,retrans_segs_srv,0,segments
s2,bulk-down,RG,4,baseline-s2-bulk-down-rg-r4-20260924T104647Z,2026-09-24T10:56:39Z,fast_retrans_segs_cli,0,segments
s2,bulk-down,RG,4,baseline-s2-bulk-down-rg-r4-20260924T104647Z,2026-09-24T10:56:39Z,fast_retrans_segs_srv,0,segments
s2,bulk-down,RG,4,baseline-s2-bulk-down-rg-r4-20260924T104647Z,2026-09-24T10:56:39Z,early_retrans_segs_cli,0,segments
s2,bulk-down,RG,4,baseline-s2-bulk-down-rg-r4-20260924T104647Z,2026-09-24T10:56:39Z,early_retrans_segs_srv,0,segments
s2,bulk-down,RG,4,baseline-s2-bulk-down-rg-r4-20260924T104647Z,2026-09-24T10:56:39Z,lost_segs_cli,0,segments
s2,bulk-down,RG,4,baseline-s2-bulk-down-rg-r4-20260924T104647Z,2026-09-24T10:56:39Z,lost_segs_srv,0,segments
s2,bulk-down,RG,4,baseline-s2-bulk-down-rg-r4-20260924T104647Z,2026-09-24T10:56:39Z,repeat_segs_cli,0,segments
s2,bulk-down,RG,4,baseline-s2-bulk-down-rg-r4-20260924T104647Z,2026-09-24T10:56:39Z,repeat_segs_srv,0,segments
s2,bulk-down,GG,5,baseline-s2-bulk-down-gg-r5-20260924T104647Z,2026-09-24T10:57:18Z,goodput_mbit_s,135.870643302,Mbit/s
s2,bulk-down,GG,5,baseline-s2-bulk-down-gg-r5-20260924T104647Z,2026-09-24T10:57:18Z,tcp_retransmits,10,segments
s2,bulk-down,GG,5,baseline-s2-bulk-down-gg-r5-20260924T104647Z,2026-09-24T10:57:18Z,cpu_s_per_gb_cli,28.4151513804,s/GB
s2,bulk-down,GG,5,baseline-s2-bulk-down-gg-r5-20260924T104647Z,2026-09-24T10:57:18Z,cpu_s_per_gb_srv,31.8308586966,s/GB
s2,bulk-down,GG,5,baseline-s2-bulk-down-gg-r5-20260924T104647Z,2026-09-24T10:57:18Z,cpu_s_per_gb_total,60.2460100769,s/GB
s2,bulk-down,GG,5,baseline-s2-bulk-down-gg-r5-20260924T104647Z,2026-09-24T10:57:18Z,rss_kb_cli,27916,kB
s2,bulk-down,GG,5,baseline-s2-bulk-down-gg-r5-20260924T104647Z,2026-09-24T10:57:18Z,rss_kb_srv,27912,kB
s2,bulk-down,GG,5,baseline-s2-bulk-down-gg-r5-20260924T104647Z,2026-09-24T10:57:18Z,hwm_kb_cli,28164,kB
s2,bulk-down,GG,5,baseline-s2-bulk-down-gg-r5-20260924T104647Z,2026-09-24T10:57:18Z,hwm_kb_srv,27912,kB
s2,bulk-down,GG,5,baseline-s2-bulk-down-gg-r5-20260924T104647Z,2026-09-24T10:57:18Z,out_segs_cli,8073,segments
s2,bulk-down,GG,5,baseline-s2-bulk-down-gg-r5-20260924T104647Z,2026-09-24T10:57:18Z,out_segs_srv,342519,segments
s2,bulk-down,GG,5,baseline-s2-bulk-down-gg-r5-20260924T104647Z,2026-09-24T10:57:18Z,retrans_pct_cli,0,% of OutSegs
s2,bulk-down,GG,5,baseline-s2-bulk-down-gg-r5-20260924T104647Z,2026-09-24T10:57:18Z,retrans_pct_srv,0,% of OutSegs
s2,bulk-down,GG,5,baseline-s2-bulk-down-gg-r5-20260924T104647Z,2026-09-24T10:57:18Z,retrans_segs_cli,0,segments
s2,bulk-down,GG,5,baseline-s2-bulk-down-gg-r5-20260924T104647Z,2026-09-24T10:57:18Z,retrans_segs_srv,0,segments
s2,bulk-down,GG,5,baseline-s2-bulk-down-gg-r5-20260924T104647Z,2026-09-24T10:57:18Z,fast_retrans_segs_cli,0,segments
s2,bulk-down,GG,5,baseline-s2-bulk-down-gg-r5-20260924T104647Z,2026-09-24T10:57:18Z,fast_retrans_segs_srv,0,segments
s2,bulk-down,GG,5,baseline-s2-bulk-down-gg-r5-20260924T104647Z,2026-09-24T10:57:18Z,early_retrans_segs_cli,0,segments
s2,bulk-down,GG,5,baseline-s2-bulk-down-gg-r5-20260924T104647Z,2026-09-24T10:57:18Z,early_retrans_segs_srv,0,segments
s2,bulk-down,GG,5,baseline-s2-bulk-down-gg-r5-20260924T104647Z,2026-09-24T10:57:18Z,lost_segs_cli,0,segments
s2,bulk-down,GG,5,baseline-s2-bulk-down-gg-r5-20260924T104647Z,2026-09-24T10:57:18Z,lost_segs_srv,0,segments
s2,bulk-down,GG,5,baseline-s2-bulk-down-gg-r5-20260924T104647Z,2026-09-24T10:57:18Z,repeat_segs_cli,0,segments
s2,bulk-down,GG,5,baseline-s2-bulk-down-gg-r5-20260924T104647Z,2026-09-24T10:57:18Z,repeat_segs_srv,0,segments
s2,bulk-down,RR,5,baseline-s2-bulk-down-rr-r5-20260924T104647Z,2026-09-24T10:57:56Z,goodput_mbit_s,259.847513708,Mbit/s
s2,bulk-down,RR,5,baseline-s2-bulk-down-rr-r5-20260924T104647Z,2026-09-24T10:57:56Z,tcp_retransmits,3,segments
s2,bulk-down,RR,5,baseline-s2-bulk-down-rr-r5-20260924T104647Z,2026-09-24T10:57:56Z,cpu_s_per_gb_cli,15.0863733669,s/GB
s2,bulk-down,RR,5,baseline-s2-bulk-down-rr-r5-20260924T104647Z,2026-09-24T10:57:56Z,cpu_s_per_gb_srv,15.0863733669,s/GB
s2,bulk-down,RR,5,baseline-s2-bulk-down-rr-r5-20260924T104647Z,2026-09-24T10:57:56Z,cpu_s_per_gb_total,30.1727467338,s/GB
s2,bulk-down,RR,5,baseline-s2-bulk-down-rr-r5-20260924T104647Z,2026-09-24T10:57:56Z,rss_kb_cli,5908,kB
s2,bulk-down,RR,5,baseline-s2-bulk-down-rr-r5-20260924T104647Z,2026-09-24T10:57:56Z,rss_kb_srv,5456,kB
s2,bulk-down,RR,5,baseline-s2-bulk-down-rr-r5-20260924T104647Z,2026-09-24T10:57:56Z,hwm_kb_cli,5916,kB
s2,bulk-down,RR,5,baseline-s2-bulk-down-rr-r5-20260924T104647Z,2026-09-24T10:57:56Z,hwm_kb_srv,5456,kB
s2,bulk-down,RR,5,baseline-s2-bulk-down-rr-r5-20260924T104647Z,2026-09-24T10:57:56Z,out_segs_cli,12760,segments
s2,bulk-down,RR,5,baseline-s2-bulk-down-rr-r5-20260924T104647Z,2026-09-24T10:57:56Z,out_segs_srv,575740,segments
s2,bulk-down,RR,5,baseline-s2-bulk-down-rr-r5-20260924T104647Z,2026-09-24T10:57:56Z,retrans_pct_cli,0,% of OutSegs
s2,bulk-down,RR,5,baseline-s2-bulk-down-rr-r5-20260924T104647Z,2026-09-24T10:57:56Z,retrans_pct_srv,0,% of OutSegs
s2,bulk-down,RR,5,baseline-s2-bulk-down-rr-r5-20260924T104647Z,2026-09-24T10:57:56Z,retrans_segs_cli,0,segments
s2,bulk-down,RR,5,baseline-s2-bulk-down-rr-r5-20260924T104647Z,2026-09-24T10:57:56Z,retrans_segs_srv,0,segments
s2,bulk-down,RR,5,baseline-s2-bulk-down-rr-r5-20260924T104647Z,2026-09-24T10:57:56Z,fast_retrans_segs_cli,0,segments
s2,bulk-down,RR,5,baseline-s2-bulk-down-rr-r5-20260924T104647Z,2026-09-24T10:57:56Z,fast_retrans_segs_srv,0,segments
s2,bulk-down,RR,5,baseline-s2-bulk-down-rr-r5-20260924T104647Z,2026-09-24T10:57:56Z,early_retrans_segs_cli,0,segments
s2,bulk-down,RR,5,baseline-s2-bulk-down-rr-r5-20260924T104647Z,2026-09-24T10:57:56Z,early_retrans_segs_srv,0,segments
s2,bulk-down,RR,5,baseline-s2-bulk-down-rr-r5-20260924T104647Z,2026-09-24T10:57:56Z,lost_segs_cli,0,segments
s2,bulk-down,RR,5,baseline-s2-bulk-down-rr-r5-20260924T104647Z,2026-09-24T10:57:56Z,lost_segs_srv,0,segments
s2,bulk-down,RR,5,baseline-s2-bulk-down-rr-r5-20260924T104647Z,2026-09-24T10:57:56Z,repeat_segs_cli,0,segments
s2,bulk-down,RR,5,baseline-s2-bulk-down-rr-r5-20260924T104647Z,2026-09-24T10:57:56Z,repeat_segs_srv,0,segments
s2,bulk-down,GR,5,baseline-s2-bulk-down-gr-r5-20260924T104647Z,2026-09-24T10:58:34Z,goodput_mbit_s,244.89543908,Mbit/s
s2,bulk-down,GR,5,baseline-s2-bulk-down-gr-r5-20260924T104647Z,2026-09-24T10:58:34Z,tcp_retransmits,10,segments
s2,bulk-down,GR,5,baseline-s2-bulk-down-gr-r5-20260924T104647Z,2026-09-24T10:58:34Z,cpu_s_per_gb_cli,17.999556355,s/GB
s2,bulk-down,GR,5,baseline-s2-bulk-down-gr-r5-20260924T104647Z,2026-09-24T10:58:34Z,cpu_s_per_gb_srv,14.1448419269,s/GB
s2,bulk-down,GR,5,baseline-s2-bulk-down-gr-r5-20260924T104647Z,2026-09-24T10:58:34Z,cpu_s_per_gb_total,32.144398282,s/GB
s2,bulk-down,GR,5,baseline-s2-bulk-down-gr-r5-20260924T104647Z,2026-09-24T10:58:34Z,rss_kb_cli,27880,kB
s2,bulk-down,GR,5,baseline-s2-bulk-down-gr-r5-20260924T104647Z,2026-09-24T10:58:34Z,rss_kb_srv,5464,kB
s2,bulk-down,GR,5,baseline-s2-bulk-down-gr-r5-20260924T104647Z,2026-09-24T10:58:34Z,hwm_kb_cli,27880,kB
s2,bulk-down,GR,5,baseline-s2-bulk-down-gr-r5-20260924T104647Z,2026-09-24T10:58:34Z,hwm_kb_srv,5464,kB
s2,bulk-down,GR,5,baseline-s2-bulk-down-gr-r5-20260924T104647Z,2026-09-24T10:58:34Z,out_segs_cli,12667,segments
s2,bulk-down,GR,5,baseline-s2-bulk-down-gr-r5-20260924T104647Z,2026-09-24T10:58:34Z,out_segs_srv,540008,segments
s2,bulk-down,GR,5,baseline-s2-bulk-down-gr-r5-20260924T104647Z,2026-09-24T10:58:34Z,retrans_pct_cli,0,% of OutSegs
s2,bulk-down,GR,5,baseline-s2-bulk-down-gr-r5-20260924T104647Z,2026-09-24T10:58:34Z,retrans_pct_srv,0,% of OutSegs
s2,bulk-down,GR,5,baseline-s2-bulk-down-gr-r5-20260924T104647Z,2026-09-24T10:58:34Z,retrans_segs_cli,0,segments
s2,bulk-down,GR,5,baseline-s2-bulk-down-gr-r5-20260924T104647Z,2026-09-24T10:58:34Z,retrans_segs_srv,0,segments
s2,bulk-down,GR,5,baseline-s2-bulk-down-gr-r5-20260924T104647Z,2026-09-24T10:58:34Z,fast_retrans_segs_cli,0,segments
s2,bulk-down,GR,5,baseline-s2-bulk-down-gr-r5-20260924T104647Z,2026-09-24T10:58:34Z,fast_retrans_segs_srv,0,segments
s2,bulk-down,GR,5,baseline-s2-bulk-down-gr-r5-20260924T104647Z,2026-09-24T10:58:34Z,early_retrans_segs_cli,0,segments
s2,bulk-down,GR,5,baseline-s2-bulk-down-gr-r5-20260924T104647Z,2026-09-24T10:58:34Z,early_retrans_segs_srv,0,segments
s2,bulk-down,GR,5,baseline-s2-bulk-down-gr-r5-20260924T104647Z,2026-09-24T10:58:34Z,lost_segs_cli,0,segments
s2,bulk-down,GR,5,baseline-s2-bulk-down-gr-r5-20260924T104647Z,2026-09-24T10:58:34Z,lost_segs_srv,0,segments
s2,bulk-down,GR,5,baseline-s2-bulk-down-gr-r5-20260924T104647Z,2026-09-24T10:58:34Z,repeat_segs_cli,0,segments
s2,bulk-down,GR,5,baseline-s2-bulk-down-gr-r5-20260924T104647Z,2026-09-24T10:58:34Z,repeat_segs_srv,0,segments
s2,bulk-down,RG,5,baseline-s2-bulk-down-rg-r5-20260924T104647Z,2026-09-24T10:59:13Z,goodput_mbit_s,171.337669642,Mbit/s
s2,bulk-down,RG,5,baseline-s2-bulk-down-rg-r5-20260924T104647Z,2026-09-24T10:59:13Z,tcp_retransmits,3,segments
s2,bulk-down,RG,5,baseline-s2-bulk-down-rg-r5-20260924T104647Z,2026-09-24T10:59:13Z,cpu_s_per_gb_cli,15.7350425767,s/GB
s2,bulk-down,RG,5,baseline-s2-bulk-down-rg-r5-20260924T104647Z,2026-09-24T10:59:13Z,cpu_s_per_gb_srv,30.4662174519,s/GB
s2,bulk-down,RG,5,baseline-s2-bulk-down-rg-r5-20260924T104647Z,2026-09-24T10:59:13Z,cpu_s_per_gb_total,46.2012600286,s/GB
s2,bulk-down,RG,5,baseline-s2-bulk-down-rg-r5-20260924T104647Z,2026-09-24T10:59:13Z,rss_kb_cli,5732,kB
s2,bulk-down,RG,5,baseline-s2-bulk-down-rg-r5-20260924T104647Z,2026-09-24T10:59:13Z,rss_kb_srv,29004,kB
s2,bulk-down,RG,5,baseline-s2-bulk-down-rg-r5-20260924T104647Z,2026-09-24T10:59:13Z,hwm_kb_cli,5740,kB
s2,bulk-down,RG,5,baseline-s2-bulk-down-rg-r5-20260924T104647Z,2026-09-24T10:59:13Z,hwm_kb_srv,29004,kB
s2,bulk-down,RG,5,baseline-s2-bulk-down-rg-r5-20260924T104647Z,2026-09-24T10:59:13Z,out_segs_cli,9468,segments
s2,bulk-down,RG,5,baseline-s2-bulk-down-rg-r5-20260924T104647Z,2026-09-24T10:59:13Z,out_segs_srv,428745,segments
s2,bulk-down,RG,5,baseline-s2-bulk-down-rg-r5-20260924T104647Z,2026-09-24T10:59:13Z,retrans_pct_cli,0,% of OutSegs
s2,bulk-down,RG,5,baseline-s2-bulk-down-rg-r5-20260924T104647Z,2026-09-24T10:59:13Z,retrans_pct_srv,0,% of OutSegs
s2,bulk-down,RG,5,baseline-s2-bulk-down-rg-r5-20260924T104647Z,2026-09-24T10:59:13Z,retrans_segs_cli,0,segments
s2,bulk-down,RG,5,baseline-s2-bulk-down-rg-r5-20260924T104647Z,2026-09-24T10:59:13Z,retrans_segs_srv,0,segments
s2,bulk-down,RG,5,baseline-s2-bulk-down-rg-r5-20260924T104647Z,2026-09-24T10:59:13Z,fast_retrans_segs_cli,0,segments
s2,bulk-down,RG,5,baseline-s2-bulk-down-rg-r5-20260924T104647Z,2026-09-24T10:59:13Z,fast_retrans_segs_srv,0,segments
s2,bulk-down,RG,5,baseline-s2-bulk-down-rg-r5-20260924T104647Z,2026-09-24T10:59:13Z,early_retrans_segs_cli,0,segments
s2,bulk-down,RG,5,baseline-s2-bulk-down-rg-r5-20260924T104647Z,2026-09-24T10:59:13Z,early_retrans_segs_srv,0,segments
s2,bulk-down,RG,5,baseline-s2-bulk-down-rg-r5-20260924T104647Z,2026-09-24T10:59:13Z,lost_segs_cli,0,segments
s2,bulk-down,RG,5,baseline-s2-bulk-down-rg-r5-20260924T104647Z,2026-09-24T10:59:13Z,lost_segs_srv,0,segments
s2,bulk-down,RG,5,baseline-s2-bulk-down-rg-r5-20260924T104647Z,2026-09-24T10:59:13Z,repeat_segs_cli,0,segments
s2,bulk-down,RG,5,baseline-s2-bulk-down-rg-r5-20260924T104647Z,2026-09-24T10:59:13Z,repeat_segs_srv,0,segments
s2,latency,GG,1,baseline-s2-latency-gg-r1-20260924T110041Z,2026-09-24T11:00:59Z,rtt_p50_ms,0.722943,ms
s2,latency,GG,1,baseline-s2-latency-gg-r1-20260924T110041Z,2026-09-24T11:00:59Z,rtt_p90_ms,1.273855,ms
s2,latency,GG,1,baseline-s2-latency-gg-r1-20260924T110041Z,2026-09-24T11:00:59Z,rtt_p99_ms,3.022847,ms
s2,latency,GG,1,baseline-s2-latency-gg-r1-20260924T110041Z,2026-09-24T11:00:59Z,rtt_max_ms,11.598609,ms
s2,latency,GG,1,baseline-s2-latency-gg-r1-20260924T110041Z,2026-09-24T11:00:59Z,rtt_errors,0,count
s2,latency,GG,1,baseline-s2-latency-gg-r1-20260924T110041Z,2026-09-24T11:00:59Z,cpu_s_cli,8.19,s
s2,latency,GG,1,baseline-s2-latency-gg-r1-20260924T110041Z,2026-09-24T11:00:59Z,cpu_s_srv,8.01,s
s2,latency,GG,1,baseline-s2-latency-gg-r1-20260924T110041Z,2026-09-24T11:00:59Z,rss_kb_cli,26236,kB
s2,latency,GG,1,baseline-s2-latency-gg-r1-20260924T110041Z,2026-09-24T11:00:59Z,rss_kb_srv,26604,kB
s2,latency,GG,1,baseline-s2-latency-gg-r1-20260924T110041Z,2026-09-24T11:00:59Z,hwm_kb_cli,26236,kB
s2,latency,GG,1,baseline-s2-latency-gg-r1-20260924T110041Z,2026-09-24T11:00:59Z,hwm_kb_srv,26604,kB
s2,latency,RR,1,baseline-s2-latency-rr-r1-20260924T110041Z,2026-09-24T11:01:35Z,rtt_p50_ms,0.251391,ms
s2,latency,RR,1,baseline-s2-latency-rr-r1-20260924T110041Z,2026-09-24T11:01:35Z,rtt_p90_ms,0.371711,ms
s2,latency,RR,1,baseline-s2-latency-rr-r1-20260924T110041Z,2026-09-24T11:01:35Z,rtt_p99_ms,0.808959,ms
s2,latency,RR,1,baseline-s2-latency-rr-r1-20260924T110041Z,2026-09-24T11:01:35Z,rtt_max_ms,17.89653,ms
s2,latency,RR,1,baseline-s2-latency-rr-r1-20260924T110041Z,2026-09-24T11:01:35Z,rtt_errors,0,count
s2,latency,RR,1,baseline-s2-latency-rr-r1-20260924T110041Z,2026-09-24T11:01:35Z,cpu_s_cli,6.89,s
s2,latency,RR,1,baseline-s2-latency-rr-r1-20260924T110041Z,2026-09-24T11:01:35Z,cpu_s_srv,6.91,s
s2,latency,RR,1,baseline-s2-latency-rr-r1-20260924T110041Z,2026-09-24T11:01:35Z,rss_kb_cli,4932,kB
s2,latency,RR,1,baseline-s2-latency-rr-r1-20260924T110041Z,2026-09-24T11:01:35Z,rss_kb_srv,5184,kB
s2,latency,RR,1,baseline-s2-latency-rr-r1-20260924T110041Z,2026-09-24T11:01:35Z,hwm_kb_cli,4940,kB
s2,latency,RR,1,baseline-s2-latency-rr-r1-20260924T110041Z,2026-09-24T11:01:35Z,hwm_kb_srv,5184,kB
s2,latency,GG,2,baseline-s2-latency-gg-r2-20260924T110041Z,2026-09-24T11:02:11Z,rtt_p50_ms,0.641023,ms
s2,latency,GG,2,baseline-s2-latency-gg-r2-20260924T110041Z,2026-09-24T11:02:11Z,rtt_p90_ms,1.013759,ms
s2,latency,GG,2,baseline-s2-latency-gg-r2-20260924T110041Z,2026-09-24T11:02:11Z,rtt_p99_ms,2.068479,ms
s2,latency,GG,2,baseline-s2-latency-gg-r2-20260924T110041Z,2026-09-24T11:02:11Z,rtt_max_ms,11.075516,ms
s2,latency,GG,2,baseline-s2-latency-gg-r2-20260924T110041Z,2026-09-24T11:02:11Z,rtt_errors,0,count
s2,latency,GG,2,baseline-s2-latency-gg-r2-20260924T110041Z,2026-09-24T11:02:11Z,cpu_s_cli,8.17,s
s2,latency,GG,2,baseline-s2-latency-gg-r2-20260924T110041Z,2026-09-24T11:02:11Z,cpu_s_srv,7.96,s
s2,latency,GG,2,baseline-s2-latency-gg-r2-20260924T110041Z,2026-09-24T11:02:11Z,rss_kb_cli,28176,kB
s2,latency,GG,2,baseline-s2-latency-gg-r2-20260924T110041Z,2026-09-24T11:02:11Z,rss_kb_srv,26416,kB
s2,latency,GG,2,baseline-s2-latency-gg-r2-20260924T110041Z,2026-09-24T11:02:11Z,hwm_kb_cli,28176,kB
s2,latency,GG,2,baseline-s2-latency-gg-r2-20260924T110041Z,2026-09-24T11:02:11Z,hwm_kb_srv,26416,kB
s2,latency,RR,2,baseline-s2-latency-rr-r2-20260924T110041Z,2026-09-24T11:02:48Z,rtt_p50_ms,0.277503,ms
s2,latency,RR,2,baseline-s2-latency-rr-r2-20260924T110041Z,2026-09-24T11:02:48Z,rtt_p90_ms,0.410623,ms
s2,latency,RR,2,baseline-s2-latency-rr-r2-20260924T110041Z,2026-09-24T11:02:48Z,rtt_p99_ms,0.849919,ms
s2,latency,RR,2,baseline-s2-latency-rr-r2-20260924T110041Z,2026-09-24T11:02:48Z,rtt_max_ms,7.526009,ms
s2,latency,RR,2,baseline-s2-latency-rr-r2-20260924T110041Z,2026-09-24T11:02:48Z,rtt_errors,0,count
s2,latency,RR,2,baseline-s2-latency-rr-r2-20260924T110041Z,2026-09-24T11:02:48Z,cpu_s_cli,6.99,s
s2,latency,RR,2,baseline-s2-latency-rr-r2-20260924T110041Z,2026-09-24T11:02:48Z,cpu_s_srv,6.99,s
s2,latency,RR,2,baseline-s2-latency-rr-r2-20260924T110041Z,2026-09-24T11:02:48Z,rss_kb_cli,5028,kB
s2,latency,RR,2,baseline-s2-latency-rr-r2-20260924T110041Z,2026-09-24T11:02:48Z,rss_kb_srv,5296,kB
s2,latency,RR,2,baseline-s2-latency-rr-r2-20260924T110041Z,2026-09-24T11:02:48Z,hwm_kb_cli,5036,kB
s2,latency,RR,2,baseline-s2-latency-rr-r2-20260924T110041Z,2026-09-24T11:02:48Z,hwm_kb_srv,5296,kB
s2,latency,GG,3,baseline-s2-latency-gg-r3-20260924T110041Z,2026-09-24T11:03:24Z,rtt_p50_ms,0.698367,ms
s2,latency,GG,3,baseline-s2-latency-gg-r3-20260924T110041Z,2026-09-24T11:03:24Z,rtt_p90_ms,1.183743,ms
s2,latency,GG,3,baseline-s2-latency-gg-r3-20260924T110041Z,2026-09-24T11:03:24Z,rtt_p99_ms,2.908159,ms
s2,latency,GG,3,baseline-s2-latency-gg-r3-20260924T110041Z,2026-09-24T11:03:24Z,rtt_max_ms,21.158322,ms
s2,latency,GG,3,baseline-s2-latency-gg-r3-20260924T110041Z,2026-09-24T11:03:24Z,rtt_errors,0,count
s2,latency,GG,3,baseline-s2-latency-gg-r3-20260924T110041Z,2026-09-24T11:03:24Z,cpu_s_cli,8.2,s
s2,latency,GG,3,baseline-s2-latency-gg-r3-20260924T110041Z,2026-09-24T11:03:24Z,cpu_s_srv,8.04,s
s2,latency,GG,3,baseline-s2-latency-gg-r3-20260924T110041Z,2026-09-24T11:03:24Z,rss_kb_cli,26428,kB
s2,latency,GG,3,baseline-s2-latency-gg-r3-20260924T110041Z,2026-09-24T11:03:24Z,rss_kb_srv,26456,kB
s2,latency,GG,3,baseline-s2-latency-gg-r3-20260924T110041Z,2026-09-24T11:03:24Z,hwm_kb_cli,26428,kB
s2,latency,GG,3,baseline-s2-latency-gg-r3-20260924T110041Z,2026-09-24T11:03:24Z,hwm_kb_srv,26456,kB
s2,latency,RR,3,baseline-s2-latency-rr-r3-20260924T110041Z,2026-09-24T11:04:00Z,rtt_p50_ms,0.250367,ms
s2,latency,RR,3,baseline-s2-latency-rr-r3-20260924T110041Z,2026-09-24T11:04:00Z,rtt_p90_ms,0.351231,ms
s2,latency,RR,3,baseline-s2-latency-rr-r3-20260924T110041Z,2026-09-24T11:04:00Z,rtt_p99_ms,0.665599,ms
s2,latency,RR,3,baseline-s2-latency-rr-r3-20260924T110041Z,2026-09-24T11:04:00Z,rtt_max_ms,6.564084,ms
s2,latency,RR,3,baseline-s2-latency-rr-r3-20260924T110041Z,2026-09-24T11:04:00Z,rtt_errors,0,count
s2,latency,RR,3,baseline-s2-latency-rr-r3-20260924T110041Z,2026-09-24T11:04:00Z,cpu_s_cli,6.98,s
s2,latency,RR,3,baseline-s2-latency-rr-r3-20260924T110041Z,2026-09-24T11:04:00Z,cpu_s_srv,6.98,s
s2,latency,RR,3,baseline-s2-latency-rr-r3-20260924T110041Z,2026-09-24T11:04:00Z,rss_kb_cli,5604,kB
s2,latency,RR,3,baseline-s2-latency-rr-r3-20260924T110041Z,2026-09-24T11:04:00Z,rss_kb_srv,5048,kB
s2,latency,RR,3,baseline-s2-latency-rr-r3-20260924T110041Z,2026-09-24T11:04:00Z,hwm_kb_cli,5612,kB
s2,latency,RR,3,baseline-s2-latency-rr-r3-20260924T110041Z,2026-09-24T11:04:00Z,hwm_kb_srv,5048,kB
s2,latency,GG,4,baseline-s2-latency-gg-r4-20260924T110041Z,2026-09-24T11:04:36Z,rtt_p50_ms,0.665599,ms
s2,latency,GG,4,baseline-s2-latency-gg-r4-20260924T110041Z,2026-09-24T11:04:36Z,rtt_p90_ms,1.126399,ms
s2,latency,GG,4,baseline-s2-latency-gg-r4-20260924T110041Z,2026-09-24T11:04:36Z,rtt_p99_ms,2.711551,ms
s2,latency,GG,4,baseline-s2-latency-gg-r4-20260924T110041Z,2026-09-24T11:04:36Z,rtt_max_ms,15.989287,ms
s2,latency,GG,4,baseline-s2-latency-gg-r4-20260924T110041Z,2026-09-24T11:04:36Z,rtt_errors,0,count
s2,latency,GG,4,baseline-s2-latency-gg-r4-20260924T110041Z,2026-09-24T11:04:36Z,cpu_s_cli,8.12,s
s2,latency,GG,4,baseline-s2-latency-gg-r4-20260924T110041Z,2026-09-24T11:04:36Z,cpu_s_srv,7.92,s
s2,latency,GG,4,baseline-s2-latency-gg-r4-20260924T110041Z,2026-09-24T11:04:36Z,rss_kb_cli,25980,kB
s2,latency,GG,4,baseline-s2-latency-gg-r4-20260924T110041Z,2026-09-24T11:04:36Z,rss_kb_srv,26756,kB
s2,latency,GG,4,baseline-s2-latency-gg-r4-20260924T110041Z,2026-09-24T11:04:36Z,hwm_kb_cli,25980,kB
s2,latency,GG,4,baseline-s2-latency-gg-r4-20260924T110041Z,2026-09-24T11:04:36Z,hwm_kb_srv,26756,kB
s2,latency,RR,4,baseline-s2-latency-rr-r4-20260924T110041Z,2026-09-24T11:05:12Z,rtt_p50_ms,0.256511,ms
s2,latency,RR,4,baseline-s2-latency-rr-r4-20260924T110041Z,2026-09-24T11:05:12Z,rtt_p90_ms,0.361471,ms
s2,latency,RR,4,baseline-s2-latency-rr-r4-20260924T110041Z,2026-09-24T11:05:12Z,rtt_p99_ms,0.714751,ms
s2,latency,RR,4,baseline-s2-latency-rr-r4-20260924T110041Z,2026-09-24T11:05:12Z,rtt_max_ms,6.689923,ms
s2,latency,RR,4,baseline-s2-latency-rr-r4-20260924T110041Z,2026-09-24T11:05:12Z,rtt_errors,0,count
s2,latency,RR,4,baseline-s2-latency-rr-r4-20260924T110041Z,2026-09-24T11:05:12Z,cpu_s_cli,6.95,s
s2,latency,RR,4,baseline-s2-latency-rr-r4-20260924T110041Z,2026-09-24T11:05:12Z,cpu_s_srv,6.94,s
s2,latency,RR,4,baseline-s2-latency-rr-r4-20260924T110041Z,2026-09-24T11:05:12Z,rss_kb_cli,5036,kB
s2,latency,RR,4,baseline-s2-latency-rr-r4-20260924T110041Z,2026-09-24T11:05:12Z,rss_kb_srv,4952,kB
s2,latency,RR,4,baseline-s2-latency-rr-r4-20260924T110041Z,2026-09-24T11:05:12Z,hwm_kb_cli,5044,kB
s2,latency,RR,4,baseline-s2-latency-rr-r4-20260924T110041Z,2026-09-24T11:05:12Z,hwm_kb_srv,4952,kB
s2,latency,GG,5,baseline-s2-latency-gg-r5-20260924T110041Z,2026-09-24T11:05:48Z,rtt_p50_ms,0.673791,ms
s2,latency,GG,5,baseline-s2-latency-gg-r5-20260924T110041Z,2026-09-24T11:05:48Z,rtt_p90_ms,1.126399,ms
s2,latency,GG,5,baseline-s2-latency-gg-r5-20260924T110041Z,2026-09-24T11:05:48Z,rtt_p99_ms,2.891775,ms
s2,latency,GG,5,baseline-s2-latency-gg-r5-20260924T110041Z,2026-09-24T11:05:48Z,rtt_max_ms,16.25536,ms
s2,latency,GG,5,baseline-s2-latency-gg-r5-20260924T110041Z,2026-09-24T11:05:48Z,rtt_errors,0,count
s2,latency,GG,5,baseline-s2-latency-gg-r5-20260924T110041Z,2026-09-24T11:05:48Z,cpu_s_cli,8.11,s
s2,latency,GG,5,baseline-s2-latency-gg-r5-20260924T110041Z,2026-09-24T11:05:48Z,cpu_s_srv,8.03,s
s2,latency,GG,5,baseline-s2-latency-gg-r5-20260924T110041Z,2026-09-24T11:05:48Z,rss_kb_cli,26164,kB
s2,latency,GG,5,baseline-s2-latency-gg-r5-20260924T110041Z,2026-09-24T11:05:48Z,rss_kb_srv,26292,kB
s2,latency,GG,5,baseline-s2-latency-gg-r5-20260924T110041Z,2026-09-24T11:05:48Z,hwm_kb_cli,26164,kB
s2,latency,GG,5,baseline-s2-latency-gg-r5-20260924T110041Z,2026-09-24T11:05:48Z,hwm_kb_srv,26292,kB
s2,latency,RR,5,baseline-s2-latency-rr-r5-20260924T110041Z,2026-09-24T11:06:24Z,rtt_p50_ms,0.243199,ms
s2,latency,RR,5,baseline-s2-latency-rr-r5-20260924T110041Z,2026-09-24T11:06:24Z,rtt_p90_ms,0.336895,ms
s2,latency,RR,5,baseline-s2-latency-rr-r5-20260924T110041Z,2026-09-24T11:06:24Z,rtt_p99_ms,0.669695,ms
s2,latency,RR,5,baseline-s2-latency-rr-r5-20260924T110041Z,2026-09-24T11:06:24Z,rtt_max_ms,7.871041,ms
s2,latency,RR,5,baseline-s2-latency-rr-r5-20260924T110041Z,2026-09-24T11:06:24Z,rtt_errors,0,count
s2,latency,RR,5,baseline-s2-latency-rr-r5-20260924T110041Z,2026-09-24T11:06:24Z,cpu_s_cli,7.02,s
s2,latency,RR,5,baseline-s2-latency-rr-r5-20260924T110041Z,2026-09-24T11:06:24Z,cpu_s_srv,7.01,s
s2,latency,RR,5,baseline-s2-latency-rr-r5-20260924T110041Z,2026-09-24T11:06:24Z,rss_kb_cli,5504,kB
s2,latency,RR,5,baseline-s2-latency-rr-r5-20260924T110041Z,2026-09-24T11:06:24Z,rss_kb_srv,5184,kB
s2,latency,RR,5,baseline-s2-latency-rr-r5-20260924T110041Z,2026-09-24T11:06:24Z,hwm_kb_cli,5504,kB
s2,latency,RR,5,baseline-s2-latency-rr-r5-20260924T110041Z,2026-09-24T11:06:24Z,hwm_kb_srv,5184,kB
s2,latency-loaded,GG,1,baseline-s2-latency-loaded-gg-r1-20260924T110749Z,2026-09-24T11:08:07Z,rtt_p50_ms,11.501567,ms
s2,latency-loaded,GG,1,baseline-s2-latency-loaded-gg-r1-20260924T110749Z,2026-09-24T11:08:07Z,rtt_p90_ms,18.546687,ms
s2,latency-loaded,GG,1,baseline-s2-latency-loaded-gg-r1-20260924T110749Z,2026-09-24T11:08:07Z,rtt_p99_ms,25.886719,ms
s2,latency-loaded,GG,1,baseline-s2-latency-loaded-gg-r1-20260924T110749Z,2026-09-24T11:08:07Z,rtt_max_ms,52.679135,ms
s2,latency-loaded,GG,1,baseline-s2-latency-loaded-gg-r1-20260924T110749Z,2026-09-24T11:08:07Z,rtt_errors,0,count
s2,latency-loaded,GG,1,baseline-s2-latency-loaded-gg-r1-20260924T110749Z,2026-09-24T11:08:07Z,goodput_mbit_s,130.853,Mbit/s
s2,latency-loaded,GG,1,baseline-s2-latency-loaded-gg-r1-20260924T110749Z,2026-09-24T11:08:07Z,cpu_s_per_gb_cli,26.3788761237,s/GB
s2,latency-loaded,GG,1,baseline-s2-latency-loaded-gg-r1-20260924T110749Z,2026-09-24T11:08:07Z,cpu_s_per_gb_srv,24.6060200227,s/GB
s2,latency-loaded,GG,1,baseline-s2-latency-loaded-gg-r1-20260924T110749Z,2026-09-24T11:08:07Z,cpu_s_per_gb_total,50.9848961463,s/GB
s2,latency-loaded,GG,1,baseline-s2-latency-loaded-gg-r1-20260924T110749Z,2026-09-24T11:08:07Z,rss_kb_cli,28512,kB
s2,latency-loaded,GG,1,baseline-s2-latency-loaded-gg-r1-20260924T110749Z,2026-09-24T11:08:07Z,rss_kb_srv,30040,kB
s2,latency-loaded,GG,1,baseline-s2-latency-loaded-gg-r1-20260924T110749Z,2026-09-24T11:08:07Z,hwm_kb_cli,28512,kB
s2,latency-loaded,GG,1,baseline-s2-latency-loaded-gg-r1-20260924T110749Z,2026-09-24T11:08:07Z,hwm_kb_srv,30040,kB
s2,latency-loaded,GG,1,baseline-s2-latency-loaded-gg-r1-20260924T110749Z,2026-09-24T11:08:07Z,out_segs_cli,333194,segments
s2,latency-loaded,GG,1,baseline-s2-latency-loaded-gg-r1-20260924T110749Z,2026-09-24T11:08:07Z,out_segs_srv,12028,segments
s2,latency-loaded,GG,1,baseline-s2-latency-loaded-gg-r1-20260924T110749Z,2026-09-24T11:08:07Z,retrans_pct_cli,0.00390163088171,% of OutSegs
s2,latency-loaded,GG,1,baseline-s2-latency-loaded-gg-r1-20260924T110749Z,2026-09-24T11:08:07Z,retrans_pct_srv,0,% of OutSegs
s2,latency-loaded,GG,1,baseline-s2-latency-loaded-gg-r1-20260924T110749Z,2026-09-24T11:08:07Z,retrans_segs_cli,13,segments
s2,latency-loaded,GG,1,baseline-s2-latency-loaded-gg-r1-20260924T110749Z,2026-09-24T11:08:07Z,retrans_segs_srv,0,segments
s2,latency-loaded,GG,1,baseline-s2-latency-loaded-gg-r1-20260924T110749Z,2026-09-24T11:08:07Z,fast_retrans_segs_cli,0,segments
s2,latency-loaded,GG,1,baseline-s2-latency-loaded-gg-r1-20260924T110749Z,2026-09-24T11:08:07Z,fast_retrans_segs_srv,0,segments
s2,latency-loaded,GG,1,baseline-s2-latency-loaded-gg-r1-20260924T110749Z,2026-09-24T11:08:07Z,early_retrans_segs_cli,0,segments
s2,latency-loaded,GG,1,baseline-s2-latency-loaded-gg-r1-20260924T110749Z,2026-09-24T11:08:07Z,early_retrans_segs_srv,0,segments
s2,latency-loaded,GG,1,baseline-s2-latency-loaded-gg-r1-20260924T110749Z,2026-09-24T11:08:07Z,lost_segs_cli,13,segments
s2,latency-loaded,GG,1,baseline-s2-latency-loaded-gg-r1-20260924T110749Z,2026-09-24T11:08:07Z,lost_segs_srv,0,segments
s2,latency-loaded,GG,1,baseline-s2-latency-loaded-gg-r1-20260924T110749Z,2026-09-24T11:08:07Z,repeat_segs_cli,0,segments
s2,latency-loaded,GG,1,baseline-s2-latency-loaded-gg-r1-20260924T110749Z,2026-09-24T11:08:07Z,repeat_segs_srv,13,segments
s2,latency-loaded,RR,1,baseline-s2-latency-loaded-rr-r1-20260924T110749Z,2026-09-24T11:08:44Z,rtt_p50_ms,5.914623,ms
s2,latency-loaded,RR,1,baseline-s2-latency-loaded-rr-r1-20260924T110749Z,2026-09-24T11:08:44Z,rtt_p90_ms,9.076735,ms
s2,latency-loaded,RR,1,baseline-s2-latency-loaded-rr-r1-20260924T110749Z,2026-09-24T11:08:44Z,rtt_p99_ms,15.695871,ms
s2,latency-loaded,RR,1,baseline-s2-latency-loaded-rr-r1-20260924T110749Z,2026-09-24T11:08:44Z,rtt_max_ms,28.417294,ms
s2,latency-loaded,RR,1,baseline-s2-latency-loaded-rr-r1-20260924T110749Z,2026-09-24T11:08:44Z,rtt_errors,0,count
s2,latency-loaded,RR,1,baseline-s2-latency-loaded-rr-r1-20260924T110749Z,2026-09-24T11:08:44Z,goodput_mbit_s,228.149,Mbit/s
s2,latency-loaded,RR,1,baseline-s2-latency-loaded-rr-r1-20260924T110749Z,2026-09-24T11:08:44Z,cpu_s_per_gb_cli,14.2700531903,s/GB
s2,latency-loaded,RR,1,baseline-s2-latency-loaded-rr-r1-20260924T110749Z,2026-09-24T11:08:44Z,cpu_s_per_gb_srv,14.2875839682,s/GB
s2,latency-loaded,RR,1,baseline-s2-latency-loaded-rr-r1-20260924T110749Z,2026-09-24T11:08:44Z,cpu_s_per_gb_total,28.5576371586,s/GB
s2,latency-loaded,RR,1,baseline-s2-latency-loaded-rr-r1-20260924T110749Z,2026-09-24T11:08:44Z,rss_kb_cli,5752,kB
s2,latency-loaded,RR,1,baseline-s2-latency-loaded-rr-r1-20260924T110749Z,2026-09-24T11:08:44Z,rss_kb_srv,5540,kB
s2,latency-loaded,RR,1,baseline-s2-latency-loaded-rr-r1-20260924T110749Z,2026-09-24T11:08:44Z,hwm_kb_cli,5760,kB
s2,latency-loaded,RR,1,baseline-s2-latency-loaded-rr-r1-20260924T110749Z,2026-09-24T11:08:44Z,hwm_kb_srv,5540,kB
s2,latency-loaded,RR,1,baseline-s2-latency-loaded-rr-r1-20260924T110749Z,2026-09-24T11:08:44Z,out_segs_cli,500325,segments
s2,latency-loaded,RR,1,baseline-s2-latency-loaded-rr-r1-20260924T110749Z,2026-09-24T11:08:44Z,out_segs_srv,15704,segments
s2,latency-loaded,RR,1,baseline-s2-latency-loaded-rr-r1-20260924T110749Z,2026-09-24T11:08:44Z,retrans_pct_cli,0,% of OutSegs
s2,latency-loaded,RR,1,baseline-s2-latency-loaded-rr-r1-20260924T110749Z,2026-09-24T11:08:44Z,retrans_pct_srv,0,% of OutSegs
s2,latency-loaded,RR,1,baseline-s2-latency-loaded-rr-r1-20260924T110749Z,2026-09-24T11:08:44Z,retrans_segs_cli,0,segments
s2,latency-loaded,RR,1,baseline-s2-latency-loaded-rr-r1-20260924T110749Z,2026-09-24T11:08:44Z,retrans_segs_srv,0,segments
s2,latency-loaded,RR,1,baseline-s2-latency-loaded-rr-r1-20260924T110749Z,2026-09-24T11:08:44Z,fast_retrans_segs_cli,0,segments
s2,latency-loaded,RR,1,baseline-s2-latency-loaded-rr-r1-20260924T110749Z,2026-09-24T11:08:44Z,fast_retrans_segs_srv,0,segments
s2,latency-loaded,RR,1,baseline-s2-latency-loaded-rr-r1-20260924T110749Z,2026-09-24T11:08:44Z,early_retrans_segs_cli,0,segments
s2,latency-loaded,RR,1,baseline-s2-latency-loaded-rr-r1-20260924T110749Z,2026-09-24T11:08:44Z,early_retrans_segs_srv,0,segments
s2,latency-loaded,RR,1,baseline-s2-latency-loaded-rr-r1-20260924T110749Z,2026-09-24T11:08:44Z,lost_segs_cli,0,segments
s2,latency-loaded,RR,1,baseline-s2-latency-loaded-rr-r1-20260924T110749Z,2026-09-24T11:08:44Z,lost_segs_srv,0,segments
s2,latency-loaded,RR,1,baseline-s2-latency-loaded-rr-r1-20260924T110749Z,2026-09-24T11:08:44Z,repeat_segs_cli,0,segments
s2,latency-loaded,RR,1,baseline-s2-latency-loaded-rr-r1-20260924T110749Z,2026-09-24T11:08:44Z,repeat_segs_srv,0,segments
s2,latency-loaded,GG,2,baseline-s2-latency-loaded-gg-r2-20260924T110749Z,2026-09-24T11:09:19Z,rtt_p50_ms,13.402111,ms
s2,latency-loaded,GG,2,baseline-s2-latency-loaded-gg-r2-20260924T110749Z,2026-09-24T11:09:19Z,rtt_p90_ms,21.692415,ms
s2,latency-loaded,GG,2,baseline-s2-latency-loaded-gg-r2-20260924T110749Z,2026-09-24T11:09:19Z,rtt_p99_ms,32.833535,ms
s2,latency-loaded,GG,2,baseline-s2-latency-loaded-gg-r2-20260924T110749Z,2026-09-24T11:09:19Z,rtt_max_ms,71.994682,ms
s2,latency-loaded,GG,2,baseline-s2-latency-loaded-gg-r2-20260924T110749Z,2026-09-24T11:09:19Z,rtt_errors,0,count
s2,latency-loaded,GG,2,baseline-s2-latency-loaded-gg-r2-20260924T110749Z,2026-09-24T11:09:19Z,goodput_mbit_s,114.077,Mbit/s
s2,latency-loaded,GG,2,baseline-s2-latency-loaded-gg-r2-20260924T110749Z,2026-09-24T11:09:19Z,cpu_s_per_gb_cli,32.572185292,s/GB
s2,latency-loaded,GG,2,baseline-s2-latency-loaded-gg-r2-20260924T110749Z,2026-09-24T11:09:19Z,cpu_s_per_gb_srv,28.3297370462,s/GB
s2,latency-loaded,GG,2,baseline-s2-latency-loaded-gg-r2-20260924T110749Z,2026-09-24T11:09:19Z,cpu_s_per_gb_total,60.9019223381,s/GB
s2,latency-loaded,GG,2,baseline-s2-latency-loaded-gg-r2-20260924T110749Z,2026-09-24T11:09:19Z,rss_kb_cli,29288,kB
s2,latency-loaded,GG,2,baseline-s2-latency-loaded-gg-r2-20260924T110749Z,2026-09-24T11:09:19Z,rss_kb_srv,29500,kB
s2,latency-loaded,GG,2,baseline-s2-latency-loaded-gg-r2-20260924T110749Z,2026-09-24T11:09:19Z,hwm_kb_cli,29288,kB
s2,latency-loaded,GG,2,baseline-s2-latency-loaded-gg-r2-20260924T110749Z,2026-09-24T11:09:19Z,hwm_kb_srv,29500,kB
s2,latency-loaded,GG,2,baseline-s2-latency-loaded-gg-r2-20260924T110749Z,2026-09-24T11:09:19Z,out_segs_cli,291674,segments
s2,latency-loaded,GG,2,baseline-s2-latency-loaded-gg-r2-20260924T110749Z,2026-09-24T11:09:19Z,out_segs_srv,10684,segments
s2,latency-loaded,GG,2,baseline-s2-latency-loaded-gg-r2-20260924T110749Z,2026-09-24T11:09:19Z,retrans_pct_cli,0,% of OutSegs
s2,latency-loaded,GG,2,baseline-s2-latency-loaded-gg-r2-20260924T110749Z,2026-09-24T11:09:19Z,retrans_pct_srv,0,% of OutSegs
s2,latency-loaded,GG,2,baseline-s2-latency-loaded-gg-r2-20260924T110749Z,2026-09-24T11:09:19Z,retrans_segs_cli,0,segments
s2,latency-loaded,GG,2,baseline-s2-latency-loaded-gg-r2-20260924T110749Z,2026-09-24T11:09:19Z,retrans_segs_srv,0,segments
s2,latency-loaded,GG,2,baseline-s2-latency-loaded-gg-r2-20260924T110749Z,2026-09-24T11:09:19Z,fast_retrans_segs_cli,0,segments
s2,latency-loaded,GG,2,baseline-s2-latency-loaded-gg-r2-20260924T110749Z,2026-09-24T11:09:19Z,fast_retrans_segs_srv,0,segments
s2,latency-loaded,GG,2,baseline-s2-latency-loaded-gg-r2-20260924T110749Z,2026-09-24T11:09:19Z,early_retrans_segs_cli,0,segments
s2,latency-loaded,GG,2,baseline-s2-latency-loaded-gg-r2-20260924T110749Z,2026-09-24T11:09:19Z,early_retrans_segs_srv,0,segments
s2,latency-loaded,GG,2,baseline-s2-latency-loaded-gg-r2-20260924T110749Z,2026-09-24T11:09:19Z,lost_segs_cli,0,segments
s2,latency-loaded,GG,2,baseline-s2-latency-loaded-gg-r2-20260924T110749Z,2026-09-24T11:09:19Z,lost_segs_srv,0,segments
s2,latency-loaded,GG,2,baseline-s2-latency-loaded-gg-r2-20260924T110749Z,2026-09-24T11:09:19Z,repeat_segs_cli,0,segments
s2,latency-loaded,GG,2,baseline-s2-latency-loaded-gg-r2-20260924T110749Z,2026-09-24T11:09:19Z,repeat_segs_srv,0,segments
s2,latency-loaded,RR,2,baseline-s2-latency-loaded-rr-r2-20260924T110749Z,2026-09-24T11:09:56Z,rtt_p50_ms,5.881855,ms
s2,latency-loaded,RR,2,baseline-s2-latency-loaded-rr-r2-20260924T110749Z,2026-09-24T11:09:56Z,rtt_p90_ms,8.945663,ms
s2,latency-loaded,RR,2,baseline-s2-latency-loaded-rr-r2-20260924T110749Z,2026-09-24T11:09:56Z,rtt_p99_ms,15.106047,ms
s2,latency-loaded,RR,2,baseline-s2-latency-loaded-rr-r2-20260924T110749Z,2026-09-24T11:09:56Z,rtt_max_ms,31.562457,ms
s2,latency-loaded,RR,2,baseline-s2-latency-loaded-rr-r2-20260924T110749Z,2026-09-24T11:09:56Z,rtt_errors,0,count
s2,latency-loaded,RR,2,baseline-s2-latency-loaded-rr-r2-20260924T110749Z,2026-09-24T11:09:56Z,goodput_mbit_s,231.511,Mbit/s
s2,latency-loaded,RR,2,baseline-s2-latency-loaded-rr-r2-20260924T110749Z,2026-09-24T11:09:56Z,cpu_s_per_gb_cli,13.9423038649,s/GB
s2,latency-loaded,RR,2,baseline-s2-latency-loaded-rr-r2-20260924T110749Z,2026-09-24T11:09:56Z,cpu_s_per_gb_srv,13.9423038649,s/GB
s2,latency-loaded,RR,2,baseline-s2-latency-loaded-rr-r2-20260924T110749Z,2026-09-24T11:09:56Z,cpu_s_per_gb_total,27.8846077297,s/GB
s2,latency-loaded,RR,2,baseline-s2-latency-loaded-rr-r2-20260924T110749Z,2026-09-24T11:09:56Z,rss_kb_cli,5640,kB
s2,latency-loaded,RR,2,baseline-s2-latency-loaded-rr-r2-20260924T110749Z,2026-09-24T11:09:56Z,rss_kb_srv,5744,kB
s2,latency-loaded,RR,2,baseline-s2-latency-loaded-rr-r2-20260924T110749Z,2026-09-24T11:09:56Z,hwm_kb_cli,5648,kB
s2,latency-loaded,RR,2,baseline-s2-latency-loaded-rr-r2-20260924T110749Z,2026-09-24T11:09:56Z,hwm_kb_srv,5744,kB
s2,latency-loaded,RR,2,baseline-s2-latency-loaded-rr-r2-20260924T110749Z,2026-09-24T11:09:56Z,out_segs_cli,507485,segments
s2,latency-loaded,RR,2,baseline-s2-latency-loaded-rr-r2-20260924T110749Z,2026-09-24T11:09:56Z,out_segs_srv,15795,segments
s2,latency-loaded,RR,2,baseline-s2-latency-loaded-rr-r2-20260924T110749Z,2026-09-24T11:09:56Z,retrans_pct_cli,0,% of OutSegs
s2,latency-loaded,RR,2,baseline-s2-latency-loaded-rr-r2-20260924T110749Z,2026-09-24T11:09:56Z,retrans_pct_srv,0,% of OutSegs
s2,latency-loaded,RR,2,baseline-s2-latency-loaded-rr-r2-20260924T110749Z,2026-09-24T11:09:56Z,retrans_segs_cli,0,segments
s2,latency-loaded,RR,2,baseline-s2-latency-loaded-rr-r2-20260924T110749Z,2026-09-24T11:09:56Z,retrans_segs_srv,0,segments
s2,latency-loaded,RR,2,baseline-s2-latency-loaded-rr-r2-20260924T110749Z,2026-09-24T11:09:56Z,fast_retrans_segs_cli,0,segments
s2,latency-loaded,RR,2,baseline-s2-latency-loaded-rr-r2-20260924T110749Z,2026-09-24T11:09:56Z,fast_retrans_segs_srv,0,segments
s2,latency-loaded,RR,2,baseline-s2-latency-loaded-rr-r2-20260924T110749Z,2026-09-24T11:09:56Z,early_retrans_segs_cli,0,segments
s2,latency-loaded,RR,2,baseline-s2-latency-loaded-rr-r2-20260924T110749Z,2026-09-24T11:09:56Z,early_retrans_segs_srv,0,segments
s2,latency-loaded,RR,2,baseline-s2-latency-loaded-rr-r2-20260924T110749Z,2026-09-24T11:09:56Z,lost_segs_cli,0,segments
s2,latency-loaded,RR,2,baseline-s2-latency-loaded-rr-r2-20260924T110749Z,2026-09-24T11:09:56Z,lost_segs_srv,0,segments
s2,latency-loaded,RR,2,baseline-s2-latency-loaded-rr-r2-20260924T110749Z,2026-09-24T11:09:56Z,repeat_segs_cli,0,segments
s2,latency-loaded,RR,2,baseline-s2-latency-loaded-rr-r2-20260924T110749Z,2026-09-24T11:09:56Z,repeat_segs_srv,0,segments
s2,latency-loaded,GG,3,baseline-s2-latency-loaded-gg-r3-20260924T110749Z,2026-09-24T11:10:32Z,rtt_p50_ms,13.336575,ms
s2,latency-loaded,GG,3,baseline-s2-latency-loaded-gg-r3-20260924T110749Z,2026-09-24T11:10:32Z,rtt_p90_ms,23.003135,ms
s2,latency-loaded,GG,3,baseline-s2-latency-loaded-gg-r3-20260924T110749Z,2026-09-24T11:10:32Z,rtt_p99_ms,41.549823,ms
s2,latency-loaded,GG,3,baseline-s2-latency-loaded-gg-r3-20260924T110749Z,2026-09-24T11:10:32Z,rtt_max_ms,55.355579,ms
s2,latency-loaded,GG,3,baseline-s2-latency-loaded-gg-r3-20260924T110749Z,2026-09-24T11:10:32Z,rtt_errors,0,count
s2,latency-loaded,GG,3,baseline-s2-latency-loaded-gg-r3-20260924T110749Z,2026-09-24T11:10:32Z,goodput_mbit_s,117.432,Mbit/s
s2,latency-loaded,GG,3,baseline-s2-latency-loaded-gg-r3-20260924T110749Z,2026-09-24T11:10:32Z,cpu_s_per_gb_cli,29.6320234026,s/GB
s2,latency-loaded,GG,3,baseline-s2-latency-loaded-gg-r3-20260924T110749Z,2026-09-24T11:10:32Z,cpu_s_per_gb_srv,27.0775386265,s/GB
s2,latency-loaded,GG,3,baseline-s2-latency-loaded-gg-r3-20260924T110749Z,2026-09-24T11:10:32Z,cpu_s_per_gb_total,56.7095620292,s/GB
s2,latency-loaded,GG,3,baseline-s2-latency-loaded-gg-r3-20260924T110749Z,2026-09-24T11:10:32Z,rss_kb_cli,27904,kB
s2,latency-loaded,GG,3,baseline-s2-latency-loaded-gg-r3-20260924T110749Z,2026-09-24T11:10:32Z,rss_kb_srv,29872,kB
s2,latency-loaded,GG,3,baseline-s2-latency-loaded-gg-r3-20260924T110749Z,2026-09-24T11:10:32Z,hwm_kb_cli,27904,kB
s2,latency-loaded,GG,3,baseline-s2-latency-loaded-gg-r3-20260924T110749Z,2026-09-24T11:10:32Z,hwm_kb_srv,29872,kB
s2,latency-loaded,GG,3,baseline-s2-latency-loaded-gg-r3-20260924T110749Z,2026-09-24T11:10:32Z,out_segs_cli,299842,segments
s2,latency-loaded,GG,3,baseline-s2-latency-loaded-gg-r3-20260924T110749Z,2026-09-24T11:10:32Z,out_segs_srv,10872,segments
s2,latency-loaded,GG,3,baseline-s2-latency-loaded-gg-r3-20260924T110749Z,2026-09-24T11:10:32Z,retrans_pct_cli,0,% of OutSegs
s2,latency-loaded,GG,3,baseline-s2-latency-loaded-gg-r3-20260924T110749Z,2026-09-24T11:10:32Z,retrans_pct_srv,0,% of OutSegs
s2,latency-loaded,GG,3,baseline-s2-latency-loaded-gg-r3-20260924T110749Z,2026-09-24T11:10:32Z,retrans_segs_cli,0,segments
s2,latency-loaded,GG,3,baseline-s2-latency-loaded-gg-r3-20260924T110749Z,2026-09-24T11:10:32Z,retrans_segs_srv,0,segments
s2,latency-loaded,GG,3,baseline-s2-latency-loaded-gg-r3-20260924T110749Z,2026-09-24T11:10:32Z,fast_retrans_segs_cli,0,segments
s2,latency-loaded,GG,3,baseline-s2-latency-loaded-gg-r3-20260924T110749Z,2026-09-24T11:10:32Z,fast_retrans_segs_srv,0,segments
s2,latency-loaded,GG,3,baseline-s2-latency-loaded-gg-r3-20260924T110749Z,2026-09-24T11:10:32Z,early_retrans_segs_cli,0,segments
s2,latency-loaded,GG,3,baseline-s2-latency-loaded-gg-r3-20260924T110749Z,2026-09-24T11:10:32Z,early_retrans_segs_srv,0,segments
s2,latency-loaded,GG,3,baseline-s2-latency-loaded-gg-r3-20260924T110749Z,2026-09-24T11:10:32Z,lost_segs_cli,0,segments
s2,latency-loaded,GG,3,baseline-s2-latency-loaded-gg-r3-20260924T110749Z,2026-09-24T11:10:32Z,lost_segs_srv,0,segments
s2,latency-loaded,GG,3,baseline-s2-latency-loaded-gg-r3-20260924T110749Z,2026-09-24T11:10:32Z,repeat_segs_cli,0,segments
s2,latency-loaded,GG,3,baseline-s2-latency-loaded-gg-r3-20260924T110749Z,2026-09-24T11:10:32Z,repeat_segs_srv,0,segments
s2,latency-loaded,RR,3,baseline-s2-latency-loaded-rr-r3-20260924T110749Z,2026-09-24T11:11:09Z,rtt_p50_ms,5.816319,ms
s2,latency-loaded,RR,3,baseline-s2-latency-loaded-rr-r3-20260924T110749Z,2026-09-24T11:11:09Z,rtt_p90_ms,8.683519,ms
s2,latency-loaded,RR,3,baseline-s2-latency-loaded-rr-r3-20260924T110749Z,2026-09-24T11:11:09Z,rtt_p99_ms,12.615679,ms
s2,latency-loaded,RR,3,baseline-s2-latency-loaded-rr-r3-20260924T110749Z,2026-09-24T11:11:09Z,rtt_max_ms,18.121789,ms
s2,latency-loaded,RR,3,baseline-s2-latency-loaded-rr-r3-20260924T110749Z,2026-09-24T11:11:09Z,rtt_errors,0,count
s2,latency-loaded,RR,3,baseline-s2-latency-loaded-rr-r3-20260924T110749Z,2026-09-24T11:11:09Z,goodput_mbit_s,231.514,Mbit/s
s2,latency-loaded,RR,3,baseline-s2-latency-loaded-rr-r3-20260924T110749Z,2026-09-24T11:11:09Z,cpu_s_per_gb_cli,13.9768572821,s/GB
s2,latency-loaded,RR,3,baseline-s2-latency-loaded-rr-r3-20260924T110749Z,2026-09-24T11:11:09Z,cpu_s_per_gb_srv,13.9595805735,s/GB
s2,latency-loaded,RR,3,baseline-s2-latency-loaded-rr-r3-20260924T110749Z,2026-09-24T11:11:09Z,cpu_s_per_gb_total,27.9364378556,s/GB
s2,latency-loaded,RR,3,baseline-s2-latency-loaded-rr-r3-20260924T110749Z,2026-09-24T11:11:09Z,rss_kb_cli,5764,kB
s2,latency-loaded,RR,3,baseline-s2-latency-loaded-rr-r3-20260924T110749Z,2026-09-24T11:11:09Z,rss_kb_srv,5616,kB
s2,latency-loaded,RR,3,baseline-s2-latency-loaded-rr-r3-20260924T110749Z,2026-09-24T11:11:09Z,hwm_kb_cli,5772,kB
s2,latency-loaded,RR,3,baseline-s2-latency-loaded-rr-r3-20260924T110749Z,2026-09-24T11:11:09Z,hwm_kb_srv,5616,kB
s2,latency-loaded,RR,3,baseline-s2-latency-loaded-rr-r3-20260924T110749Z,2026-09-24T11:11:09Z,out_segs_cli,507653,segments
s2,latency-loaded,RR,3,baseline-s2-latency-loaded-rr-r3-20260924T110749Z,2026-09-24T11:11:09Z,out_segs_srv,15974,segments
s2,latency-loaded,RR,3,baseline-s2-latency-loaded-rr-r3-20260924T110749Z,2026-09-24T11:11:09Z,retrans_pct_cli,0,% of OutSegs
s2,latency-loaded,RR,3,baseline-s2-latency-loaded-rr-r3-20260924T110749Z,2026-09-24T11:11:09Z,retrans_pct_srv,0,% of OutSegs
s2,latency-loaded,RR,3,baseline-s2-latency-loaded-rr-r3-20260924T110749Z,2026-09-24T11:11:09Z,retrans_segs_cli,0,segments
s2,latency-loaded,RR,3,baseline-s2-latency-loaded-rr-r3-20260924T110749Z,2026-09-24T11:11:09Z,retrans_segs_srv,0,segments
s2,latency-loaded,RR,3,baseline-s2-latency-loaded-rr-r3-20260924T110749Z,2026-09-24T11:11:09Z,fast_retrans_segs_cli,0,segments
s2,latency-loaded,RR,3,baseline-s2-latency-loaded-rr-r3-20260924T110749Z,2026-09-24T11:11:09Z,fast_retrans_segs_srv,0,segments
s2,latency-loaded,RR,3,baseline-s2-latency-loaded-rr-r3-20260924T110749Z,2026-09-24T11:11:09Z,early_retrans_segs_cli,0,segments
s2,latency-loaded,RR,3,baseline-s2-latency-loaded-rr-r3-20260924T110749Z,2026-09-24T11:11:09Z,early_retrans_segs_srv,0,segments
s2,latency-loaded,RR,3,baseline-s2-latency-loaded-rr-r3-20260924T110749Z,2026-09-24T11:11:09Z,lost_segs_cli,0,segments
s2,latency-loaded,RR,3,baseline-s2-latency-loaded-rr-r3-20260924T110749Z,2026-09-24T11:11:09Z,lost_segs_srv,0,segments
s2,latency-loaded,RR,3,baseline-s2-latency-loaded-rr-r3-20260924T110749Z,2026-09-24T11:11:09Z,repeat_segs_cli,0,segments
s2,latency-loaded,RR,3,baseline-s2-latency-loaded-rr-r3-20260924T110749Z,2026-09-24T11:11:09Z,repeat_segs_srv,0,segments
s2,latency-loaded,GG,4,baseline-s2-latency-loaded-gg-r4-20260924T110749Z,2026-09-24T11:11:44Z,rtt_p50_ms,13.402111,ms
s2,latency-loaded,GG,4,baseline-s2-latency-loaded-gg-r4-20260924T110749Z,2026-09-24T11:11:44Z,rtt_p90_ms,21.561343,ms
s2,latency-loaded,GG,4,baseline-s2-latency-loaded-gg-r4-20260924T110749Z,2026-09-24T11:11:44Z,rtt_p99_ms,33.095679,ms
s2,latency-loaded,GG,4,baseline-s2-latency-loaded-gg-r4-20260924T110749Z,2026-09-24T11:11:44Z,rtt_max_ms,45.99768,ms
s2,latency-loaded,GG,4,baseline-s2-latency-loaded-gg-r4-20260924T110749Z,2026-09-24T11:11:44Z,rtt_errors,0,count
s2,latency-loaded,GG,4,baseline-s2-latency-loaded-gg-r4-20260924T110749Z,2026-09-24T11:11:44Z,goodput_mbit_s,117.431,Mbit/s
s2,latency-loaded,GG,4,baseline-s2-latency-loaded-gg-r4-20260924T110749Z,2026-09-24T11:11:44Z,cpu_s_per_gb_cli,29.7682625907,s/GB
s2,latency-loaded,GG,4,baseline-s2-latency-loaded-gg-r4-20260924T110749Z,2026-09-24T11:11:44Z,cpu_s_per_gb_srv,27.0094190325,s/GB
s2,latency-loaded,GG,4,baseline-s2-latency-loaded-gg-r4-20260924T110749Z,2026-09-24T11:11:44Z,cpu_s_per_gb_total,56.7776816232,s/GB
s2,latency-loaded,GG,4,baseline-s2-latency-loaded-gg-r4-20260924T110749Z,2026-09-24T11:11:44Z,rss_kb_cli,27740,kB
s2,latency-loaded,GG,4,baseline-s2-latency-loaded-gg-r4-20260924T110749Z,2026-09-24T11:11:44Z,rss_kb_srv,29740,kB
s2,latency-loaded,GG,4,baseline-s2-latency-loaded-gg-r4-20260924T110749Z,2026-09-24T11:11:44Z,hwm_kb_cli,27740,kB
s2,latency-loaded,GG,4,baseline-s2-latency-loaded-gg-r4-20260924T110749Z,2026-09-24T11:11:44Z,hwm_kb_srv,29740,kB
s2,latency-loaded,GG,4,baseline-s2-latency-loaded-gg-r4-20260924T110749Z,2026-09-24T11:11:44Z,out_segs_cli,299827,segments
s2,latency-loaded,GG,4,baseline-s2-latency-loaded-gg-r4-20260924T110749Z,2026-09-24T11:11:44Z,out_segs_srv,10866,segments
s2,latency-loaded,GG,4,baseline-s2-latency-loaded-gg-r4-20260924T110749Z,2026-09-24T11:11:44Z,retrans_pct_cli,0,% of OutSegs
s2,latency-loaded,GG,4,baseline-s2-latency-loaded-gg-r4-20260924T110749Z,2026-09-24T11:11:44Z,retrans_pct_srv,0,% of OutSegs
s2,latency-loaded,GG,4,baseline-s2-latency-loaded-gg-r4-20260924T110749Z,2026-09-24T11:11:44Z,retrans_segs_cli,0,segments
s2,latency-loaded,GG,4,baseline-s2-latency-loaded-gg-r4-20260924T110749Z,2026-09-24T11:11:44Z,retrans_segs_srv,0,segments
s2,latency-loaded,GG,4,baseline-s2-latency-loaded-gg-r4-20260924T110749Z,2026-09-24T11:11:44Z,fast_retrans_segs_cli,0,segments
s2,latency-loaded,GG,4,baseline-s2-latency-loaded-gg-r4-20260924T110749Z,2026-09-24T11:11:44Z,fast_retrans_segs_srv,0,segments
s2,latency-loaded,GG,4,baseline-s2-latency-loaded-gg-r4-20260924T110749Z,2026-09-24T11:11:44Z,early_retrans_segs_cli,0,segments
s2,latency-loaded,GG,4,baseline-s2-latency-loaded-gg-r4-20260924T110749Z,2026-09-24T11:11:44Z,early_retrans_segs_srv,0,segments
s2,latency-loaded,GG,4,baseline-s2-latency-loaded-gg-r4-20260924T110749Z,2026-09-24T11:11:44Z,lost_segs_cli,0,segments
s2,latency-loaded,GG,4,baseline-s2-latency-loaded-gg-r4-20260924T110749Z,2026-09-24T11:11:44Z,lost_segs_srv,0,segments
s2,latency-loaded,GG,4,baseline-s2-latency-loaded-gg-r4-20260924T110749Z,2026-09-24T11:11:44Z,repeat_segs_cli,0,segments
s2,latency-loaded,GG,4,baseline-s2-latency-loaded-gg-r4-20260924T110749Z,2026-09-24T11:11:44Z,repeat_segs_srv,0,segments
s2,latency-loaded,RR,4,baseline-s2-latency-loaded-rr-r4-20260924T110749Z,2026-09-24T11:12:21Z,rtt_p50_ms,6.307839,ms
s2,latency-loaded,RR,4,baseline-s2-latency-loaded-rr-r4-20260924T110749Z,2026-09-24T11:12:21Z,rtt_p90_ms,10.190847,ms
s2,latency-loaded,RR,4,baseline-s2-latency-loaded-rr-r4-20260924T110749Z,2026-09-24T11:12:21Z,rtt_p99_ms,19.202047,ms
s2,latency-loaded,RR,4,baseline-s2-latency-loaded-rr-r4-20260924T110749Z,2026-09-24T11:12:21Z,rtt_max_ms,33.398595,ms
s2,latency-loaded,RR,4,baseline-s2-latency-loaded-rr-r4-20260924T110749Z,2026-09-24T11:12:21Z,rtt_errors,0,count
s2,latency-loaded,RR,4,baseline-s2-latency-loaded-rr-r4-20260924T110749Z,2026-09-24T11:12:21Z,goodput_mbit_s,214.686,Mbit/s
s2,latency-loaded,RR,4,baseline-s2-latency-loaded-rr-r4-20260924T110749Z,2026-09-24T11:12:21Z,cpu_s_per_gb_cli,14.9384140968,s/GB
s2,latency-loaded,RR,4,baseline-s2-latency-loaded-rr-r4-20260924T110749Z,2026-09-24T11:12:21Z,cpu_s_per_gb_srv,14.9197876453,s/GB
s2,latency-loaded,RR,4,baseline-s2-latency-loaded-rr-r4-20260924T110749Z,2026-09-24T11:12:21Z,cpu_s_per_gb_total,29.8582017422,s/GB
s2,latency-loaded,RR,4,baseline-s2-latency-loaded-rr-r4-20260924T110749Z,2026-09-24T11:12:21Z,rss_kb_cli,5804,kB
s2,latency-loaded,RR,4,baseline-s2-latency-loaded-rr-r4-20260924T110749Z,2026-09-24T11:12:21Z,rss_kb_srv,5656,kB
s2,latency-loaded,RR,4,baseline-s2-latency-loaded-rr-r4-20260924T110749Z,2026-09-24T11:12:21Z,hwm_kb_cli,5804,kB
s2,latency-loaded,RR,4,baseline-s2-latency-loaded-rr-r4-20260924T110749Z,2026-09-24T11:12:21Z,hwm_kb_srv,5656,kB
s2,latency-loaded,RR,4,baseline-s2-latency-loaded-rr-r4-20260924T110749Z,2026-09-24T11:12:21Z,out_segs_cli,471163,segments
s2,latency-loaded,RR,4,baseline-s2-latency-loaded-rr-r4-20260924T110749Z,2026-09-24T11:12:21Z,out_segs_srv,14636,segments
s2,latency-loaded,RR,4,baseline-s2-latency-loaded-rr-r4-20260924T110749Z,2026-09-24T11:12:21Z,retrans_pct_cli,0,% of OutSegs
s2,latency-loaded,RR,4,baseline-s2-latency-loaded-rr-r4-20260924T110749Z,2026-09-24T11:12:21Z,retrans_pct_srv,0,% of OutSegs
s2,latency-loaded,RR,4,baseline-s2-latency-loaded-rr-r4-20260924T110749Z,2026-09-24T11:12:21Z,retrans_segs_cli,0,segments
s2,latency-loaded,RR,4,baseline-s2-latency-loaded-rr-r4-20260924T110749Z,2026-09-24T11:12:21Z,retrans_segs_srv,0,segments
s2,latency-loaded,RR,4,baseline-s2-latency-loaded-rr-r4-20260924T110749Z,2026-09-24T11:12:21Z,fast_retrans_segs_cli,0,segments
s2,latency-loaded,RR,4,baseline-s2-latency-loaded-rr-r4-20260924T110749Z,2026-09-24T11:12:21Z,fast_retrans_segs_srv,0,segments
s2,latency-loaded,RR,4,baseline-s2-latency-loaded-rr-r4-20260924T110749Z,2026-09-24T11:12:21Z,early_retrans_segs_cli,0,segments
s2,latency-loaded,RR,4,baseline-s2-latency-loaded-rr-r4-20260924T110749Z,2026-09-24T11:12:21Z,early_retrans_segs_srv,0,segments
s2,latency-loaded,RR,4,baseline-s2-latency-loaded-rr-r4-20260924T110749Z,2026-09-24T11:12:21Z,lost_segs_cli,0,segments
s2,latency-loaded,RR,4,baseline-s2-latency-loaded-rr-r4-20260924T110749Z,2026-09-24T11:12:21Z,lost_segs_srv,0,segments
s2,latency-loaded,RR,4,baseline-s2-latency-loaded-rr-r4-20260924T110749Z,2026-09-24T11:12:21Z,repeat_segs_cli,0,segments
s2,latency-loaded,RR,4,baseline-s2-latency-loaded-rr-r4-20260924T110749Z,2026-09-24T11:12:21Z,repeat_segs_srv,0,segments
s2,latency-loaded,GG,5,baseline-s2-latency-loaded-gg-r5-20260924T110749Z,2026-09-24T11:12:57Z,rtt_p50_ms,13.991935,ms
s2,latency-loaded,GG,5,baseline-s2-latency-loaded-gg-r5-20260924T110749Z,2026-09-24T11:12:57Z,rtt_p90_ms,20.512767,ms
s2,latency-loaded,GG,5,baseline-s2-latency-loaded-gg-r5-20260924T110749Z,2026-09-24T11:12:57Z,rtt_p99_ms,34.996223,ms
s2,latency-loaded,GG,5,baseline-s2-latency-loaded-gg-r5-20260924T110749Z,2026-09-24T11:12:57Z,rtt_max_ms,42.161865,ms
s2,latency-loaded,GG,5,baseline-s2-latency-loaded-gg-r5-20260924T110749Z,2026-09-24T11:12:57Z,rtt_errors,0,count
s2,latency-loaded,GG,5,baseline-s2-latency-loaded-gg-r5-20260924T110749Z,2026-09-24T11:12:57Z,goodput_mbit_s,97.297,Mbit/s
s2,latency-loaded,GG,5,baseline-s2-latency-loaded-gg-r5-20260924T110749Z,2026-09-24T11:12:57Z,cpu_s_per_gb_cli,37.7770127921,s/GB
s2,latency-loaded,GG,5,baseline-s2-latency-loaded-gg-r5-20260924T110749Z,2026-09-24T11:12:57Z,cpu_s_per_gb_srv,36.7082398513,s/GB
s2,latency-loaded,GG,5,baseline-s2-latency-loaded-gg-r5-20260924T110749Z,2026-09-24T11:12:57Z,cpu_s_per_gb_total,74.4852526435,s/GB
s2,latency-loaded,GG,5,baseline-s2-latency-loaded-gg-r5-20260924T110749Z,2026-09-24T11:12:57Z,rss_kb_cli,29384,kB
s2,latency-loaded,GG,5,baseline-s2-latency-loaded-gg-r5-20260924T110749Z,2026-09-24T11:12:57Z,rss_kb_srv,28752,kB
s2,latency-loaded,GG,5,baseline-s2-latency-loaded-gg-r5-20260924T110749Z,2026-09-24T11:12:57Z,hwm_kb_cli,29384,kB
s2,latency-loaded,GG,5,baseline-s2-latency-loaded-gg-r5-20260924T110749Z,2026-09-24T11:12:57Z,hwm_kb_srv,28816,kB
s2,latency-loaded,GG,5,baseline-s2-latency-loaded-gg-r5-20260924T110749Z,2026-09-24T11:12:57Z,out_segs_cli,244624,segments
s2,latency-loaded,GG,5,baseline-s2-latency-loaded-gg-r5-20260924T110749Z,2026-09-24T11:12:57Z,out_segs_srv,9021,segments
s2,latency-loaded,GG,5,baseline-s2-latency-loaded-gg-r5-20260924T110749Z,2026-09-24T11:12:57Z,retrans_pct_cli,0,% of OutSegs
s2,latency-loaded,GG,5,baseline-s2-latency-loaded-gg-r5-20260924T110749Z,2026-09-24T11:12:57Z,retrans_pct_srv,0,% of OutSegs
s2,latency-loaded,GG,5,baseline-s2-latency-loaded-gg-r5-20260924T110749Z,2026-09-24T11:12:57Z,retrans_segs_cli,0,segments
s2,latency-loaded,GG,5,baseline-s2-latency-loaded-gg-r5-20260924T110749Z,2026-09-24T11:12:57Z,retrans_segs_srv,0,segments
s2,latency-loaded,GG,5,baseline-s2-latency-loaded-gg-r5-20260924T110749Z,2026-09-24T11:12:57Z,fast_retrans_segs_cli,0,segments
s2,latency-loaded,GG,5,baseline-s2-latency-loaded-gg-r5-20260924T110749Z,2026-09-24T11:12:57Z,fast_retrans_segs_srv,0,segments
s2,latency-loaded,GG,5,baseline-s2-latency-loaded-gg-r5-20260924T110749Z,2026-09-24T11:12:57Z,early_retrans_segs_cli,0,segments
s2,latency-loaded,GG,5,baseline-s2-latency-loaded-gg-r5-20260924T110749Z,2026-09-24T11:12:57Z,early_retrans_segs_srv,0,segments
s2,latency-loaded,GG,5,baseline-s2-latency-loaded-gg-r5-20260924T110749Z,2026-09-24T11:12:57Z,lost_segs_cli,0,segments
s2,latency-loaded,GG,5,baseline-s2-latency-loaded-gg-r5-20260924T110749Z,2026-09-24T11:12:57Z,lost_segs_srv,0,segments
s2,latency-loaded,GG,5,baseline-s2-latency-loaded-gg-r5-20260924T110749Z,2026-09-24T11:12:57Z,repeat_segs_cli,0,segments
s2,latency-loaded,GG,5,baseline-s2-latency-loaded-gg-r5-20260924T110749Z,2026-09-24T11:12:57Z,repeat_segs_srv,0,segments
s2,latency-loaded,RR,5,baseline-s2-latency-loaded-rr-r5-20260924T110749Z,2026-09-24T11:13:36Z,rtt_p50_ms,6.242303,ms
s2,latency-loaded,RR,5,baseline-s2-latency-loaded-rr-r5-20260924T110749Z,2026-09-24T11:13:36Z,rtt_p90_ms,10.452991,ms
s2,latency-loaded,RR,5,baseline-s2-latency-loaded-rr-r5-20260924T110749Z,2026-09-24T11:13:36Z,rtt_p99_ms,19.988479,ms
s2,latency-loaded,RR,5,baseline-s2-latency-loaded-rr-r5-20260924T110749Z,2026-09-24T11:13:36Z,rtt_max_ms,34.550904,ms
s2,latency-loaded,RR,5,baseline-s2-latency-loaded-rr-r5-20260924T110749Z,2026-09-24T11:13:36Z,rtt_errors,0,count
s2,latency-loaded,RR,5,baseline-s2-latency-loaded-rr-r5-20260924T110749Z,2026-09-24T11:13:36Z,goodput_mbit_s,214.733,Mbit/s
s2,latency-loaded,RR,5,baseline-s2-latency-loaded-rr-r5-20260924T110749Z,2026-09-24T11:13:36Z,cpu_s_per_gb_cli,14.8639082909,s/GB
s2,latency-loaded,RR,5,baseline-s2-latency-loaded-rr-r5-20260924T110749Z,2026-09-24T11:13:36Z,cpu_s_per_gb_srv,14.8825347424,s/GB
s2,latency-loaded,RR,5,baseline-s2-latency-loaded-rr-r5-20260924T110749Z,2026-09-24T11:13:36Z,cpu_s_per_gb_total,29.7464430332,s/GB
s2,latency-loaded,RR,5,baseline-s2-latency-loaded-rr-r5-20260924T110749Z,2026-09-24T11:13:36Z,rss_kb_cli,5840,kB
s2,latency-loaded,RR,5,baseline-s2-latency-loaded-rr-r5-20260924T110749Z,2026-09-24T11:13:36Z,rss_kb_srv,5660,kB
s2,latency-loaded,RR,5,baseline-s2-latency-loaded-rr-r5-20260924T110749Z,2026-09-24T11:13:36Z,hwm_kb_cli,5840,kB
s2,latency-loaded,RR,5,baseline-s2-latency-loaded-rr-r5-20260924T110749Z,2026-09-24T11:13:36Z,hwm_kb_srv,5660,kB
s2,latency-loaded,RR,5,baseline-s2-latency-loaded-rr-r5-20260924T110749Z,2026-09-24T11:13:36Z,out_segs_cli,471262,segments
s2,latency-loaded,RR,5,baseline-s2-latency-loaded-rr-r5-20260924T110749Z,2026-09-24T11:13:36Z,out_segs_srv,14750,segments
s2,latency-loaded,RR,5,baseline-s2-latency-loaded-rr-r5-20260924T110749Z,2026-09-24T11:13:36Z,retrans_pct_cli,0,% of OutSegs
s2,latency-loaded,RR,5,baseline-s2-latency-loaded-rr-r5-20260924T110749Z,2026-09-24T11:13:36Z,retrans_pct_srv,0,% of OutSegs
s2,latency-loaded,RR,5,baseline-s2-latency-loaded-rr-r5-20260924T110749Z,2026-09-24T11:13:36Z,retrans_segs_cli,0,segments
s2,latency-loaded,RR,5,baseline-s2-latency-loaded-rr-r5-20260924T110749Z,2026-09-24T11:13:36Z,retrans_segs_srv,0,segments
s2,latency-loaded,RR,5,baseline-s2-latency-loaded-rr-r5-20260924T110749Z,2026-09-24T11:13:36Z,fast_retrans_segs_cli,0,segments
s2,latency-loaded,RR,5,baseline-s2-latency-loaded-rr-r5-20260924T110749Z,2026-09-24T11:13:36Z,fast_retrans_segs_srv,0,segments
s2,latency-loaded,RR,5,baseline-s2-latency-loaded-rr-r5-20260924T110749Z,2026-09-24T11:13:36Z,early_retrans_segs_cli,0,segments
s2,latency-loaded,RR,5,baseline-s2-latency-loaded-rr-r5-20260924T110749Z,2026-09-24T11:13:36Z,early_retrans_segs_srv,0,segments
s2,latency-loaded,RR,5,baseline-s2-latency-loaded-rr-r5-20260924T110749Z,2026-09-24T11:13:36Z,lost_segs_cli,0,segments
s2,latency-loaded,RR,5,baseline-s2-latency-loaded-rr-r5-20260924T110749Z,2026-09-24T11:13:36Z,lost_segs_srv,0,segments
s2,latency-loaded,RR,5,baseline-s2-latency-loaded-rr-r5-20260924T110749Z,2026-09-24T11:13:36Z,repeat_segs_cli,0,segments
s2,latency-loaded,RR,5,baseline-s2-latency-loaded-rr-r5-20260924T110749Z,2026-09-24T11:13:36Z,repeat_segs_srv,0,segments
