config,metric,pair,repetition,runid,started_iso,measurement,value,unit
s1,bulk-up,GG,1,s1-sockbuf-s1-bulk-up-gg-r1-20260924T220813Z,2026-09-24T22:08:32Z,goodput_mbit_s,332.550478889,Mbit/s
s1,bulk-up,GG,1,s1-sockbuf-s1-bulk-up-gg-r1-20260924T220813Z,2026-09-24T22:08:32Z,tcp_retransmits,111,segments
s1,bulk-up,GG,1,s1-sockbuf-s1-bulk-up-gg-r1-20260924T220813Z,2026-09-24T22:08:32Z,cpu_s_per_gb_cli,10.2804891718,s/GB
s1,bulk-up,GG,1,s1-sockbuf-s1-bulk-up-gg-r1-20260924T220813Z,2026-09-24T22:08:32Z,cpu_s_per_gb_srv,12.8596083923,s/GB
s1,bulk-up,GG,1,s1-sockbuf-s1-bulk-up-gg-r1-20260924T220813Z,2026-09-24T22:08:32Z,cpu_s_per_gb_total,23.1400975641,s/GB
s1,bulk-up,GG,1,s1-sockbuf-s1-bulk-up-gg-r1-20260924T220813Z,2026-09-24T22:08:32Z,rss_kb_cli,35112,kB
s1,bulk-up,GG,1,s1-sockbuf-s1-bulk-up-gg-r1-20260924T220813Z,2026-09-24T22:08:32Z,rss_kb_srv,37912,kB
s1,bulk-up,GG,1,s1-sockbuf-s1-bulk-up-gg-r1-20260924T220813Z,2026-09-24T22:08:32Z,hwm_kb_cli,45048,kB
s1,bulk-up,GG,1,s1-sockbuf-s1-bulk-up-gg-r1-20260924T220813Z,2026-09-24T22:08:32Z,hwm_kb_srv,37912,kB
s1,bulk-up,GG,1,s1-sockbuf-s1-bulk-up-gg-r1-20260924T220813Z,2026-09-24T22:08:32Z,out_segs_cli,773705,segments
s1,bulk-up,GG,1,s1-sockbuf-s1-bulk-up-gg-r1-20260924T220813Z,2026-09-24T22:08:32Z,out_segs_srv,15726,segments
s1,bulk-up,GG,1,s1-sockbuf-s1-bulk-up-gg-r1-20260924T220813Z,2026-09-24T22:08:32Z,retrans_pct_cli,0.0993918870887,% of OutSegs
s1,bulk-up,GG,1,s1-sockbuf-s1-bulk-up-gg-r1-20260924T220813Z,2026-09-24T22:08:32Z,retrans_pct_srv,0,% of OutSegs
s1,bulk-up,GG,1,s1-sockbuf-s1-bulk-up-gg-r1-20260924T220813Z,2026-09-24T22:08:32Z,retrans_segs_cli,769,segments
s1,bulk-up,GG,1,s1-sockbuf-s1-bulk-up-gg-r1-20260924T220813Z,2026-09-24T22:08:32Z,retrans_segs_srv,0,segments
s1,bulk-up,GG,1,s1-sockbuf-s1-bulk-up-gg-r1-20260924T220813Z,2026-09-24T22:08:32Z,fast_retrans_segs_cli,769,segments
s1,bulk-up,GG,1,s1-sockbuf-s1-bulk-up-gg-r1-20260924T220813Z,2026-09-24T22:08:32Z,fast_retrans_segs_srv,0,segments
s1,bulk-up,GG,1,s1-sockbuf-s1-bulk-up-gg-r1-20260924T220813Z,2026-09-24T22:08:32Z,early_retrans_segs_cli,0,segments
s1,bulk-up,GG,1,s1-sockbuf-s1-bulk-up-gg-r1-20260924T220813Z,2026-09-24T22:08:32Z,early_retrans_segs_srv,0,segments
s1,bulk-up,GG,1,s1-sockbuf-s1-bulk-up-gg-r1-20260924T220813Z,2026-09-24T22:08:32Z,lost_segs_cli,0,segments
s1,bulk-up,GG,1,s1-sockbuf-s1-bulk-up-gg-r1-20260924T220813Z,2026-09-24T22:08:32Z,lost_segs_srv,0,segments
s1,bulk-up,GG,1,s1-sockbuf-s1-bulk-up-gg-r1-20260924T220813Z,2026-09-24T22:08:32Z,repeat_segs_cli,0,segments
s1,bulk-up,GG,1,s1-sockbuf-s1-bulk-up-gg-r1-20260924T220813Z,2026-09-24T22:08:32Z,repeat_segs_srv,0,segments
s1,bulk-up,RR,1,s1-sockbuf-s1-bulk-up-rr-r1-20260924T220813Z,2026-09-24T22:09:10Z,goodput_mbit_s,498.308921407,Mbit/s
s1,bulk-up,RR,1,s1-sockbuf-s1-bulk-up-rr-r1-20260924T220813Z,2026-09-24T22:09:10Z,tcp_retransmits,156,segments
s1,bulk-up,RR,1,s1-sockbuf-s1-bulk-up-rr-r1-20260924T220813Z,2026-09-24T22:09:10Z,cpu_s_per_gb_cli,7.22186364486,s/GB
s1,bulk-up,RR,1,s1-sockbuf-s1-bulk-up-rr-r1-20260924T220813Z,2026-09-24T22:09:10Z,cpu_s_per_gb_srv,7.14179863771,s/GB
s1,bulk-up,RR,1,s1-sockbuf-s1-bulk-up-rr-r1-20260924T220813Z,2026-09-24T22:09:10Z,cpu_s_per_gb_total,14.3636622826,s/GB
s1,bulk-up,RR,1,s1-sockbuf-s1-bulk-up-rr-r1-20260924T220813Z,2026-09-24T22:09:10Z,rss_kb_cli,7528,kB
s1,bulk-up,RR,1,s1-sockbuf-s1-bulk-up-rr-r1-20260924T220813Z,2026-09-24T22:09:10Z,rss_kb_srv,12968,kB
s1,bulk-up,RR,1,s1-sockbuf-s1-bulk-up-rr-r1-20260924T220813Z,2026-09-24T22:09:10Z,hwm_kb_cli,7532,kB
s1,bulk-up,RR,1,s1-sockbuf-s1-bulk-up-rr-r1-20260924T220813Z,2026-09-24T22:09:10Z,hwm_kb_srv,12968,kB
s1,bulk-up,RR,1,s1-sockbuf-s1-bulk-up-rr-r1-20260924T220813Z,2026-09-24T22:09:10Z,out_segs_cli,1157149,segments
s1,bulk-up,RR,1,s1-sockbuf-s1-bulk-up-rr-r1-20260924T220813Z,2026-09-24T22:09:10Z,out_segs_srv,19985,segments
s1,bulk-up,RR,1,s1-sockbuf-s1-bulk-up-rr-r1-20260924T220813Z,2026-09-24T22:09:10Z,retrans_pct_cli,0,% of OutSegs
s1,bulk-up,RR,1,s1-sockbuf-s1-bulk-up-rr-r1-20260924T220813Z,2026-09-24T22:09:10Z,retrans_pct_srv,0,% of OutSegs
s1,bulk-up,RR,1,s1-sockbuf-s1-bulk-up-rr-r1-20260924T220813Z,2026-09-24T22:09:10Z,retrans_segs_cli,0,segments
s1,bulk-up,RR,1,s1-sockbuf-s1-bulk-up-rr-r1-20260924T220813Z,2026-09-24T22:09:10Z,retrans_segs_srv,0,segments
s1,bulk-up,RR,1,s1-sockbuf-s1-bulk-up-rr-r1-20260924T220813Z,2026-09-24T22:09:10Z,fast_retrans_segs_cli,0,segments
s1,bulk-up,RR,1,s1-sockbuf-s1-bulk-up-rr-r1-20260924T220813Z,2026-09-24T22:09:10Z,fast_retrans_segs_srv,0,segments
s1,bulk-up,RR,1,s1-sockbuf-s1-bulk-up-rr-r1-20260924T220813Z,2026-09-24T22:09:10Z,early_retrans_segs_cli,0,segments
s1,bulk-up,RR,1,s1-sockbuf-s1-bulk-up-rr-r1-20260924T220813Z,2026-09-24T22:09:10Z,early_retrans_segs_srv,0,segments
s1,bulk-up,RR,1,s1-sockbuf-s1-bulk-up-rr-r1-20260924T220813Z,2026-09-24T22:09:10Z,lost_segs_cli,0,segments
s1,bulk-up,RR,1,s1-sockbuf-s1-bulk-up-rr-r1-20260924T220813Z,2026-09-24T22:09:10Z,lost_segs_srv,0,segments
s1,bulk-up,RR,1,s1-sockbuf-s1-bulk-up-rr-r1-20260924T220813Z,2026-09-24T22:09:10Z,repeat_segs_cli,0,segments
s1,bulk-up,RR,1,s1-sockbuf-s1-bulk-up-rr-r1-20260924T220813Z,2026-09-24T22:09:10Z,repeat_segs_srv,0,segments
s1,bulk-up,GR,1,s1-sockbuf-s1-bulk-up-gr-r1-20260924T220813Z,2026-09-24T22:09:48Z,goodput_mbit_s,362.673132794,Mbit/s
s1,bulk-up,GR,1,s1-sockbuf-s1-bulk-up-gr-r1-20260924T220813Z,2026-09-24T22:09:48Z,tcp_retransmits,32,segments
s1,bulk-up,GR,1,s1-sockbuf-s1-bulk-up-gr-r1-20260924T220813Z,2026-09-24T22:09:48Z,cpu_s_per_gb_cli,10.7780335441,s/GB
s1,bulk-up,GR,1,s1-sockbuf-s1-bulk-up-gr-r1-20260924T220813Z,2026-09-24T22:09:48Z,cpu_s_per_gb_srv,10.1174799051,s/GB
s1,bulk-up,GR,1,s1-sockbuf-s1-bulk-up-gr-r1-20260924T220813Z,2026-09-24T22:09:48Z,cpu_s_per_gb_total,20.8955134492,s/GB
s1,bulk-up,GR,1,s1-sockbuf-s1-bulk-up-gr-r1-20260924T220813Z,2026-09-24T22:09:48Z,rss_kb_cli,35844,kB
s1,bulk-up,GR,1,s1-sockbuf-s1-bulk-up-gr-r1-20260924T220813Z,2026-09-24T22:09:48Z,rss_kb_srv,15740,kB
s1,bulk-up,GR,1,s1-sockbuf-s1-bulk-up-gr-r1-20260924T220813Z,2026-09-24T22:09:48Z,hwm_kb_cli,43748,kB
s1,bulk-up,GR,1,s1-sockbuf-s1-bulk-up-gr-r1-20260924T220813Z,2026-09-24T22:09:48Z,hwm_kb_srv,15740,kB
s1,bulk-up,GR,1,s1-sockbuf-s1-bulk-up-gr-r1-20260924T220813Z,2026-09-24T22:09:48Z,out_segs_cli,848516,segments
s1,bulk-up,GR,1,s1-sockbuf-s1-bulk-up-gr-r1-20260924T220813Z,2026-09-24T22:09:48Z,out_segs_srv,18327,segments
s1,bulk-up,GR,1,s1-sockbuf-s1-bulk-up-gr-r1-20260924T220813Z,2026-09-24T22:09:48Z,retrans_pct_cli,0.590560460852,% of OutSegs
s1,bulk-up,GR,1,s1-sockbuf-s1-bulk-up-gr-r1-20260924T220813Z,2026-09-24T22:09:48Z,retrans_pct_srv,0,% of OutSegs
s1,bulk-up,GR,1,s1-sockbuf-s1-bulk-up-gr-r1-20260924T220813Z,2026-09-24T22:09:48Z,retrans_segs_cli,5011,segments
s1,bulk-up,GR,1,s1-sockbuf-s1-bulk-up-gr-r1-20260924T220813Z,2026-09-24T22:09:48Z,retrans_segs_srv,0,segments
s1,bulk-up,GR,1,s1-sockbuf-s1-bulk-up-gr-r1-20260924T220813Z,2026-09-24T22:09:48Z,fast_retrans_segs_cli,1675,segments
s1,bulk-up,GR,1,s1-sockbuf-s1-bulk-up-gr-r1-20260924T220813Z,2026-09-24T22:09:48Z,fast_retrans_segs_srv,0,segments
s1,bulk-up,GR,1,s1-sockbuf-s1-bulk-up-gr-r1-20260924T220813Z,2026-09-24T22:09:48Z,early_retrans_segs_cli,0,segments
s1,bulk-up,GR,1,s1-sockbuf-s1-bulk-up-gr-r1-20260924T220813Z,2026-09-24T22:09:48Z,early_retrans_segs_srv,0,segments
s1,bulk-up,GR,1,s1-sockbuf-s1-bulk-up-gr-r1-20260924T220813Z,2026-09-24T22:09:48Z,lost_segs_cli,3336,segments
s1,bulk-up,GR,1,s1-sockbuf-s1-bulk-up-gr-r1-20260924T220813Z,2026-09-24T22:09:48Z,lost_segs_srv,0,segments
s1,bulk-up,GR,1,s1-sockbuf-s1-bulk-up-gr-r1-20260924T220813Z,2026-09-24T22:09:48Z,repeat_segs_cli,0,segments
s1,bulk-up,GR,1,s1-sockbuf-s1-bulk-up-gr-r1-20260924T220813Z,2026-09-24T22:09:48Z,repeat_segs_srv,1442,segments
s1,bulk-up,RG,1,s1-sockbuf-s1-bulk-up-rg-r1-20260924T220813Z,2026-09-24T22:10:27Z,goodput_mbit_s,424.222963899,Mbit/s
s1,bulk-up,RG,1,s1-sockbuf-s1-bulk-up-rg-r1-20260924T220813Z,2026-09-24T22:10:27Z,tcp_retransmits,211,segments
s1,bulk-up,RG,1,s1-sockbuf-s1-bulk-up-rg-r1-20260924T220813Z,2026-09-24T22:10:27Z,cpu_s_per_gb_cli,7.51372640265,s/GB
s1,bulk-up,RG,1,s1-sockbuf-s1-bulk-up-rg-r1-20260924T220813Z,2026-09-24T22:10:27Z,cpu_s_per_gb_srv,10.2878807065,s/GB
s1,bulk-up,RG,1,s1-sockbuf-s1-bulk-up-rg-r1-20260924T220813Z,2026-09-24T22:10:27Z,cpu_s_per_gb_total,17.8016071092,s/GB
s1,bulk-up,RG,1,s1-sockbuf-s1-bulk-up-rg-r1-20260924T220813Z,2026-09-24T22:10:27Z,rss_kb_cli,8284,kB
s1,bulk-up,RG,1,s1-sockbuf-s1-bulk-up-rg-r1-20260924T220813Z,2026-09-24T22:10:27Z,rss_kb_srv,30340,kB
s1,bulk-up,RG,1,s1-sockbuf-s1-bulk-up-rg-r1-20260924T220813Z,2026-09-24T22:10:27Z,hwm_kb_cli,8284,kB
s1,bulk-up,RG,1,s1-sockbuf-s1-bulk-up-rg-r1-20260924T220813Z,2026-09-24T22:10:27Z,hwm_kb_srv,33612,kB
s1,bulk-up,RG,1,s1-sockbuf-s1-bulk-up-rg-r1-20260924T220813Z,2026-09-24T22:10:27Z,out_segs_cli,1003687,segments
s1,bulk-up,RG,1,s1-sockbuf-s1-bulk-up-rg-r1-20260924T220813Z,2026-09-24T22:10:27Z,out_segs_srv,17545,segments
s1,bulk-up,RG,1,s1-sockbuf-s1-bulk-up-rg-r1-20260924T220813Z,2026-09-24T22:10:27Z,retrans_pct_cli,0,% of OutSegs
s1,bulk-up,RG,1,s1-sockbuf-s1-bulk-up-rg-r1-20260924T220813Z,2026-09-24T22:10:27Z,retrans_pct_srv,0,% of OutSegs
s1,bulk-up,RG,1,s1-sockbuf-s1-bulk-up-rg-r1-20260924T220813Z,2026-09-24T22:10:27Z,retrans_segs_cli,0,segments
s1,bulk-up,RG,1,s1-sockbuf-s1-bulk-up-rg-r1-20260924T220813Z,2026-09-24T22:10:27Z,retrans_segs_srv,0,segments
s1,bulk-up,RG,1,s1-sockbuf-s1-bulk-up-rg-r1-20260924T220813Z,2026-09-24T22:10:27Z,fast_retrans_segs_cli,0,segments
s1,bulk-up,RG,1,s1-sockbuf-s1-bulk-up-rg-r1-20260924T220813Z,2026-09-24T22:10:27Z,fast_retrans_segs_srv,0,segments
s1,bulk-up,RG,1,s1-sockbuf-s1-bulk-up-rg-r1-20260924T220813Z,2026-09-24T22:10:27Z,early_retrans_segs_cli,0,segments
s1,bulk-up,RG,1,s1-sockbuf-s1-bulk-up-rg-r1-20260924T220813Z,2026-09-24T22:10:27Z,early_retrans_segs_srv,0,segments
s1,bulk-up,RG,1,s1-sockbuf-s1-bulk-up-rg-r1-20260924T220813Z,2026-09-24T22:10:27Z,lost_segs_cli,0,segments
s1,bulk-up,RG,1,s1-sockbuf-s1-bulk-up-rg-r1-20260924T220813Z,2026-09-24T22:10:27Z,lost_segs_srv,0,segments
s1,bulk-up,RG,1,s1-sockbuf-s1-bulk-up-rg-r1-20260924T220813Z,2026-09-24T22:10:27Z,repeat_segs_cli,0,segments
s1,bulk-up,RG,1,s1-sockbuf-s1-bulk-up-rg-r1-20260924T220813Z,2026-09-24T22:10:27Z,repeat_segs_srv,0,segments
s1,bulk-up,GG,2,s1-sockbuf-s1-bulk-up-gg-r2-20260924T220813Z,2026-09-24T22:11:05Z,goodput_mbit_s,324.664189975,Mbit/s
s1,bulk-up,GG,2,s1-sockbuf-s1-bulk-up-gg-r2-20260924T220813Z,2026-09-24T22:11:05Z,tcp_retransmits,57,segments
s1,bulk-up,GG,2,s1-sockbuf-s1-bulk-up-gg-r2-20260924T220813Z,2026-09-24T22:11:05Z,cpu_s_per_gb_cli,11.0430295984,s/GB
s1,bulk-up,GG,2,s1-sockbuf-s1-bulk-up-gg-r2-20260924T220813Z,2026-09-24T22:11:05Z,cpu_s_per_gb_srv,12.775028679,s/GB
s1,bulk-up,GG,2,s1-sockbuf-s1-bulk-up-gg-r2-20260924T220813Z,2026-09-24T22:11:05Z,cpu_s_per_gb_total,23.8180582774,s/GB
s1,bulk-up,GG,2,s1-sockbuf-s1-bulk-up-gg-r2-20260924T220813Z,2026-09-24T22:11:05Z,rss_kb_cli,45576,kB
s1,bulk-up,GG,2,s1-sockbuf-s1-bulk-up-gg-r2-20260924T220813Z,2026-09-24T22:11:05Z,rss_kb_srv,44564,kB
s1,bulk-up,GG,2,s1-sockbuf-s1-bulk-up-gg-r2-20260924T220813Z,2026-09-24T22:11:05Z,hwm_kb_cli,55476,kB
s1,bulk-up,GG,2,s1-sockbuf-s1-bulk-up-gg-r2-20260924T220813Z,2026-09-24T22:11:05Z,hwm_kb_srv,54344,kB
s1,bulk-up,GG,2,s1-sockbuf-s1-bulk-up-gg-r2-20260924T220813Z,2026-09-24T22:11:05Z,out_segs_cli,773807,segments
s1,bulk-up,GG,2,s1-sockbuf-s1-bulk-up-gg-r2-20260924T220813Z,2026-09-24T22:11:05Z,out_segs_srv,30965,segments
s1,bulk-up,GG,2,s1-sockbuf-s1-bulk-up-gg-r2-20260924T220813Z,2026-09-24T22:11:05Z,retrans_pct_cli,3.45693435185,% of OutSegs
s1,bulk-up,GG,2,s1-sockbuf-s1-bulk-up-gg-r2-20260924T220813Z,2026-09-24T22:11:05Z,retrans_pct_srv,0.00322945260778,% of OutSegs
s1,bulk-up,GG,2,s1-sockbuf-s1-bulk-up-gg-r2-20260924T220813Z,2026-09-24T22:11:05Z,retrans_segs_cli,26750,segments
s1,bulk-up,GG,2,s1-sockbuf-s1-bulk-up-gg-r2-20260924T220813Z,2026-09-24T22:11:05Z,retrans_segs_srv,1,segments
s1,bulk-up,GG,2,s1-sockbuf-s1-bulk-up-gg-r2-20260924T220813Z,2026-09-24T22:11:05Z,fast_retrans_segs_cli,7395,segments
s1,bulk-up,GG,2,s1-sockbuf-s1-bulk-up-gg-r2-20260924T220813Z,2026-09-24T22:11:05Z,fast_retrans_segs_srv,0,segments
s1,bulk-up,GG,2,s1-sockbuf-s1-bulk-up-gg-r2-20260924T220813Z,2026-09-24T22:11:05Z,early_retrans_segs_cli,0,segments
s1,bulk-up,GG,2,s1-sockbuf-s1-bulk-up-gg-r2-20260924T220813Z,2026-09-24T22:11:05Z,early_retrans_segs_srv,0,segments
s1,bulk-up,GG,2,s1-sockbuf-s1-bulk-up-gg-r2-20260924T220813Z,2026-09-24T22:11:05Z,lost_segs_cli,19355,segments
s1,bulk-up,GG,2,s1-sockbuf-s1-bulk-up-gg-r2-20260924T220813Z,2026-09-24T22:11:05Z,lost_segs_srv,1,segments
s1,bulk-up,GG,2,s1-sockbuf-s1-bulk-up-gg-r2-20260924T220813Z,2026-09-24T22:11:05Z,repeat_segs_cli,1,segments
s1,bulk-up,GG,2,s1-sockbuf-s1-bulk-up-gg-r2-20260924T220813Z,2026-09-24T22:11:05Z,repeat_segs_srv,6991,segments
s1,bulk-up,RR,2,s1-sockbuf-s1-bulk-up-rr-r2-20260924T220813Z,2026-09-24T22:11:44Z,goodput_mbit_s,554.656212213,Mbit/s
s1,bulk-up,RR,2,s1-sockbuf-s1-bulk-up-rr-r2-20260924T220813Z,2026-09-24T22:11:44Z,tcp_retransmits,173,segments
s1,bulk-up,RR,2,s1-sockbuf-s1-bulk-up-rr-r2-20260924T220813Z,2026-09-24T22:11:44Z,cpu_s_per_gb_cli,6.60485116908,s/GB
s1,bulk-up,RR,2,s1-sockbuf-s1-bulk-up-rr-r2-20260924T220813Z,2026-09-24T22:11:44Z,cpu_s_per_gb_srv,6.52570807228,s/GB
s1,bulk-up,RR,2,s1-sockbuf-s1-bulk-up-rr-r2-20260924T220813Z,2026-09-24T22:11:44Z,cpu_s_per_gb_total,13.1305592414,s/GB
s1,bulk-up,RR,2,s1-sockbuf-s1-bulk-up-rr-r2-20260924T220813Z,2026-09-24T22:11:44Z,rss_kb_cli,7256,kB
s1,bulk-up,RR,2,s1-sockbuf-s1-bulk-up-rr-r2-20260924T220813Z,2026-09-24T22:11:44Z,rss_kb_srv,13000,kB
s1,bulk-up,RR,2,s1-sockbuf-s1-bulk-up-rr-r2-20260924T220813Z,2026-09-24T22:11:44Z,hwm_kb_cli,7260,kB
s1,bulk-up,RR,2,s1-sockbuf-s1-bulk-up-rr-r2-20260924T220813Z,2026-09-24T22:11:44Z,hwm_kb_srv,13000,kB
s1,bulk-up,RR,2,s1-sockbuf-s1-bulk-up-rr-r2-20260924T220813Z,2026-09-24T22:11:44Z,out_segs_cli,1278126,segments
s1,bulk-up,RR,2,s1-sockbuf-s1-bulk-up-rr-r2-20260924T220813Z,2026-09-24T22:11:44Z,out_segs_srv,22392,segments
s1,bulk-up,RR,2,s1-sockbuf-s1-bulk-up-rr-r2-20260924T220813Z,2026-09-24T22:11:44Z,retrans_pct_cli,0,% of OutSegs
s1,bulk-up,RR,2,s1-sockbuf-s1-bulk-up-rr-r2-20260924T220813Z,2026-09-24T22:11:44Z,retrans_pct_srv,0,% of OutSegs
s1,bulk-up,RR,2,s1-sockbuf-s1-bulk-up-rr-r2-20260924T220813Z,2026-09-24T22:11:44Z,retrans_segs_cli,0,segments
s1,bulk-up,RR,2,s1-sockbuf-s1-bulk-up-rr-r2-20260924T220813Z,2026-09-24T22:11:44Z,retrans_segs_srv,0,segments
s1,bulk-up,RR,2,s1-sockbuf-s1-bulk-up-rr-r2-20260924T220813Z,2026-09-24T22:11:44Z,fast_retrans_segs_cli,0,segments
s1,bulk-up,RR,2,s1-sockbuf-s1-bulk-up-rr-r2-20260924T220813Z,2026-09-24T22:11:44Z,fast_retrans_segs_srv,0,segments
s1,bulk-up,RR,2,s1-sockbuf-s1-bulk-up-rr-r2-20260924T220813Z,2026-09-24T22:11:44Z,early_retrans_segs_cli,0,segments
s1,bulk-up,RR,2,s1-sockbuf-s1-bulk-up-rr-r2-20260924T220813Z,2026-09-24T22:11:44Z,early_retrans_segs_srv,0,segments
s1,bulk-up,RR,2,s1-sockbuf-s1-bulk-up-rr-r2-20260924T220813Z,2026-09-24T22:11:44Z,lost_segs_cli,0,segments
s1,bulk-up,RR,2,s1-sockbuf-s1-bulk-up-rr-r2-20260924T220813Z,2026-09-24T22:11:44Z,lost_segs_srv,0,segments
s1,bulk-up,RR,2,s1-sockbuf-s1-bulk-up-rr-r2-20260924T220813Z,2026-09-24T22:11:44Z,repeat_segs_cli,0,segments
s1,bulk-up,RR,2,s1-sockbuf-s1-bulk-up-rr-r2-20260924T220813Z,2026-09-24T22:11:44Z,repeat_segs_srv,0,segments
s1,bulk-up,GR,2,s1-sockbuf-s1-bulk-up-gr-r2-20260924T220813Z,2026-09-24T22:12:22Z,goodput_mbit_s,399.173221332,Mbit/s
s1,bulk-up,GR,2,s1-sockbuf-s1-bulk-up-gr-r2-20260924T220813Z,2026-09-24T22:12:22Z,tcp_retransmits,20,segments
s1,bulk-up,GR,2,s1-sockbuf-s1-bulk-up-gr-r2-20260924T220813Z,2026-09-24T22:12:22Z,cpu_s_per_gb_cli,9.67908261427,s/GB
s1,bulk-up,GR,2,s1-sockbuf-s1-bulk-up-gr-r2-20260924T220813Z,2026-09-24T22:12:22Z,cpu_s_per_gb_srv,9.30949948039,s/GB
s1,bulk-up,GR,2,s1-sockbuf-s1-bulk-up-gr-r2-20260924T220813Z,2026-09-24T22:12:22Z,cpu_s_per_gb_total,18.9885820947,s/GB
s1,bulk-up,GR,2,s1-sockbuf-s1-bulk-up-gr-r2-20260924T220813Z,2026-09-24T22:12:22Z,rss_kb_cli,31028,kB
s1,bulk-up,GR,2,s1-sockbuf-s1-bulk-up-gr-r2-20260924T220813Z,2026-09-24T22:12:22Z,rss_kb_srv,14256,kB
s1,bulk-up,GR,2,s1-sockbuf-s1-bulk-up-gr-r2-20260924T220813Z,2026-09-24T22:12:22Z,hwm_kb_cli,31028,kB
s1,bulk-up,GR,2,s1-sockbuf-s1-bulk-up-gr-r2-20260924T220813Z,2026-09-24T22:12:22Z,hwm_kb_srv,14256,kB
s1,bulk-up,GR,2,s1-sockbuf-s1-bulk-up-gr-r2-20260924T220813Z,2026-09-24T22:12:22Z,out_segs_cli,925275,segments
s1,bulk-up,GR,2,s1-sockbuf-s1-bulk-up-gr-r2-20260924T220813Z,2026-09-24T22:12:22Z,out_segs_srv,16179,segments
s1,bulk-up,GR,2,s1-sockbuf-s1-bulk-up-gr-r2-20260924T220813Z,2026-09-24T22:12:22Z,retrans_pct_cli,0,% of OutSegs
s1,bulk-up,GR,2,s1-sockbuf-s1-bulk-up-gr-r2-20260924T220813Z,2026-09-24T22:12:22Z,retrans_pct_srv,0,% of OutSegs
s1,bulk-up,GR,2,s1-sockbuf-s1-bulk-up-gr-r2-20260924T220813Z,2026-09-24T22:12:22Z,retrans_segs_cli,0,segments
s1,bulk-up,GR,2,s1-sockbuf-s1-bulk-up-gr-r2-20260924T220813Z,2026-09-24T22:12:22Z,retrans_segs_srv,0,segments
s1,bulk-up,GR,2,s1-sockbuf-s1-bulk-up-gr-r2-20260924T220813Z,2026-09-24T22:12:22Z,fast_retrans_segs_cli,0,segments
s1,bulk-up,GR,2,s1-sockbuf-s1-bulk-up-gr-r2-20260924T220813Z,2026-09-24T22:12:22Z,fast_retrans_segs_srv,0,segments
s1,bulk-up,GR,2,s1-sockbuf-s1-bulk-up-gr-r2-20260924T220813Z,2026-09-24T22:12:22Z,early_retrans_segs_cli,0,segments
s1,bulk-up,GR,2,s1-sockbuf-s1-bulk-up-gr-r2-20260924T220813Z,2026-09-24T22:12:22Z,early_retrans_segs_srv,0,segments
s1,bulk-up,GR,2,s1-sockbuf-s1-bulk-up-gr-r2-20260924T220813Z,2026-09-24T22:12:22Z,lost_segs_cli,0,segments
s1,bulk-up,GR,2,s1-sockbuf-s1-bulk-up-gr-r2-20260924T220813Z,2026-09-24T22:12:22Z,lost_segs_srv,0,segments
s1,bulk-up,GR,2,s1-sockbuf-s1-bulk-up-gr-r2-20260924T220813Z,2026-09-24T22:12:22Z,repeat_segs_cli,0,segments
s1,bulk-up,GR,2,s1-sockbuf-s1-bulk-up-gr-r2-20260924T220813Z,2026-09-24T22:12:22Z,repeat_segs_srv,0,segments
s1,bulk-up,RG,2,s1-sockbuf-s1-bulk-up-rg-r2-20260924T220813Z,2026-09-24T22:13:01Z,goodput_mbit_s,283.778246563,Mbit/s
s1,bulk-up,RG,2,s1-sockbuf-s1-bulk-up-rg-r2-20260924T220813Z,2026-09-24T22:13:01Z,tcp_retransmits,141,segments
s1,bulk-up,RG,2,s1-sockbuf-s1-bulk-up-rg-r2-20260924T220813Z,2026-09-24T22:13:01Z,cpu_s_per_gb_cli,13.7258784562,s/GB
s1,bulk-up,RG,2,s1-sockbuf-s1-bulk-up-rg-r2-20260924T220813Z,2026-09-24T22:13:01Z,cpu_s_per_gb_srv,13.9649562572,s/GB
s1,bulk-up,RG,2,s1-sockbuf-s1-bulk-up-rg-r2-20260924T220813Z,2026-09-24T22:13:01Z,cpu_s_per_gb_total,27.6908347134,s/GB
s1,bulk-up,RG,2,s1-sockbuf-s1-bulk-up-rg-r2-20260924T220813Z,2026-09-24T22:13:01Z,rss_kb_cli,20076,kB
s1,bulk-up,RG,2,s1-sockbuf-s1-bulk-up-rg-r2-20260924T220813Z,2026-09-24T22:13:01Z,rss_kb_srv,37540,kB
s1,bulk-up,RG,2,s1-sockbuf-s1-bulk-up-rg-r2-20260924T220813Z,2026-09-24T22:13:01Z,hwm_kb_cli,20080,kB
s1,bulk-up,RG,2,s1-sockbuf-s1-bulk-up-rg-r2-20260924T220813Z,2026-09-24T22:13:01Z,hwm_kb_srv,37540,kB
s1,bulk-up,RG,2,s1-sockbuf-s1-bulk-up-rg-r2-20260924T220813Z,2026-09-24T22:13:01Z,out_segs_cli,690316,segments
s1,bulk-up,RG,2,s1-sockbuf-s1-bulk-up-rg-r2-20260924T220813Z,2026-09-24T22:13:01Z,out_segs_srv,11940,segments
s1,bulk-up,RG,2,s1-sockbuf-s1-bulk-up-rg-r2-20260924T220813Z,2026-09-24T22:13:01Z,retrans_pct_cli,3.72220837993,% of OutSegs
s1,bulk-up,RG,2,s1-sockbuf-s1-bulk-up-rg-r2-20260924T220813Z,2026-09-24T22:13:01Z,retrans_pct_srv,0.0251256281407,% of OutSegs
s1,bulk-up,RG,2,s1-sockbuf-s1-bulk-up-rg-r2-20260924T220813Z,2026-09-24T22:13:01Z,retrans_segs_cli,25695,segments
s1,bulk-up,RG,2,s1-sockbuf-s1-bulk-up-rg-r2-20260924T220813Z,2026-09-24T22:13:01Z,retrans_segs_srv,3,segments
s1,bulk-up,RG,2,s1-sockbuf-s1-bulk-up-rg-r2-20260924T220813Z,2026-09-24T22:13:01Z,fast_retrans_segs_cli,0,segments
s1,bulk-up,RG,2,s1-sockbuf-s1-bulk-up-rg-r2-20260924T220813Z,2026-09-24T22:13:01Z,fast_retrans_segs_srv,0,segments
s1,bulk-up,RG,2,s1-sockbuf-s1-bulk-up-rg-r2-20260924T220813Z,2026-09-24T22:13:01Z,early_retrans_segs_cli,0,segments
s1,bulk-up,RG,2,s1-sockbuf-s1-bulk-up-rg-r2-20260924T220813Z,2026-09-24T22:13:01Z,early_retrans_segs_srv,0,segments
s1,bulk-up,RG,2,s1-sockbuf-s1-bulk-up-rg-r2-20260924T220813Z,2026-09-24T22:13:01Z,lost_segs_cli,25695,segments
s1,bulk-up,RG,2,s1-sockbuf-s1-bulk-up-rg-r2-20260924T220813Z,2026-09-24T22:13:01Z,lost_segs_srv,3,segments
s1,bulk-up,RG,2,s1-sockbuf-s1-bulk-up-rg-r2-20260924T220813Z,2026-09-24T22:13:01Z,repeat_segs_cli,3,segments
s1,bulk-up,RG,2,s1-sockbuf-s1-bulk-up-rg-r2-20260924T220813Z,2026-09-24T22:13:01Z,repeat_segs_srv,25521,segments
s1,bulk-up,GG,3,s1-sockbuf-s1-bulk-up-gg-r3-20260924T220813Z,2026-09-24T22:13:40Z,goodput_mbit_s,316.477379907,Mbit/s
s1,bulk-up,GG,3,s1-sockbuf-s1-bulk-up-gg-r3-20260924T220813Z,2026-09-24T22:13:40Z,tcp_retransmits,52,segments
s1,bulk-up,GG,3,s1-sockbuf-s1-bulk-up-gg-r3-20260924T220813Z,2026-09-24T22:13:40Z,cpu_s_per_gb_cli,10.9675697987,s/GB
s1,bulk-up,GG,3,s1-sockbuf-s1-bulk-up-gg-r3-20260924T220813Z,2026-09-24T22:13:40Z,cpu_s_per_gb_srv,13.5266694184,s/GB
s1,bulk-up,GG,3,s1-sockbuf-s1-bulk-up-gg-r3-20260924T220813Z,2026-09-24T22:13:40Z,cpu_s_per_gb_total,24.4942392171,s/GB
s1,bulk-up,GG,3,s1-sockbuf-s1-bulk-up-gg-r3-20260924T220813Z,2026-09-24T22:13:40Z,rss_kb_cli,37192,kB
s1,bulk-up,GG,3,s1-sockbuf-s1-bulk-up-gg-r3-20260924T220813Z,2026-09-24T22:13:40Z,rss_kb_srv,42456,kB
s1,bulk-up,GG,3,s1-sockbuf-s1-bulk-up-gg-r3-20260924T220813Z,2026-09-24T22:13:40Z,hwm_kb_cli,52416,kB
s1,bulk-up,GG,3,s1-sockbuf-s1-bulk-up-gg-r3-20260924T220813Z,2026-09-24T22:13:40Z,hwm_kb_srv,42828,kB
s1,bulk-up,GG,3,s1-sockbuf-s1-bulk-up-gg-r3-20260924T220813Z,2026-09-24T22:13:40Z,out_segs_cli,748567,segments
s1,bulk-up,GG,3,s1-sockbuf-s1-bulk-up-gg-r3-20260924T220813Z,2026-09-24T22:13:40Z,out_segs_srv,17511,segments
s1,bulk-up,GG,3,s1-sockbuf-s1-bulk-up-gg-r3-20260924T220813Z,2026-09-24T22:13:40Z,retrans_pct_cli,1.38317612184,% of OutSegs
s1,bulk-up,GG,3,s1-sockbuf-s1-bulk-up-gg-r3-20260924T220813Z,2026-09-24T22:13:40Z,retrans_pct_srv,0.00571069613386,% of OutSegs
s1,bulk-up,GG,3,s1-sockbuf-s1-bulk-up-gg-r3-20260924T220813Z,2026-09-24T22:13:40Z,retrans_segs_cli,10354,segments
s1,bulk-up,GG,3,s1-sockbuf-s1-bulk-up-gg-r3-20260924T220813Z,2026-09-24T22:13:40Z,retrans_segs_srv,1,segments
s1,bulk-up,GG,3,s1-sockbuf-s1-bulk-up-gg-r3-20260924T220813Z,2026-09-24T22:13:40Z,fast_retrans_segs_cli,1969,segments
s1,bulk-up,GG,3,s1-sockbuf-s1-bulk-up-gg-r3-20260924T220813Z,2026-09-24T22:13:40Z,fast_retrans_segs_srv,0,segments
s1,bulk-up,GG,3,s1-sockbuf-s1-bulk-up-gg-r3-20260924T220813Z,2026-09-24T22:13:40Z,early_retrans_segs_cli,0,segments
s1,bulk-up,GG,3,s1-sockbuf-s1-bulk-up-gg-r3-20260924T220813Z,2026-09-24T22:13:40Z,early_retrans_segs_srv,0,segments
s1,bulk-up,GG,3,s1-sockbuf-s1-bulk-up-gg-r3-20260924T220813Z,2026-09-24T22:13:40Z,lost_segs_cli,8385,segments
s1,bulk-up,GG,3,s1-sockbuf-s1-bulk-up-gg-r3-20260924T220813Z,2026-09-24T22:13:40Z,lost_segs_srv,1,segments
s1,bulk-up,GG,3,s1-sockbuf-s1-bulk-up-gg-r3-20260924T220813Z,2026-09-24T22:13:40Z,repeat_segs_cli,1,segments
s1,bulk-up,GG,3,s1-sockbuf-s1-bulk-up-gg-r3-20260924T220813Z,2026-09-24T22:13:40Z,repeat_segs_srv,3779,segments
s1,bulk-up,RR,3,s1-sockbuf-s1-bulk-up-rr-r3-20260924T220813Z,2026-09-24T22:14:18Z,goodput_mbit_s,526.562589316,Mbit/s
s1,bulk-up,RR,3,s1-sockbuf-s1-bulk-up-rr-r3-20260924T220813Z,2026-09-24T22:14:18Z,tcp_retransmits,139,segments
s1,bulk-up,RR,3,s1-sockbuf-s1-bulk-up-rr-r3-20260924T220813Z,2026-09-24T22:14:18Z,cpu_s_per_gb_cli,6.93305789661,s/GB
s1,bulk-up,RR,3,s1-sockbuf-s1-bulk-up-rr-r3-20260924T220813Z,2026-09-24T22:14:18Z,cpu_s_per_gb_srv,6.84213254714,s/GB
s1,bulk-up,RR,3,s1-sockbuf-s1-bulk-up-rr-r3-20260924T220813Z,2026-09-24T22:14:18Z,cpu_s_per_gb_total,13.7751904438,s/GB
s1,bulk-up,RR,3,s1-sockbuf-s1-bulk-up-rr-r3-20260924T220813Z,2026-09-24T22:14:18Z,rss_kb_cli,7452,kB
s1,bulk-up,RR,3,s1-sockbuf-s1-bulk-up-rr-r3-20260924T220813Z,2026-09-24T22:14:18Z,rss_kb_srv,12628,kB
s1,bulk-up,RR,3,s1-sockbuf-s1-bulk-up-rr-r3-20260924T220813Z,2026-09-24T22:14:18Z,hwm_kb_cli,7452,kB
s1,bulk-up,RR,3,s1-sockbuf-s1-bulk-up-rr-r3-20260924T220813Z,2026-09-24T22:14:18Z,hwm_kb_srv,12628,kB
s1,bulk-up,RR,3,s1-sockbuf-s1-bulk-up-rr-r3-20260924T220813Z,2026-09-24T22:14:18Z,out_segs_cli,1223239,segments
s1,bulk-up,RR,3,s1-sockbuf-s1-bulk-up-rr-r3-20260924T220813Z,2026-09-24T22:14:18Z,out_segs_srv,21145,segments
s1,bulk-up,RR,3,s1-sockbuf-s1-bulk-up-rr-r3-20260924T220813Z,2026-09-24T22:14:18Z,retrans_pct_cli,0,% of OutSegs
s1,bulk-up,RR,3,s1-sockbuf-s1-bulk-up-rr-r3-20260924T220813Z,2026-09-24T22:14:18Z,retrans_pct_srv,0,% of OutSegs
s1,bulk-up,RR,3,s1-sockbuf-s1-bulk-up-rr-r3-20260924T220813Z,2026-09-24T22:14:18Z,retrans_segs_cli,0,segments
s1,bulk-up,RR,3,s1-sockbuf-s1-bulk-up-rr-r3-20260924T220813Z,2026-09-24T22:14:18Z,retrans_segs_srv,0,segments
s1,bulk-up,RR,3,s1-sockbuf-s1-bulk-up-rr-r3-20260924T220813Z,2026-09-24T22:14:18Z,fast_retrans_segs_cli,0,segments
s1,bulk-up,RR,3,s1-sockbuf-s1-bulk-up-rr-r3-20260924T220813Z,2026-09-24T22:14:18Z,fast_retrans_segs_srv,0,segments
s1,bulk-up,RR,3,s1-sockbuf-s1-bulk-up-rr-r3-20260924T220813Z,2026-09-24T22:14:18Z,early_retrans_segs_cli,0,segments
s1,bulk-up,RR,3,s1-sockbuf-s1-bulk-up-rr-r3-20260924T220813Z,2026-09-24T22:14:18Z,early_retrans_segs_srv,0,segments
s1,bulk-up,RR,3,s1-sockbuf-s1-bulk-up-rr-r3-20260924T220813Z,2026-09-24T22:14:18Z,lost_segs_cli,0,segments
s1,bulk-up,RR,3,s1-sockbuf-s1-bulk-up-rr-r3-20260924T220813Z,2026-09-24T22:14:18Z,lost_segs_srv,0,segments
s1,bulk-up,RR,3,s1-sockbuf-s1-bulk-up-rr-r3-20260924T220813Z,2026-09-24T22:14:18Z,repeat_segs_cli,0,segments
s1,bulk-up,RR,3,s1-sockbuf-s1-bulk-up-rr-r3-20260924T220813Z,2026-09-24T22:14:18Z,repeat_segs_srv,0,segments
s1,bulk-up,GR,3,s1-sockbuf-s1-bulk-up-gr-r3-20260924T220813Z,2026-09-24T22:14:56Z,goodput_mbit_s,328.062825027,Mbit/s
s1,bulk-up,GR,3,s1-sockbuf-s1-bulk-up-gr-r3-20260924T220813Z,2026-09-24T22:14:56Z,tcp_retransmits,45,segments
s1,bulk-up,GR,3,s1-sockbuf-s1-bulk-up-gr-r3-20260924T220813Z,2026-09-24T22:14:56Z,cpu_s_per_gb_cli,11.8573963195,s/GB
s1,bulk-up,GR,3,s1-sockbuf-s1-bulk-up-gr-r3-20260924T220813Z,2026-09-24T22:14:56Z,cpu_s_per_gb_srv,10.9930481278,s/GB
s1,bulk-up,GR,3,s1-sockbuf-s1-bulk-up-gr-r3-20260924T220813Z,2026-09-24T22:14:56Z,cpu_s_per_gb_total,22.8504444474,s/GB
s1,bulk-up,GR,3,s1-sockbuf-s1-bulk-up-gr-r3-20260924T220813Z,2026-09-24T22:14:56Z,rss_kb_cli,35412,kB
s1,bulk-up,GR,3,s1-sockbuf-s1-bulk-up-gr-r3-20260924T220813Z,2026-09-24T22:14:56Z,rss_kb_srv,13580,kB
s1,bulk-up,GR,3,s1-sockbuf-s1-bulk-up-gr-r3-20260924T220813Z,2026-09-24T22:14:56Z,hwm_kb_cli,45588,kB
s1,bulk-up,GR,3,s1-sockbuf-s1-bulk-up-gr-r3-20260924T220813Z,2026-09-24T22:14:56Z,hwm_kb_srv,13580,kB
s1,bulk-up,GR,3,s1-sockbuf-s1-bulk-up-gr-r3-20260924T220813Z,2026-09-24T22:14:56Z,out_segs_cli,755949,segments
s1,bulk-up,GR,3,s1-sockbuf-s1-bulk-up-gr-r3-20260924T220813Z,2026-09-24T22:14:56Z,out_segs_srv,18161,segments
s1,bulk-up,GR,3,s1-sockbuf-s1-bulk-up-gr-r3-20260924T220813Z,2026-09-24T22:14:56Z,retrans_pct_cli,0.864740875377,% of OutSegs
s1,bulk-up,GR,3,s1-sockbuf-s1-bulk-up-gr-r3-20260924T220813Z,2026-09-24T22:14:56Z,retrans_pct_srv,0,% of OutSegs
s1,bulk-up,GR,3,s1-sockbuf-s1-bulk-up-gr-r3-20260924T220813Z,2026-09-24T22:14:56Z,retrans_segs_cli,6537,segments
s1,bulk-up,GR,3,s1-sockbuf-s1-bulk-up-gr-r3-20260924T220813Z,2026-09-24T22:14:56Z,retrans_segs_srv,0,segments
s1,bulk-up,GR,3,s1-sockbuf-s1-bulk-up-gr-r3-20260924T220813Z,2026-09-24T22:14:56Z,fast_retrans_segs_cli,2406,segments
s1,bulk-up,GR,3,s1-sockbuf-s1-bulk-up-gr-r3-20260924T220813Z,2026-09-24T22:14:56Z,fast_retrans_segs_srv,0,segments
s1,bulk-up,GR,3,s1-sockbuf-s1-bulk-up-gr-r3-20260924T220813Z,2026-09-24T22:14:56Z,early_retrans_segs_cli,21,segments
s1,bulk-up,GR,3,s1-sockbuf-s1-bulk-up-gr-r3-20260924T220813Z,2026-09-24T22:14:56Z,early_retrans_segs_srv,0,segments
s1,bulk-up,GR,3,s1-sockbuf-s1-bulk-up-gr-r3-20260924T220813Z,2026-09-24T22:14:56Z,lost_segs_cli,4110,segments
s1,bulk-up,GR,3,s1-sockbuf-s1-bulk-up-gr-r3-20260924T220813Z,2026-09-24T22:14:56Z,lost_segs_srv,0,segments
s1,bulk-up,GR,3,s1-sockbuf-s1-bulk-up-gr-r3-20260924T220813Z,2026-09-24T22:14:56Z,repeat_segs_cli,0,segments
s1,bulk-up,GR,3,s1-sockbuf-s1-bulk-up-gr-r3-20260924T220813Z,2026-09-24T22:14:56Z,repeat_segs_srv,1372,segments
s1,bulk-up,RG,3,s1-sockbuf-s1-bulk-up-rg-r3-20260924T220813Z,2026-09-24T22:15:34Z,goodput_mbit_s,491.0903499,Mbit/s
s1,bulk-up,RG,3,s1-sockbuf-s1-bulk-up-rg-r3-20260924T220813Z,2026-09-24T22:15:34Z,tcp_retransmits,228,segments
s1,bulk-up,RG,3,s1-sockbuf-s1-bulk-up-rg-r3-20260924T220813Z,2026-09-24T22:15:34Z,cpu_s_per_gb_cli,6.57594308095,s/GB
s1,bulk-up,RG,3,s1-sockbuf-s1-bulk-up-rg-r3-20260924T220813Z,2026-09-24T22:15:34Z,cpu_s_per_gb_srv,8.81940450288,s/GB
s1,bulk-up,RG,3,s1-sockbuf-s1-bulk-up-rg-r3-20260924T220813Z,2026-09-24T22:15:34Z,cpu_s_per_gb_total,15.3953475838,s/GB
s1,bulk-up,RG,3,s1-sockbuf-s1-bulk-up-rg-r3-20260924T220813Z,2026-09-24T22:15:34Z,rss_kb_cli,9788,kB
s1,bulk-up,RG,3,s1-sockbuf-s1-bulk-up-rg-r3-20260924T220813Z,2026-09-24T22:15:34Z,rss_kb_srv,32548,kB
s1,bulk-up,RG,3,s1-sockbuf-s1-bulk-up-rg-r3-20260924T220813Z,2026-09-24T22:15:34Z,hwm_kb_cli,9792,kB
s1,bulk-up,RG,3,s1-sockbuf-s1-bulk-up-rg-r3-20260924T220813Z,2026-09-24T22:15:34Z,hwm_kb_srv,41056,kB
s1,bulk-up,RG,3,s1-sockbuf-s1-bulk-up-rg-r3-20260924T220813Z,2026-09-24T22:15:34Z,out_segs_cli,1133625,segments
s1,bulk-up,RG,3,s1-sockbuf-s1-bulk-up-rg-r3-20260924T220813Z,2026-09-24T22:15:34Z,out_segs_srv,19787,segments
s1,bulk-up,RG,3,s1-sockbuf-s1-bulk-up-rg-r3-20260924T220813Z,2026-09-24T22:15:34Z,retrans_pct_cli,0,% of OutSegs
s1,bulk-up,RG,3,s1-sockbuf-s1-bulk-up-rg-r3-20260924T220813Z,2026-09-24T22:15:34Z,retrans_pct_srv,0,% of OutSegs
s1,bulk-up,RG,3,s1-sockbuf-s1-bulk-up-rg-r3-20260924T220813Z,2026-09-24T22:15:34Z,retrans_segs_cli,0,segments
s1,bulk-up,RG,3,s1-sockbuf-s1-bulk-up-rg-r3-20260924T220813Z,2026-09-24T22:15:34Z,retrans_segs_srv,0,segments
s1,bulk-up,RG,3,s1-sockbuf-s1-bulk-up-rg-r3-20260924T220813Z,2026-09-24T22:15:34Z,fast_retrans_segs_cli,0,segments
s1,bulk-up,RG,3,s1-sockbuf-s1-bulk-up-rg-r3-20260924T220813Z,2026-09-24T22:15:34Z,fast_retrans_segs_srv,0,segments
s1,bulk-up,RG,3,s1-sockbuf-s1-bulk-up-rg-r3-20260924T220813Z,2026-09-24T22:15:34Z,early_retrans_segs_cli,0,segments
s1,bulk-up,RG,3,s1-sockbuf-s1-bulk-up-rg-r3-20260924T220813Z,2026-09-24T22:15:34Z,early_retrans_segs_srv,0,segments
s1,bulk-up,RG,3,s1-sockbuf-s1-bulk-up-rg-r3-20260924T220813Z,2026-09-24T22:15:34Z,lost_segs_cli,0,segments
s1,bulk-up,RG,3,s1-sockbuf-s1-bulk-up-rg-r3-20260924T220813Z,2026-09-24T22:15:34Z,lost_segs_srv,0,segments
s1,bulk-up,RG,3,s1-sockbuf-s1-bulk-up-rg-r3-20260924T220813Z,2026-09-24T22:15:34Z,repeat_segs_cli,0,segments
s1,bulk-up,RG,3,s1-sockbuf-s1-bulk-up-rg-r3-20260924T220813Z,2026-09-24T22:15:34Z,repeat_segs_srv,0,segments
s1,bulk-up,GG,4,s1-sockbuf-s1-bulk-up-gg-r4-20260924T220813Z,2026-09-24T22:16:13Z,goodput_mbit_s,313.655650164,Mbit/s
s1,bulk-up,GG,4,s1-sockbuf-s1-bulk-up-gg-r4-20260924T220813Z,2026-09-24T22:16:13Z,tcp_retransmits,53,segments
s1,bulk-up,GG,4,s1-sockbuf-s1-bulk-up-gg-r4-20260924T220813Z,2026-09-24T22:16:13Z,cpu_s_per_gb_cli,11.1208986329,s/GB
s1,bulk-up,GG,4,s1-sockbuf-s1-bulk-up-gg-r4-20260924T220813Z,2026-09-24T22:16:13Z,cpu_s_per_gb_srv,13.5512094326,s/GB
s1,bulk-up,GG,4,s1-sockbuf-s1-bulk-up-gg-r4-20260924T220813Z,2026-09-24T22:16:13Z,cpu_s_per_gb_total,24.6721080655,s/GB
s1,bulk-up,GG,4,s1-sockbuf-s1-bulk-up-gg-r4-20260924T220813Z,2026-09-24T22:16:13Z,rss_kb_cli,34544,kB
s1,bulk-up,GG,4,s1-sockbuf-s1-bulk-up-gg-r4-20260924T220813Z,2026-09-24T22:16:13Z,rss_kb_srv,46280,kB
s1,bulk-up,GG,4,s1-sockbuf-s1-bulk-up-gg-r4-20260924T220813Z,2026-09-24T22:16:13Z,hwm_kb_cli,51736,kB
s1,bulk-up,GG,4,s1-sockbuf-s1-bulk-up-gg-r4-20260924T220813Z,2026-09-24T22:16:13Z,hwm_kb_srv,50692,kB
s1,bulk-up,GG,4,s1-sockbuf-s1-bulk-up-gg-r4-20260924T220813Z,2026-09-24T22:16:13Z,out_segs_cli,728490,segments
s1,bulk-up,GG,4,s1-sockbuf-s1-bulk-up-gg-r4-20260924T220813Z,2026-09-24T22:16:13Z,out_segs_srv,17105,segments
s1,bulk-up,GG,4,s1-sockbuf-s1-bulk-up-gg-r4-20260924T220813Z,2026-09-24T22:16:13Z,retrans_pct_cli,1.45657455833,% of OutSegs
s1,bulk-up,GG,4,s1-sockbuf-s1-bulk-up-gg-r4-20260924T220813Z,2026-09-24T22:16:13Z,retrans_pct_srv,0.00584624378837,% of OutSegs
s1,bulk-up,GG,4,s1-sockbuf-s1-bulk-up-gg-r4-20260924T220813Z,2026-09-24T22:16:13Z,retrans_segs_cli,10611,segments
s1,bulk-up,GG,4,s1-sockbuf-s1-bulk-up-gg-r4-20260924T220813Z,2026-09-24T22:16:13Z,retrans_segs_srv,1,segments
s1,bulk-up,GG,4,s1-sockbuf-s1-bulk-up-gg-r4-20260924T220813Z,2026-09-24T22:16:13Z,fast_retrans_segs_cli,4419,segments
s1,bulk-up,GG,4,s1-sockbuf-s1-bulk-up-gg-r4-20260924T220813Z,2026-09-24T22:16:13Z,fast_retrans_segs_srv,0,segments
s1,bulk-up,GG,4,s1-sockbuf-s1-bulk-up-gg-r4-20260924T220813Z,2026-09-24T22:16:13Z,early_retrans_segs_cli,0,segments
s1,bulk-up,GG,4,s1-sockbuf-s1-bulk-up-gg-r4-20260924T220813Z,2026-09-24T22:16:13Z,early_retrans_segs_srv,0,segments
s1,bulk-up,GG,4,s1-sockbuf-s1-bulk-up-gg-r4-20260924T220813Z,2026-09-24T22:16:13Z,lost_segs_cli,6192,segments
s1,bulk-up,GG,4,s1-sockbuf-s1-bulk-up-gg-r4-20260924T220813Z,2026-09-24T22:16:13Z,lost_segs_srv,1,segments
s1,bulk-up,GG,4,s1-sockbuf-s1-bulk-up-gg-r4-20260924T220813Z,2026-09-24T22:16:13Z,repeat_segs_cli,1,segments
s1,bulk-up,GG,4,s1-sockbuf-s1-bulk-up-gg-r4-20260924T220813Z,2026-09-24T22:16:13Z,repeat_segs_srv,1249,segments
s1,bulk-up,RR,4,s1-sockbuf-s1-bulk-up-rr-r4-20260924T220813Z,2026-09-24T22:16:51Z,goodput_mbit_s,522.923246189,Mbit/s
s1,bulk-up,RR,4,s1-sockbuf-s1-bulk-up-rr-r4-20260924T220813Z,2026-09-24T22:16:51Z,tcp_retransmits,142,segments
s1,bulk-up,RR,4,s1-sockbuf-s1-bulk-up-rr-r4-20260924T220813Z,2026-09-24T22:16:51Z,cpu_s_per_gb_cli,6.93858892337,s/GB
s1,bulk-up,RR,4,s1-sockbuf-s1-bulk-up-rr-r4-20260924T220813Z,2026-09-24T22:16:51Z,cpu_s_per_gb_srv,6.862256812,s/GB
s1,bulk-up,RR,4,s1-sockbuf-s1-bulk-up-rr-r4-20260924T220813Z,2026-09-24T22:16:51Z,cpu_s_per_gb_total,13.8008457354,s/GB
s1,bulk-up,RR,4,s1-sockbuf-s1-bulk-up-rr-r4-20260924T220813Z,2026-09-24T22:16:51Z,rss_kb_cli,7480,kB
s1,bulk-up,RR,4,s1-sockbuf-s1-bulk-up-rr-r4-20260924T220813Z,2026-09-24T22:16:51Z,rss_kb_srv,13456,kB
s1,bulk-up,RR,4,s1-sockbuf-s1-bulk-up-rr-r4-20260924T220813Z,2026-09-24T22:16:51Z,hwm_kb_cli,7484,kB
s1,bulk-up,RR,4,s1-sockbuf-s1-bulk-up-rr-r4-20260924T220813Z,2026-09-24T22:16:51Z,hwm_kb_srv,13456,kB
s1,bulk-up,RR,4,s1-sockbuf-s1-bulk-up-rr-r4-20260924T220813Z,2026-09-24T22:16:51Z,out_segs_cli,1216517,segments
s1,bulk-up,RR,4,s1-sockbuf-s1-bulk-up-rr-r4-20260924T220813Z,2026-09-24T22:16:51Z,out_segs_srv,21230,segments
s1,bulk-up,RR,4,s1-sockbuf-s1-bulk-up-rr-r4-20260924T220813Z,2026-09-24T22:16:51Z,retrans_pct_cli,0,% of OutSegs
s1,bulk-up,RR,4,s1-sockbuf-s1-bulk-up-rr-r4-20260924T220813Z,2026-09-24T22:16:51Z,retrans_pct_srv,0,% of OutSegs
s1,bulk-up,RR,4,s1-sockbuf-s1-bulk-up-rr-r4-20260924T220813Z,2026-09-24T22:16:51Z,retrans_segs_cli,0,segments
s1,bulk-up,RR,4,s1-sockbuf-s1-bulk-up-rr-r4-20260924T220813Z,2026-09-24T22:16:51Z,retrans_segs_srv,0,segments
s1,bulk-up,RR,4,s1-sockbuf-s1-bulk-up-rr-r4-20260924T220813Z,2026-09-24T22:16:51Z,fast_retrans_segs_cli,0,segments
s1,bulk-up,RR,4,s1-sockbuf-s1-bulk-up-rr-r4-20260924T220813Z,2026-09-24T22:16:51Z,fast_retrans_segs_srv,0,segments
s1,bulk-up,RR,4,s1-sockbuf-s1-bulk-up-rr-r4-20260924T220813Z,2026-09-24T22:16:51Z,early_retrans_segs_cli,0,segments
s1,bulk-up,RR,4,s1-sockbuf-s1-bulk-up-rr-r4-20260924T220813Z,2026-09-24T22:16:51Z,early_retrans_segs_srv,0,segments
s1,bulk-up,RR,4,s1-sockbuf-s1-bulk-up-rr-r4-20260924T220813Z,2026-09-24T22:16:51Z,lost_segs_cli,0,segments
s1,bulk-up,RR,4,s1-sockbuf-s1-bulk-up-rr-r4-20260924T220813Z,2026-09-24T22:16:51Z,lost_segs_srv,0,segments
s1,bulk-up,RR,4,s1-sockbuf-s1-bulk-up-rr-r4-20260924T220813Z,2026-09-24T22:16:51Z,repeat_segs_cli,0,segments
s1,bulk-up,RR,4,s1-sockbuf-s1-bulk-up-rr-r4-20260924T220813Z,2026-09-24T22:16:51Z,repeat_segs_srv,0,segments
s1,bulk-up,GR,4,s1-sockbuf-s1-bulk-up-gr-r4-20260924T220813Z,2026-09-24T22:17:29Z,goodput_mbit_s,368.776156726,Mbit/s
s1,bulk-up,GR,4,s1-sockbuf-s1-bulk-up-gr-r4-20260924T220813Z,2026-09-24T22:17:29Z,tcp_retransmits,26,segments
s1,bulk-up,GR,4,s1-sockbuf-s1-bulk-up-gr-r4-20260924T220813Z,2026-09-24T22:17:29Z,cpu_s_per_gb_cli,10.4878469298,s/GB
s1,bulk-up,GR,4,s1-sockbuf-s1-bulk-up-gr-r4-20260924T220813Z,2026-09-24T22:17:29Z,cpu_s_per_gb_srv,9.90338487175,s/GB
s1,bulk-up,GR,4,s1-sockbuf-s1-bulk-up-gr-r4-20260924T220813Z,2026-09-24T22:17:29Z,cpu_s_per_gb_total,20.3912318015,s/GB
s1,bulk-up,GR,4,s1-sockbuf-s1-bulk-up-gr-r4-20260924T220813Z,2026-09-24T22:17:29Z,rss_kb_cli,34716,kB
s1,bulk-up,GR,4,s1-sockbuf-s1-bulk-up-gr-r4-20260924T220813Z,2026-09-24T22:17:29Z,rss_kb_srv,14484,kB
s1,bulk-up,GR,4,s1-sockbuf-s1-bulk-up-gr-r4-20260924T220813Z,2026-09-24T22:17:29Z,hwm_kb_cli,44900,kB
s1,bulk-up,GR,4,s1-sockbuf-s1-bulk-up-gr-r4-20260924T220813Z,2026-09-24T22:17:29Z,hwm_kb_srv,14484,kB
s1,bulk-up,GR,4,s1-sockbuf-s1-bulk-up-gr-r4-20260924T220813Z,2026-09-24T22:17:29Z,out_segs_cli,873594,segments
s1,bulk-up,GR,4,s1-sockbuf-s1-bulk-up-gr-r4-20260924T220813Z,2026-09-24T22:17:29Z,out_segs_srv,17152,segments
s1,bulk-up,GR,4,s1-sockbuf-s1-bulk-up-gr-r4-20260924T220813Z,2026-09-24T22:17:29Z,retrans_pct_cli,0.495195708762,% of OutSegs
s1,bulk-up,GR,4,s1-sockbuf-s1-bulk-up-gr-r4-20260924T220813Z,2026-09-24T22:17:29Z,retrans_pct_srv,0,% of OutSegs
s1,bulk-up,GR,4,s1-sockbuf-s1-bulk-up-gr-r4-20260924T220813Z,2026-09-24T22:17:29Z,retrans_segs_cli,4326,segments
s1,bulk-up,GR,4,s1-sockbuf-s1-bulk-up-gr-r4-20260924T220813Z,2026-09-24T22:17:29Z,retrans_segs_srv,0,segments
s1,bulk-up,GR,4,s1-sockbuf-s1-bulk-up-gr-r4-20260924T220813Z,2026-09-24T22:17:29Z,fast_retrans_segs_cli,689,segments
s1,bulk-up,GR,4,s1-sockbuf-s1-bulk-up-gr-r4-20260924T220813Z,2026-09-24T22:17:29Z,fast_retrans_segs_srv,0,segments
s1,bulk-up,GR,4,s1-sockbuf-s1-bulk-up-gr-r4-20260924T220813Z,2026-09-24T22:17:29Z,early_retrans_segs_cli,0,segments
s1,bulk-up,GR,4,s1-sockbuf-s1-bulk-up-gr-r4-20260924T220813Z,2026-09-24T22:17:29Z,early_retrans_segs_srv,0,segments
s1,bulk-up,GR,4,s1-sockbuf-s1-bulk-up-gr-r4-20260924T220813Z,2026-09-24T22:17:29Z,lost_segs_cli,3637,segments
s1,bulk-up,GR,4,s1-sockbuf-s1-bulk-up-gr-r4-20260924T220813Z,2026-09-24T22:17:29Z,lost_segs_srv,0,segments
s1,bulk-up,GR,4,s1-sockbuf-s1-bulk-up-gr-r4-20260924T220813Z,2026-09-24T22:17:29Z,repeat_segs_cli,0,segments
s1,bulk-up,GR,4,s1-sockbuf-s1-bulk-up-gr-r4-20260924T220813Z,2026-09-24T22:17:29Z,repeat_segs_srv,1661,segments
s1,bulk-up,RG,4,s1-sockbuf-s1-bulk-up-rg-r4-20260924T220813Z,2026-09-24T22:18:07Z,goodput_mbit_s,433.461116038,Mbit/s
s1,bulk-up,RG,4,s1-sockbuf-s1-bulk-up-rg-r4-20260924T220813Z,2026-09-24T22:18:07Z,tcp_retransmits,207,segments
s1,bulk-up,RG,4,s1-sockbuf-s1-bulk-up-rg-r4-20260924T220813Z,2026-09-24T22:18:07Z,cpu_s_per_gb_cli,7.28712068108,s/GB
s1,bulk-up,RG,4,s1-sockbuf-s1-bulk-up-rg-r4-20260924T220813Z,2026-09-24T22:18:07Z,cpu_s_per_gb_srv,10.1762064056,s/GB
s1,bulk-up,RG,4,s1-sockbuf-s1-bulk-up-rg-r4-20260924T220813Z,2026-09-24T22:18:07Z,cpu_s_per_gb_total,17.4633270867,s/GB
s1,bulk-up,RG,4,s1-sockbuf-s1-bulk-up-rg-r4-20260924T220813Z,2026-09-24T22:18:07Z,rss_kb_cli,8884,kB
s1,bulk-up,RG,4,s1-sockbuf-s1-bulk-up-rg-r4-20260924T220813Z,2026-09-24T22:18:07Z,rss_kb_srv,32152,kB
s1,bulk-up,RG,4,s1-sockbuf-s1-bulk-up-rg-r4-20260924T220813Z,2026-09-24T22:18:07Z,hwm_kb_cli,8884,kB
s1,bulk-up,RG,4,s1-sockbuf-s1-bulk-up-rg-r4-20260924T220813Z,2026-09-24T22:18:07Z,hwm_kb_srv,38004,kB
s1,bulk-up,RG,4,s1-sockbuf-s1-bulk-up-rg-r4-20260924T220813Z,2026-09-24T22:18:07Z,out_segs_cli,1017130,segments
s1,bulk-up,RG,4,s1-sockbuf-s1-bulk-up-rg-r4-20260924T220813Z,2026-09-24T22:18:07Z,out_segs_srv,18018,segments
s1,bulk-up,RG,4,s1-sockbuf-s1-bulk-up-rg-r4-20260924T220813Z,2026-09-24T22:18:07Z,retrans_pct_cli,0,% of OutSegs
s1,bulk-up,RG,4,s1-sockbuf-s1-bulk-up-rg-r4-20260924T220813Z,2026-09-24T22:18:07Z,retrans_pct_srv,0,% of OutSegs
s1,bulk-up,RG,4,s1-sockbuf-s1-bulk-up-rg-r4-20260924T220813Z,2026-09-24T22:18:07Z,retrans_segs_cli,0,segments
s1,bulk-up,RG,4,s1-sockbuf-s1-bulk-up-rg-r4-20260924T220813Z,2026-09-24T22:18:07Z,retrans_segs_srv,0,segments
s1,bulk-up,RG,4,s1-sockbuf-s1-bulk-up-rg-r4-20260924T220813Z,2026-09-24T22:18:07Z,fast_retrans_segs_cli,0,segments
s1,bulk-up,RG,4,s1-sockbuf-s1-bulk-up-rg-r4-20260924T220813Z,2026-09-24T22:18:07Z,fast_retrans_segs_srv,0,segments
s1,bulk-up,RG,4,s1-sockbuf-s1-bulk-up-rg-r4-20260924T220813Z,2026-09-24T22:18:07Z,early_retrans_segs_cli,0,segments
s1,bulk-up,RG,4,s1-sockbuf-s1-bulk-up-rg-r4-20260924T220813Z,2026-09-24T22:18:07Z,early_retrans_segs_srv,0,segments
s1,bulk-up,RG,4,s1-sockbuf-s1-bulk-up-rg-r4-20260924T220813Z,2026-09-24T22:18:07Z,lost_segs_cli,0,segments
s1,bulk-up,RG,4,s1-sockbuf-s1-bulk-up-rg-r4-20260924T220813Z,2026-09-24T22:18:07Z,lost_segs_srv,0,segments
s1,bulk-up,RG,4,s1-sockbuf-s1-bulk-up-rg-r4-20260924T220813Z,2026-09-24T22:18:07Z,repeat_segs_cli,0,segments
s1,bulk-up,RG,4,s1-sockbuf-s1-bulk-up-rg-r4-20260924T220813Z,2026-09-24T22:18:07Z,repeat_segs_srv,0,segments
s1,bulk-up,GG,5,s1-sockbuf-s1-bulk-up-gg-r5-20260924T220813Z,2026-09-24T22:18:46Z,goodput_mbit_s,289.699935256,Mbit/s
s1,bulk-up,GG,5,s1-sockbuf-s1-bulk-up-gg-r5-20260924T220813Z,2026-09-24T22:18:46Z,tcp_retransmits,100,segments
s1,bulk-up,GG,5,s1-sockbuf-s1-bulk-up-gg-r5-20260924T220813Z,2026-09-24T22:18:46Z,cpu_s_per_gb_cli,12.1855516336,s/GB
s1,bulk-up,GG,5,s1-sockbuf-s1-bulk-up-gg-r5-20260924T220813Z,2026-09-24T22:18:46Z,cpu_s_per_gb_srv,14.4298961717,s/GB
s1,bulk-up,GG,5,s1-sockbuf-s1-bulk-up-gg-r5-20260924T220813Z,2026-09-24T22:18:46Z,cpu_s_per_gb_total,26.6154478053,s/GB
s1,bulk-up,GG,5,s1-sockbuf-s1-bulk-up-gg-r5-20260924T220813Z,2026-09-24T22:18:46Z,rss_kb_cli,51616,kB
s1,bulk-up,GG,5,s1-sockbuf-s1-bulk-up-gg-r5-20260924T220813Z,2026-09-24T22:18:46Z,rss_kb_srv,52080,kB
s1,bulk-up,GG,5,s1-sockbuf-s1-bulk-up-gg-r5-20260924T220813Z,2026-09-24T22:18:46Z,hwm_kb_cli,51616,kB
s1,bulk-up,GG,5,s1-sockbuf-s1-bulk-up-gg-r5-20260924T220813Z,2026-09-24T22:18:46Z,hwm_kb_srv,55624,kB
s1,bulk-up,GG,5,s1-sockbuf-s1-bulk-up-gg-r5-20260924T220813Z,2026-09-24T22:18:46Z,out_segs_cli,706320,segments
s1,bulk-up,GG,5,s1-sockbuf-s1-bulk-up-gg-r5-20260924T220813Z,2026-09-24T22:18:46Z,out_segs_srv,24411,segments
s1,bulk-up,GG,5,s1-sockbuf-s1-bulk-up-gg-r5-20260924T220813Z,2026-09-24T22:18:46Z,retrans_pct_cli,2.78018461887,% of OutSegs
s1,bulk-up,GG,5,s1-sockbuf-s1-bulk-up-gg-r5-20260924T220813Z,2026-09-24T22:18:46Z,retrans_pct_srv,0.0081930277334,% of OutSegs
s1,bulk-up,GG,5,s1-sockbuf-s1-bulk-up-gg-r5-20260924T220813Z,2026-09-24T22:18:46Z,retrans_segs_cli,19637,segments
s1,bulk-up,GG,5,s1-sockbuf-s1-bulk-up-gg-r5-20260924T220813Z,2026-09-24T22:18:46Z,retrans_segs_srv,2,segments
s1,bulk-up,GG,5,s1-sockbuf-s1-bulk-up-gg-r5-20260924T220813Z,2026-09-24T22:18:46Z,fast_retrans_segs_cli,3450,segments
s1,bulk-up,GG,5,s1-sockbuf-s1-bulk-up-gg-r5-20260924T220813Z,2026-09-24T22:18:46Z,fast_retrans_segs_srv,0,segments
s1,bulk-up,GG,5,s1-sockbuf-s1-bulk-up-gg-r5-20260924T220813Z,2026-09-24T22:18:46Z,early_retrans_segs_cli,0,segments
s1,bulk-up,GG,5,s1-sockbuf-s1-bulk-up-gg-r5-20260924T220813Z,2026-09-24T22:18:46Z,early_retrans_segs_srv,0,segments
s1,bulk-up,GG,5,s1-sockbuf-s1-bulk-up-gg-r5-20260924T220813Z,2026-09-24T22:18:46Z,lost_segs_cli,16187,segments
s1,bulk-up,GG,5,s1-sockbuf-s1-bulk-up-gg-r5-20260924T220813Z,2026-09-24T22:18:46Z,lost_segs_srv,2,segments
s1,bulk-up,GG,5,s1-sockbuf-s1-bulk-up-gg-r5-20260924T220813Z,2026-09-24T22:18:46Z,repeat_segs_cli,2,segments
s1,bulk-up,GG,5,s1-sockbuf-s1-bulk-up-gg-r5-20260924T220813Z,2026-09-24T22:18:46Z,repeat_segs_srv,7224,segments
s1,bulk-up,RR,5,s1-sockbuf-s1-bulk-up-rr-r5-20260924T220813Z,2026-09-24T22:19:25Z,goodput_mbit_s,579.559333807,Mbit/s
s1,bulk-up,RR,5,s1-sockbuf-s1-bulk-up-rr-r5-20260924T220813Z,2026-09-24T22:19:25Z,tcp_retransmits,162,segments
s1,bulk-up,RR,5,s1-sockbuf-s1-bulk-up-rr-r5-20260924T220813Z,2026-09-24T22:19:25Z,cpu_s_per_gb_cli,6.31250995683,s/GB
s1,bulk-up,RR,5,s1-sockbuf-s1-bulk-up-rr-r5-20260924T220813Z,2026-09-24T22:19:25Z,cpu_s_per_gb_srv,6.25743898665,s/GB
s1,bulk-up,RR,5,s1-sockbuf-s1-bulk-up-rr-r5-20260924T220813Z,2026-09-24T22:19:25Z,cpu_s_per_gb_total,12.5699489435,s/GB
s1,bulk-up,RR,5,s1-sockbuf-s1-bulk-up-rr-r5-20260924T220813Z,2026-09-24T22:19:25Z,rss_kb_cli,7360,kB
s1,bulk-up,RR,5,s1-sockbuf-s1-bulk-up-rr-r5-20260924T220813Z,2026-09-24T22:19:25Z,rss_kb_srv,13572,kB
s1,bulk-up,RR,5,s1-sockbuf-s1-bulk-up-rr-r5-20260924T220813Z,2026-09-24T22:19:25Z,hwm_kb_cli,7364,kB
s1,bulk-up,RR,5,s1-sockbuf-s1-bulk-up-rr-r5-20260924T220813Z,2026-09-24T22:19:25Z,hwm_kb_srv,13572,kB
s1,bulk-up,RR,5,s1-sockbuf-s1-bulk-up-rr-r5-20260924T220813Z,2026-09-24T22:19:25Z,out_segs_cli,1326293,segments
s1,bulk-up,RR,5,s1-sockbuf-s1-bulk-up-rr-r5-20260924T220813Z,2026-09-24T22:19:25Z,out_segs_srv,22834,segments
s1,bulk-up,RR,5,s1-sockbuf-s1-bulk-up-rr-r5-20260924T220813Z,2026-09-24T22:19:25Z,retrans_pct_cli,0,% of OutSegs
s1,bulk-up,RR,5,s1-sockbuf-s1-bulk-up-rr-r5-20260924T220813Z,2026-09-24T22:19:25Z,retrans_pct_srv,0,% of OutSegs
s1,bulk-up,RR,5,s1-sockbuf-s1-bulk-up-rr-r5-20260924T220813Z,2026-09-24T22:19:25Z,retrans_segs_cli,0,segments
s1,bulk-up,RR,5,s1-sockbuf-s1-bulk-up-rr-r5-20260924T220813Z,2026-09-24T22:19:25Z,retrans_segs_srv,0,segments
s1,bulk-up,RR,5,s1-sockbuf-s1-bulk-up-rr-r5-20260924T220813Z,2026-09-24T22:19:25Z,fast_retrans_segs_cli,0,segments
s1,bulk-up,RR,5,s1-sockbuf-s1-bulk-up-rr-r5-20260924T220813Z,2026-09-24T22:19:25Z,fast_retrans_segs_srv,0,segments
s1,bulk-up,RR,5,s1-sockbuf-s1-bulk-up-rr-r5-20260924T220813Z,2026-09-24T22:19:25Z,early_retrans_segs_cli,0,segments
s1,bulk-up,RR,5,s1-sockbuf-s1-bulk-up-rr-r5-20260924T220813Z,2026-09-24T22:19:25Z,early_retrans_segs_srv,0,segments
s1,bulk-up,RR,5,s1-sockbuf-s1-bulk-up-rr-r5-20260924T220813Z,2026-09-24T22:19:25Z,lost_segs_cli,0,segments
s1,bulk-up,RR,5,s1-sockbuf-s1-bulk-up-rr-r5-20260924T220813Z,2026-09-24T22:19:25Z,lost_segs_srv,0,segments
s1,bulk-up,RR,5,s1-sockbuf-s1-bulk-up-rr-r5-20260924T220813Z,2026-09-24T22:19:25Z,repeat_segs_cli,0,segments
s1,bulk-up,RR,5,s1-sockbuf-s1-bulk-up-rr-r5-20260924T220813Z,2026-09-24T22:19:25Z,repeat_segs_srv,0,segments
s1,bulk-up,GR,5,s1-sockbuf-s1-bulk-up-gr-r5-20260924T220813Z,2026-09-24T22:20:04Z,goodput_mbit_s,330.692995157,Mbit/s
s1,bulk-up,GR,5,s1-sockbuf-s1-bulk-up-gr-r5-20260924T220813Z,2026-09-24T22:20:04Z,tcp_retransmits,41,segments
s1,bulk-up,GR,5,s1-sockbuf-s1-bulk-up-gr-r5-20260924T220813Z,2026-09-24T22:20:04Z,cpu_s_per_gb_cli,11.6372410255,s/GB
s1,bulk-up,GR,5,s1-sockbuf-s1-bulk-up-gr-r5-20260924T220813Z,2026-09-24T22:20:04Z,cpu_s_per_gb_srv,11.1664397807,s/GB
s1,bulk-up,GR,5,s1-sockbuf-s1-bulk-up-gr-r5-20260924T220813Z,2026-09-24T22:20:04Z,cpu_s_per_gb_total,22.8036808062,s/GB
s1,bulk-up,GR,5,s1-sockbuf-s1-bulk-up-gr-r5-20260924T220813Z,2026-09-24T22:20:04Z,rss_kb_cli,32488,kB
s1,bulk-up,GR,5,s1-sockbuf-s1-bulk-up-gr-r5-20260924T220813Z,2026-09-24T22:20:04Z,rss_kb_srv,13608,kB
s1,bulk-up,GR,5,s1-sockbuf-s1-bulk-up-gr-r5-20260924T220813Z,2026-09-24T22:20:04Z,hwm_kb_cli,32488,kB
s1,bulk-up,GR,5,s1-sockbuf-s1-bulk-up-gr-r5-20260924T220813Z,2026-09-24T22:20:04Z,hwm_kb_srv,13608,kB
s1,bulk-up,GR,5,s1-sockbuf-s1-bulk-up-gr-r5-20260924T220813Z,2026-09-24T22:20:04Z,out_segs_cli,783017,segments
s1,bulk-up,GR,5,s1-sockbuf-s1-bulk-up-gr-r5-20260924T220813Z,2026-09-24T22:20:04Z,out_segs_srv,13592,segments
s1,bulk-up,GR,5,s1-sockbuf-s1-bulk-up-gr-r5-20260924T220813Z,2026-09-24T22:20:04Z,retrans_pct_cli,0,% of OutSegs
s1,bulk-up,GR,5,s1-sockbuf-s1-bulk-up-gr-r5-20260924T220813Z,2026-09-24T22:20:04Z,retrans_pct_srv,0,% of OutSegs
s1,bulk-up,GR,5,s1-sockbuf-s1-bulk-up-gr-r5-20260924T220813Z,2026-09-24T22:20:04Z,retrans_segs_cli,0,segments
s1,bulk-up,GR,5,s1-sockbuf-s1-bulk-up-gr-r5-20260924T220813Z,2026-09-24T22:20:04Z,retrans_segs_srv,0,segments
s1,bulk-up,GR,5,s1-sockbuf-s1-bulk-up-gr-r5-20260924T220813Z,2026-09-24T22:20:04Z,fast_retrans_segs_cli,0,segments
s1,bulk-up,GR,5,s1-sockbuf-s1-bulk-up-gr-r5-20260924T220813Z,2026-09-24T22:20:04Z,fast_retrans_segs_srv,0,segments
s1,bulk-up,GR,5,s1-sockbuf-s1-bulk-up-gr-r5-20260924T220813Z,2026-09-24T22:20:04Z,early_retrans_segs_cli,0,segments
s1,bulk-up,GR,5,s1-sockbuf-s1-bulk-up-gr-r5-20260924T220813Z,2026-09-24T22:20:04Z,early_retrans_segs_srv,0,segments
s1,bulk-up,GR,5,s1-sockbuf-s1-bulk-up-gr-r5-20260924T220813Z,2026-09-24T22:20:04Z,lost_segs_cli,0,segments
s1,bulk-up,GR,5,s1-sockbuf-s1-bulk-up-gr-r5-20260924T220813Z,2026-09-24T22:20:04Z,lost_segs_srv,0,segments
s1,bulk-up,GR,5,s1-sockbuf-s1-bulk-up-gr-r5-20260924T220813Z,2026-09-24T22:20:04Z,repeat_segs_cli,0,segments
s1,bulk-up,GR,5,s1-sockbuf-s1-bulk-up-gr-r5-20260924T220813Z,2026-09-24T22:20:04Z,repeat_segs_srv,0,segments
s1,bulk-up,RG,5,s1-sockbuf-s1-bulk-up-rg-r5-20260924T220813Z,2026-09-24T22:20:43Z,goodput_mbit_s,470.5262672,Mbit/s
s1,bulk-up,RG,5,s1-sockbuf-s1-bulk-up-rg-r5-20260924T220813Z,2026-09-24T22:20:43Z,tcp_retransmits,246,segments
s1,bulk-up,RG,5,s1-sockbuf-s1-bulk-up-rg-r5-20260924T220813Z,2026-09-24T22:20:43Z,cpu_s_per_gb_cli,6.82013920739,s/GB
s1,bulk-up,RG,5,s1-sockbuf-s1-bulk-up-rg-r5-20260924T220813Z,2026-09-24T22:20:43Z,cpu_s_per_gb_srv,9.22924310652,s/GB
s1,bulk-up,RG,5,s1-sockbuf-s1-bulk-up-rg-r5-20260924T220813Z,2026-09-24T22:20:43Z,cpu_s_per_gb_total,16.0493823139,s/GB
s1,bulk-up,RG,5,s1-sockbuf-s1-bulk-up-rg-r5-20260924T220813Z,2026-09-24T22:20:43Z,rss_kb_cli,10152,kB
s1,bulk-up,RG,5,s1-sockbuf-s1-bulk-up-rg-r5-20260924T220813Z,2026-09-24T22:20:43Z,rss_kb_srv,30620,kB
s1,bulk-up,RG,5,s1-sockbuf-s1-bulk-up-rg-r5-20260924T220813Z,2026-09-24T22:20:43Z,hwm_kb_cli,10152,kB
s1,bulk-up,RG,5,s1-sockbuf-s1-bulk-up-rg-r5-20260924T220813Z,2026-09-24T22:20:43Z,hwm_kb_srv,37852,kB
s1,bulk-up,RG,5,s1-sockbuf-s1-bulk-up-rg-r5-20260924T220813Z,2026-09-24T22:20:43Z,out_segs_cli,1096661,segments
s1,bulk-up,RG,5,s1-sockbuf-s1-bulk-up-rg-r5-20260924T220813Z,2026-09-24T22:20:43Z,out_segs_srv,19060,segments
s1,bulk-up,RG,5,s1-sockbuf-s1-bulk-up-rg-r5-20260924T220813Z,2026-09-24T22:20:43Z,retrans_pct_cli,0,% of OutSegs
s1,bulk-up,RG,5,s1-sockbuf-s1-bulk-up-rg-r5-20260924T220813Z,2026-09-24T22:20:43Z,retrans_pct_srv,0,% of OutSegs
s1,bulk-up,RG,5,s1-sockbuf-s1-bulk-up-rg-r5-20260924T220813Z,2026-09-24T22:20:43Z,retrans_segs_cli,0,segments
s1,bulk-up,RG,5,s1-sockbuf-s1-bulk-up-rg-r5-20260924T220813Z,2026-09-24T22:20:43Z,retrans_segs_srv,0,segments
s1,bulk-up,RG,5,s1-sockbuf-s1-bulk-up-rg-r5-20260924T220813Z,2026-09-24T22:20:43Z,fast_retrans_segs_cli,0,segments
s1,bulk-up,RG,5,s1-sockbuf-s1-bulk-up-rg-r5-20260924T220813Z,2026-09-24T22:20:43Z,fast_retrans_segs_srv,0,segments
s1,bulk-up,RG,5,s1-sockbuf-s1-bulk-up-rg-r5-20260924T220813Z,2026-09-24T22:20:43Z,early_retrans_segs_cli,0,segments
s1,bulk-up,RG,5,s1-sockbuf-s1-bulk-up-rg-r5-20260924T220813Z,2026-09-24T22:20:43Z,early_retrans_segs_srv,0,segments
s1,bulk-up,RG,5,s1-sockbuf-s1-bulk-up-rg-r5-20260924T220813Z,2026-09-24T22:20:43Z,lost_segs_cli,0,segments
s1,bulk-up,RG,5,s1-sockbuf-s1-bulk-up-rg-r5-20260924T220813Z,2026-09-24T22:20:43Z,lost_segs_srv,0,segments
s1,bulk-up,RG,5,s1-sockbuf-s1-bulk-up-rg-r5-20260924T220813Z,2026-09-24T22:20:43Z,repeat_segs_cli,0,segments
s1,bulk-up,RG,5,s1-sockbuf-s1-bulk-up-rg-r5-20260924T220813Z,2026-09-24T22:20:43Z,repeat_segs_srv,0,segments
s1,bulk-down,GG,1,s1-sockbuf-s1-bulk-down-gg-r1-20260924T222211Z,2026-09-24T22:22:29Z,goodput_mbit_s,348.674671998,Mbit/s
s1,bulk-down,GG,1,s1-sockbuf-s1-bulk-down-gg-r1-20260924T222211Z,2026-09-24T22:22:29Z,tcp_retransmits,55,segments
s1,bulk-down,GG,1,s1-sockbuf-s1-bulk-down-gg-r1-20260924T222211Z,2026-09-24T22:22:29Z,cpu_s_per_gb_cli,12.2185040237,s/GB
s1,bulk-down,GG,1,s1-sockbuf-s1-bulk-down-gg-r1-20260924T222211Z,2026-09-24T22:22:29Z,cpu_s_per_gb_srv,10.0386770148,s/GB
s1,bulk-down,GG,1,s1-sockbuf-s1-bulk-down-gg-r1-20260924T222211Z,2026-09-24T22:22:29Z,cpu_s_per_gb_total,22.2571810385,s/GB
s1,bulk-down,GG,1,s1-sockbuf-s1-bulk-down-gg-r1-20260924T222211Z,2026-09-24T22:22:29Z,rss_kb_cli,36632,kB
s1,bulk-down,GG,1,s1-sockbuf-s1-bulk-down-gg-r1-20260924T222211Z,2026-09-24T22:22:29Z,rss_kb_srv,33640,kB
s1,bulk-down,GG,1,s1-sockbuf-s1-bulk-down-gg-r1-20260924T222211Z,2026-09-24T22:22:29Z,hwm_kb_cli,38144,kB
s1,bulk-down,GG,1,s1-sockbuf-s1-bulk-down-gg-r1-20260924T222211Z,2026-09-24T22:22:29Z,hwm_kb_srv,41596,kB
s1,bulk-down,GG,1,s1-sockbuf-s1-bulk-down-gg-r1-20260924T222211Z,2026-09-24T22:22:29Z,out_segs_cli,15928,segments
s1,bulk-down,GG,1,s1-sockbuf-s1-bulk-down-gg-r1-20260924T222211Z,2026-09-24T22:22:29Z,out_segs_srv,762909,segments
s1,bulk-down,GG,1,s1-sockbuf-s1-bulk-down-gg-r1-20260924T222211Z,2026-09-24T22:22:29Z,retrans_pct_cli,0,% of OutSegs
s1,bulk-down,GG,1,s1-sockbuf-s1-bulk-down-gg-r1-20260924T222211Z,2026-09-24T22:22:29Z,retrans_pct_srv,0.59823648692,% of OutSegs
s1,bulk-down,GG,1,s1-sockbuf-s1-bulk-down-gg-r1-20260924T222211Z,2026-09-24T22:22:29Z,retrans_segs_cli,0,segments
s1,bulk-down,GG,1,s1-sockbuf-s1-bulk-down-gg-r1-20260924T222211Z,2026-09-24T22:22:29Z,retrans_segs_srv,4564,segments
s1,bulk-down,GG,1,s1-sockbuf-s1-bulk-down-gg-r1-20260924T222211Z,2026-09-24T22:22:29Z,fast_retrans_segs_cli,0,segments
s1,bulk-down,GG,1,s1-sockbuf-s1-bulk-down-gg-r1-20260924T222211Z,2026-09-24T22:22:29Z,fast_retrans_segs_srv,2659,segments
s1,bulk-down,GG,1,s1-sockbuf-s1-bulk-down-gg-r1-20260924T222211Z,2026-09-24T22:22:29Z,early_retrans_segs_cli,0,segments
s1,bulk-down,GG,1,s1-sockbuf-s1-bulk-down-gg-r1-20260924T222211Z,2026-09-24T22:22:29Z,early_retrans_segs_srv,0,segments
s1,bulk-down,GG,1,s1-sockbuf-s1-bulk-down-gg-r1-20260924T222211Z,2026-09-24T22:22:29Z,lost_segs_cli,0,segments
s1,bulk-down,GG,1,s1-sockbuf-s1-bulk-down-gg-r1-20260924T222211Z,2026-09-24T22:22:29Z,lost_segs_srv,1905,segments
s1,bulk-down,GG,1,s1-sockbuf-s1-bulk-down-gg-r1-20260924T222211Z,2026-09-24T22:22:29Z,repeat_segs_cli,1384,segments
s1,bulk-down,GG,1,s1-sockbuf-s1-bulk-down-gg-r1-20260924T222211Z,2026-09-24T22:22:29Z,repeat_segs_srv,0,segments
s1,bulk-down,RR,1,s1-sockbuf-s1-bulk-down-rr-r1-20260924T222211Z,2026-09-24T22:23:08Z,goodput_mbit_s,516.391261361,Mbit/s
s1,bulk-down,RR,1,s1-sockbuf-s1-bulk-down-rr-r1-20260924T222211Z,2026-09-24T22:23:08Z,tcp_retransmits,128,segments
s1,bulk-down,RR,1,s1-sockbuf-s1-bulk-down-rr-r1-20260924T222211Z,2026-09-24T22:23:08Z,cpu_s_per_gb_cli,7.04144545528,s/GB
s1,bulk-down,RR,1,s1-sockbuf-s1-bulk-down-rr-r1-20260924T222211Z,2026-09-24T22:23:08Z,cpu_s_per_gb_srv,7.13440183093,s/GB
s1,bulk-down,RR,1,s1-sockbuf-s1-bulk-down-rr-r1-20260924T222211Z,2026-09-24T22:23:08Z,cpu_s_per_gb_total,14.1758472862,s/GB
s1,bulk-down,RR,1,s1-sockbuf-s1-bulk-down-rr-r1-20260924T222211Z,2026-09-24T22:23:08Z,rss_kb_cli,8596,kB
s1,bulk-down,RR,1,s1-sockbuf-s1-bulk-down-rr-r1-20260924T222211Z,2026-09-24T22:23:08Z,rss_kb_srv,7508,kB
s1,bulk-down,RR,1,s1-sockbuf-s1-bulk-down-rr-r1-20260924T222211Z,2026-09-24T22:23:08Z,hwm_kb_cli,8596,kB
s1,bulk-down,RR,1,s1-sockbuf-s1-bulk-down-rr-r1-20260924T222211Z,2026-09-24T22:23:08Z,hwm_kb_srv,7508,kB
s1,bulk-down,RR,1,s1-sockbuf-s1-bulk-down-rr-r1-20260924T222211Z,2026-09-24T22:23:08Z,out_segs_cli,21616,segments
s1,bulk-down,RR,1,s1-sockbuf-s1-bulk-down-rr-r1-20260924T222211Z,2026-09-24T22:23:08Z,out_segs_srv,1137565,segments
s1,bulk-down,RR,1,s1-sockbuf-s1-bulk-down-rr-r1-20260924T222211Z,2026-09-24T22:23:08Z,retrans_pct_cli,0,% of OutSegs
s1,bulk-down,RR,1,s1-sockbuf-s1-bulk-down-rr-r1-20260924T222211Z,2026-09-24T22:23:08Z,retrans_pct_srv,0,% of OutSegs
s1,bulk-down,RR,1,s1-sockbuf-s1-bulk-down-rr-r1-20260924T222211Z,2026-09-24T22:23:08Z,retrans_segs_cli,0,segments
s1,bulk-down,RR,1,s1-sockbuf-s1-bulk-down-rr-r1-20260924T222211Z,2026-09-24T22:23:08Z,retrans_segs_srv,0,segments
s1,bulk-down,RR,1,s1-sockbuf-s1-bulk-down-rr-r1-20260924T222211Z,2026-09-24T22:23:08Z,fast_retrans_segs_cli,0,segments
s1,bulk-down,RR,1,s1-sockbuf-s1-bulk-down-rr-r1-20260924T222211Z,2026-09-24T22:23:08Z,fast_retrans_segs_srv,0,segments
s1,bulk-down,RR,1,s1-sockbuf-s1-bulk-down-rr-r1-20260924T222211Z,2026-09-24T22:23:08Z,early_retrans_segs_cli,0,segments
s1,bulk-down,RR,1,s1-sockbuf-s1-bulk-down-rr-r1-20260924T222211Z,2026-09-24T22:23:08Z,early_retrans_segs_srv,0,segments
s1,bulk-down,RR,1,s1-sockbuf-s1-bulk-down-rr-r1-20260924T222211Z,2026-09-24T22:23:08Z,lost_segs_cli,0,segments
s1,bulk-down,RR,1,s1-sockbuf-s1-bulk-down-rr-r1-20260924T222211Z,2026-09-24T22:23:08Z,lost_segs_srv,0,segments
s1,bulk-down,RR,1,s1-sockbuf-s1-bulk-down-rr-r1-20260924T222211Z,2026-09-24T22:23:08Z,repeat_segs_cli,0,segments
s1,bulk-down,RR,1,s1-sockbuf-s1-bulk-down-rr-r1-20260924T222211Z,2026-09-24T22:23:08Z,repeat_segs_srv,0,segments
s1,bulk-down,GR,1,s1-sockbuf-s1-bulk-down-gr-r1-20260924T222211Z,2026-09-24T22:23:46Z,goodput_mbit_s,426.712505607,Mbit/s
s1,bulk-down,GR,1,s1-sockbuf-s1-bulk-down-gr-r1-20260924T222211Z,2026-09-24T22:23:46Z,tcp_retransmits,98,segments
s1,bulk-down,GR,1,s1-sockbuf-s1-bulk-down-gr-r1-20260924T222211Z,2026-09-24T22:23:46Z,cpu_s_per_gb_cli,10.1731511201,s/GB
s1,bulk-down,GR,1,s1-sockbuf-s1-bulk-down-gr-r1-20260924T222211Z,2026-09-24T22:23:46Z,cpu_s_per_gb_srv,7.53844562262,s/GB
s1,bulk-down,GR,1,s1-sockbuf-s1-bulk-down-gr-r1-20260924T222211Z,2026-09-24T22:23:46Z,cpu_s_per_gb_total,17.7115967427,s/GB
s1,bulk-down,GR,1,s1-sockbuf-s1-bulk-down-gr-r1-20260924T222211Z,2026-09-24T22:23:46Z,rss_kb_cli,34212,kB
s1,bulk-down,GR,1,s1-sockbuf-s1-bulk-down-gr-r1-20260924T222211Z,2026-09-24T22:23:46Z,rss_kb_srv,10012,kB
s1,bulk-down,GR,1,s1-sockbuf-s1-bulk-down-gr-r1-20260924T222211Z,2026-09-24T22:23:46Z,hwm_kb_cli,39612,kB
s1,bulk-down,GR,1,s1-sockbuf-s1-bulk-down-gr-r1-20260924T222211Z,2026-09-24T22:23:46Z,hwm_kb_srv,10012,kB
s1,bulk-down,GR,1,s1-sockbuf-s1-bulk-down-gr-r1-20260924T222211Z,2026-09-24T22:23:46Z,out_segs_cli,18251,segments
s1,bulk-down,GR,1,s1-sockbuf-s1-bulk-down-gr-r1-20260924T222211Z,2026-09-24T22:23:46Z,out_segs_srv,964741,segments
s1,bulk-down,GR,1,s1-sockbuf-s1-bulk-down-gr-r1-20260924T222211Z,2026-09-24T22:23:46Z,retrans_pct_cli,0,% of OutSegs
s1,bulk-down,GR,1,s1-sockbuf-s1-bulk-down-gr-r1-20260924T222211Z,2026-09-24T22:23:46Z,retrans_pct_srv,0,% of OutSegs
s1,bulk-down,GR,1,s1-sockbuf-s1-bulk-down-gr-r1-20260924T222211Z,2026-09-24T22:23:46Z,retrans_segs_cli,0,segments
s1,bulk-down,GR,1,s1-sockbuf-s1-bulk-down-gr-r1-20260924T222211Z,2026-09-24T22:23:46Z,retrans_segs_srv,0,segments
s1,bulk-down,GR,1,s1-sockbuf-s1-bulk-down-gr-r1-20260924T222211Z,2026-09-24T22:23:46Z,fast_retrans_segs_cli,0,segments
s1,bulk-down,GR,1,s1-sockbuf-s1-bulk-down-gr-r1-20260924T222211Z,2026-09-24T22:23:46Z,fast_retrans_segs_srv,0,segments
s1,bulk-down,GR,1,s1-sockbuf-s1-bulk-down-gr-r1-20260924T222211Z,2026-09-24T22:23:46Z,early_retrans_segs_cli,0,segments
s1,bulk-down,GR,1,s1-sockbuf-s1-bulk-down-gr-r1-20260924T222211Z,2026-09-24T22:23:46Z,early_retrans_segs_srv,0,segments
s1,bulk-down,GR,1,s1-sockbuf-s1-bulk-down-gr-r1-20260924T222211Z,2026-09-24T22:23:46Z,lost_segs_cli,0,segments
s1,bulk-down,GR,1,s1-sockbuf-s1-bulk-down-gr-r1-20260924T222211Z,2026-09-24T22:23:46Z,lost_segs_srv,0,segments
s1,bulk-down,GR,1,s1-sockbuf-s1-bulk-down-gr-r1-20260924T222211Z,2026-09-24T22:23:46Z,repeat_segs_cli,0,segments
s1,bulk-down,GR,1,s1-sockbuf-s1-bulk-down-gr-r1-20260924T222211Z,2026-09-24T22:23:46Z,repeat_segs_srv,0,segments
s1,bulk-down,RG,1,s1-sockbuf-s1-bulk-down-rg-r1-20260924T222211Z,2026-09-24T22:24:25Z,goodput_mbit_s,342.010963712,Mbit/s
s1,bulk-down,RG,1,s1-sockbuf-s1-bulk-down-rg-r1-20260924T222211Z,2026-09-24T22:24:25Z,tcp_retransmits,20,segments
s1,bulk-down,RG,1,s1-sockbuf-s1-bulk-down-rg-r1-20260924T222211Z,2026-09-24T22:24:25Z,cpu_s_per_gb_cli,10.9208497965,s/GB
s1,bulk-down,RG,1,s1-sockbuf-s1-bulk-down-rg-r1-20260924T222211Z,2026-09-24T22:24:25Z,cpu_s_per_gb_srv,11.3300893499,s/GB
s1,bulk-down,RG,1,s1-sockbuf-s1-bulk-down-rg-r1-20260924T222211Z,2026-09-24T22:24:25Z,cpu_s_per_gb_total,22.2509391463,s/GB
s1,bulk-down,RG,1,s1-sockbuf-s1-bulk-down-rg-r1-20260924T222211Z,2026-09-24T22:24:25Z,rss_kb_cli,7180,kB
s1,bulk-down,RG,1,s1-sockbuf-s1-bulk-down-rg-r1-20260924T222211Z,2026-09-24T22:24:25Z,rss_kb_srv,31240,kB
s1,bulk-down,RG,1,s1-sockbuf-s1-bulk-down-rg-r1-20260924T222211Z,2026-09-24T22:24:25Z,hwm_kb_cli,7632,kB
s1,bulk-down,RG,1,s1-sockbuf-s1-bulk-down-rg-r1-20260924T222211Z,2026-09-24T22:24:25Z,hwm_kb_srv,31240,kB
s1,bulk-down,RG,1,s1-sockbuf-s1-bulk-down-rg-r1-20260924T222211Z,2026-09-24T22:24:25Z,out_segs_cli,14645,segments
s1,bulk-down,RG,1,s1-sockbuf-s1-bulk-down-rg-r1-20260924T222211Z,2026-09-24T22:24:25Z,out_segs_srv,775958,segments
s1,bulk-down,RG,1,s1-sockbuf-s1-bulk-down-rg-r1-20260924T222211Z,2026-09-24T22:24:25Z,retrans_pct_cli,0,% of OutSegs
s1,bulk-down,RG,1,s1-sockbuf-s1-bulk-down-rg-r1-20260924T222211Z,2026-09-24T22:24:25Z,retrans_pct_srv,0,% of OutSegs
s1,bulk-down,RG,1,s1-sockbuf-s1-bulk-down-rg-r1-20260924T222211Z,2026-09-24T22:24:25Z,retrans_segs_cli,0,segments
s1,bulk-down,RG,1,s1-sockbuf-s1-bulk-down-rg-r1-20260924T222211Z,2026-09-24T22:24:25Z,retrans_segs_srv,0,segments
s1,bulk-down,RG,1,s1-sockbuf-s1-bulk-down-rg-r1-20260924T222211Z,2026-09-24T22:24:25Z,fast_retrans_segs_cli,0,segments
s1,bulk-down,RG,1,s1-sockbuf-s1-bulk-down-rg-r1-20260924T222211Z,2026-09-24T22:24:25Z,fast_retrans_segs_srv,0,segments
s1,bulk-down,RG,1,s1-sockbuf-s1-bulk-down-rg-r1-20260924T222211Z,2026-09-24T22:24:25Z,early_retrans_segs_cli,0,segments
s1,bulk-down,RG,1,s1-sockbuf-s1-bulk-down-rg-r1-20260924T222211Z,2026-09-24T22:24:25Z,early_retrans_segs_srv,0,segments
s1,bulk-down,RG,1,s1-sockbuf-s1-bulk-down-rg-r1-20260924T222211Z,2026-09-24T22:24:25Z,lost_segs_cli,0,segments
s1,bulk-down,RG,1,s1-sockbuf-s1-bulk-down-rg-r1-20260924T222211Z,2026-09-24T22:24:25Z,lost_segs_srv,0,segments
s1,bulk-down,RG,1,s1-sockbuf-s1-bulk-down-rg-r1-20260924T222211Z,2026-09-24T22:24:25Z,repeat_segs_cli,0,segments
s1,bulk-down,RG,1,s1-sockbuf-s1-bulk-down-rg-r1-20260924T222211Z,2026-09-24T22:24:25Z,repeat_segs_srv,0,segments
s1,bulk-down,GG,2,s1-sockbuf-s1-bulk-down-gg-r2-20260924T222211Z,2026-09-24T22:25:03Z,goodput_mbit_s,346.967049891,Mbit/s
s1,bulk-down,GG,2,s1-sockbuf-s1-bulk-down-gg-r2-20260924T222211Z,2026-09-24T22:25:03Z,tcp_retransmits,83,segments
s1,bulk-down,GG,2,s1-sockbuf-s1-bulk-down-gg-r2-20260924T222211Z,2026-09-24T22:25:03Z,cpu_s_per_gb_cli,12.3121688718,s/GB
s1,bulk-down,GG,2,s1-sockbuf-s1-bulk-down-gg-r2-20260924T222211Z,2026-09-24T22:25:03Z,cpu_s_per_gb_srv,10.1333299984,s/GB
s1,bulk-down,GG,2,s1-sockbuf-s1-bulk-down-gg-r2-20260924T222211Z,2026-09-24T22:25:03Z,cpu_s_per_gb_total,22.4454988703,s/GB
s1,bulk-down,GG,2,s1-sockbuf-s1-bulk-down-gg-r2-20260924T222211Z,2026-09-24T22:25:03Z,rss_kb_cli,44280,kB
s1,bulk-down,GG,2,s1-sockbuf-s1-bulk-down-gg-r2-20260924T222211Z,2026-09-24T22:25:03Z,rss_kb_srv,33088,kB
s1,bulk-down,GG,2,s1-sockbuf-s1-bulk-down-gg-r2-20260924T222211Z,2026-09-24T22:25:03Z,hwm_kb_cli,47532,kB
s1,bulk-down,GG,2,s1-sockbuf-s1-bulk-down-gg-r2-20260924T222211Z,2026-09-24T22:25:03Z,hwm_kb_srv,41736,kB
s1,bulk-down,GG,2,s1-sockbuf-s1-bulk-down-gg-r2-20260924T222211Z,2026-09-24T22:25:03Z,out_segs_cli,18714,segments
s1,bulk-down,GG,2,s1-sockbuf-s1-bulk-down-gg-r2-20260924T222211Z,2026-09-24T22:25:03Z,out_segs_srv,777707,segments
s1,bulk-down,GG,2,s1-sockbuf-s1-bulk-down-gg-r2-20260924T222211Z,2026-09-24T22:25:03Z,retrans_pct_cli,0,% of OutSegs
s1,bulk-down,GG,2,s1-sockbuf-s1-bulk-down-gg-r2-20260924T222211Z,2026-09-24T22:25:03Z,retrans_pct_srv,0.242636365624,% of OutSegs
s1,bulk-down,GG,2,s1-sockbuf-s1-bulk-down-gg-r2-20260924T222211Z,2026-09-24T22:25:03Z,retrans_segs_cli,0,segments
s1,bulk-down,GG,2,s1-sockbuf-s1-bulk-down-gg-r2-20260924T222211Z,2026-09-24T22:25:03Z,retrans_segs_srv,1887,segments
s1,bulk-down,GG,2,s1-sockbuf-s1-bulk-down-gg-r2-20260924T222211Z,2026-09-24T22:25:03Z,fast_retrans_segs_cli,0,segments
s1,bulk-down,GG,2,s1-sockbuf-s1-bulk-down-gg-r2-20260924T222211Z,2026-09-24T22:25:03Z,fast_retrans_segs_srv,1847,segments
s1,bulk-down,GG,2,s1-sockbuf-s1-bulk-down-gg-r2-20260924T222211Z,2026-09-24T22:25:03Z,early_retrans_segs_cli,0,segments
s1,bulk-down,GG,2,s1-sockbuf-s1-bulk-down-gg-r2-20260924T222211Z,2026-09-24T22:25:03Z,early_retrans_segs_srv,0,segments
s1,bulk-down,GG,2,s1-sockbuf-s1-bulk-down-gg-r2-20260924T222211Z,2026-09-24T22:25:03Z,lost_segs_cli,0,segments
s1,bulk-down,GG,2,s1-sockbuf-s1-bulk-down-gg-r2-20260924T222211Z,2026-09-24T22:25:03Z,lost_segs_srv,40,segments
s1,bulk-down,GG,2,s1-sockbuf-s1-bulk-down-gg-r2-20260924T222211Z,2026-09-24T22:25:03Z,repeat_segs_cli,0,segments
s1,bulk-down,GG,2,s1-sockbuf-s1-bulk-down-gg-r2-20260924T222211Z,2026-09-24T22:25:03Z,repeat_segs_srv,0,segments
s1,bulk-down,RR,2,s1-sockbuf-s1-bulk-down-rr-r2-20260924T222211Z,2026-09-24T22:25:42Z,goodput_mbit_s,484.742946188,Mbit/s
s1,bulk-down,RR,2,s1-sockbuf-s1-bulk-down-rr-r2-20260924T222211Z,2026-09-24T22:25:42Z,tcp_retransmits,60,segments
s1,bulk-down,RR,2,s1-sockbuf-s1-bulk-down-rr-r2-20260924T222211Z,2026-09-24T22:25:42Z,cpu_s_per_gb_cli,7.49985901255,s/GB
s1,bulk-down,RR,2,s1-sockbuf-s1-bulk-down-rr-r2-20260924T222211Z,2026-09-24T22:25:42Z,cpu_s_per_gb_srv,7.6071177223,s/GB
s1,bulk-down,RR,2,s1-sockbuf-s1-bulk-down-rr-r2-20260924T222211Z,2026-09-24T22:25:42Z,cpu_s_per_gb_total,15.1069767349,s/GB
s1,bulk-down,RR,2,s1-sockbuf-s1-bulk-down-rr-r2-20260924T222211Z,2026-09-24T22:25:42Z,rss_kb_cli,8864,kB
s1,bulk-down,RR,2,s1-sockbuf-s1-bulk-down-rr-r2-20260924T222211Z,2026-09-24T22:25:42Z,rss_kb_srv,7100,kB
s1,bulk-down,RR,2,s1-sockbuf-s1-bulk-down-rr-r2-20260924T222211Z,2026-09-24T22:25:42Z,hwm_kb_cli,12004,kB
s1,bulk-down,RR,2,s1-sockbuf-s1-bulk-down-rr-r2-20260924T222211Z,2026-09-24T22:25:42Z,hwm_kb_srv,7100,kB
s1,bulk-down,RR,2,s1-sockbuf-s1-bulk-down-rr-r2-20260924T222211Z,2026-09-24T22:25:42Z,out_segs_cli,20571,segments
s1,bulk-down,RR,2,s1-sockbuf-s1-bulk-down-rr-r2-20260924T222211Z,2026-09-24T22:25:42Z,out_segs_srv,1081081,segments
s1,bulk-down,RR,2,s1-sockbuf-s1-bulk-down-rr-r2-20260924T222211Z,2026-09-24T22:25:42Z,retrans_pct_cli,0,% of OutSegs
s1,bulk-down,RR,2,s1-sockbuf-s1-bulk-down-rr-r2-20260924T222211Z,2026-09-24T22:25:42Z,retrans_pct_srv,0,% of OutSegs
s1,bulk-down,RR,2,s1-sockbuf-s1-bulk-down-rr-r2-20260924T222211Z,2026-09-24T22:25:42Z,retrans_segs_cli,0,segments
s1,bulk-down,RR,2,s1-sockbuf-s1-bulk-down-rr-r2-20260924T222211Z,2026-09-24T22:25:42Z,retrans_segs_srv,0,segments
s1,bulk-down,RR,2,s1-sockbuf-s1-bulk-down-rr-r2-20260924T222211Z,2026-09-24T22:25:42Z,fast_retrans_segs_cli,0,segments
s1,bulk-down,RR,2,s1-sockbuf-s1-bulk-down-rr-r2-20260924T222211Z,2026-09-24T22:25:42Z,fast_retrans_segs_srv,0,segments
s1,bulk-down,RR,2,s1-sockbuf-s1-bulk-down-rr-r2-20260924T222211Z,2026-09-24T22:25:42Z,early_retrans_segs_cli,0,segments
s1,bulk-down,RR,2,s1-sockbuf-s1-bulk-down-rr-r2-20260924T222211Z,2026-09-24T22:25:42Z,early_retrans_segs_srv,0,segments
s1,bulk-down,RR,2,s1-sockbuf-s1-bulk-down-rr-r2-20260924T222211Z,2026-09-24T22:25:42Z,lost_segs_cli,0,segments
s1,bulk-down,RR,2,s1-sockbuf-s1-bulk-down-rr-r2-20260924T222211Z,2026-09-24T22:25:42Z,lost_segs_srv,0,segments
s1,bulk-down,RR,2,s1-sockbuf-s1-bulk-down-rr-r2-20260924T222211Z,2026-09-24T22:25:42Z,repeat_segs_cli,0,segments
s1,bulk-down,RR,2,s1-sockbuf-s1-bulk-down-rr-r2-20260924T222211Z,2026-09-24T22:25:42Z,repeat_segs_srv,0,segments
s1,bulk-down,GR,2,s1-sockbuf-s1-bulk-down-gr-r2-20260924T222211Z,2026-09-24T22:26:20Z,goodput_mbit_s,475.837912202,Mbit/s
s1,bulk-down,GR,2,s1-sockbuf-s1-bulk-down-gr-r2-20260924T222211Z,2026-09-24T22:26:20Z,tcp_retransmits,105,segments
s1,bulk-down,GR,2,s1-sockbuf-s1-bulk-down-gr-r2-20260924T222211Z,2026-09-24T22:26:20Z,cpu_s_per_gb_cli,9.09542186295,s/GB
s1,bulk-down,GR,2,s1-sockbuf-s1-bulk-down-gr-r2-20260924T222211Z,2026-09-24T22:26:20Z,cpu_s_per_gb_srv,6.85098781729,s/GB
s1,bulk-down,GR,2,s1-sockbuf-s1-bulk-down-gr-r2-20260924T222211Z,2026-09-24T22:26:20Z,cpu_s_per_gb_total,15.9464096802,s/GB
s1,bulk-down,GR,2,s1-sockbuf-s1-bulk-down-gr-r2-20260924T222211Z,2026-09-24T22:26:20Z,rss_kb_cli,32964,kB
s1,bulk-down,GR,2,s1-sockbuf-s1-bulk-down-gr-r2-20260924T222211Z,2026-09-24T22:26:20Z,rss_kb_srv,7668,kB
s1,bulk-down,GR,2,s1-sockbuf-s1-bulk-down-gr-r2-20260924T222211Z,2026-09-24T22:26:20Z,hwm_kb_cli,36228,kB
s1,bulk-down,GR,2,s1-sockbuf-s1-bulk-down-gr-r2-20260924T222211Z,2026-09-24T22:26:20Z,hwm_kb_srv,7668,kB
s1,bulk-down,GR,2,s1-sockbuf-s1-bulk-down-gr-r2-20260924T222211Z,2026-09-24T22:26:20Z,out_segs_cli,19587,segments
s1,bulk-down,GR,2,s1-sockbuf-s1-bulk-down-gr-r2-20260924T222211Z,2026-09-24T22:26:20Z,out_segs_srv,1044461,segments
s1,bulk-down,GR,2,s1-sockbuf-s1-bulk-down-gr-r2-20260924T222211Z,2026-09-24T22:26:20Z,retrans_pct_cli,0,% of OutSegs
s1,bulk-down,GR,2,s1-sockbuf-s1-bulk-down-gr-r2-20260924T222211Z,2026-09-24T22:26:20Z,retrans_pct_srv,0,% of OutSegs
s1,bulk-down,GR,2,s1-sockbuf-s1-bulk-down-gr-r2-20260924T222211Z,2026-09-24T22:26:20Z,retrans_segs_cli,0,segments
s1,bulk-down,GR,2,s1-sockbuf-s1-bulk-down-gr-r2-20260924T222211Z,2026-09-24T22:26:20Z,retrans_segs_srv,0,segments
s1,bulk-down,GR,2,s1-sockbuf-s1-bulk-down-gr-r2-20260924T222211Z,2026-09-24T22:26:20Z,fast_retrans_segs_cli,0,segments
s1,bulk-down,GR,2,s1-sockbuf-s1-bulk-down-gr-r2-20260924T222211Z,2026-09-24T22:26:20Z,fast_retrans_segs_srv,0,segments
s1,bulk-down,GR,2,s1-sockbuf-s1-bulk-down-gr-r2-20260924T222211Z,2026-09-24T22:26:20Z,early_retrans_segs_cli,0,segments
s1,bulk-down,GR,2,s1-sockbuf-s1-bulk-down-gr-r2-20260924T222211Z,2026-09-24T22:26:20Z,early_retrans_segs_srv,0,segments
s1,bulk-down,GR,2,s1-sockbuf-s1-bulk-down-gr-r2-20260924T222211Z,2026-09-24T22:26:20Z,lost_segs_cli,0,segments
s1,bulk-down,GR,2,s1-sockbuf-s1-bulk-down-gr-r2-20260924T222211Z,2026-09-24T22:26:20Z,lost_segs_srv,0,segments
s1,bulk-down,GR,2,s1-sockbuf-s1-bulk-down-gr-r2-20260924T222211Z,2026-09-24T22:26:20Z,repeat_segs_cli,0,segments
s1,bulk-down,GR,2,s1-sockbuf-s1-bulk-down-gr-r2-20260924T222211Z,2026-09-24T22:26:20Z,repeat_segs_srv,0,segments
s1,bulk-down,RG,2,s1-sockbuf-s1-bulk-down-rg-r2-20260924T222211Z,2026-09-24T22:26:59Z,goodput_mbit_s,373.219307865,Mbit/s
s1,bulk-down,RG,2,s1-sockbuf-s1-bulk-down-rg-r2-20260924T222211Z,2026-09-24T22:26:59Z,tcp_retransmits,31,segments
s1,bulk-down,RG,2,s1-sockbuf-s1-bulk-down-rg-r2-20260924T222211Z,2026-09-24T22:26:59Z,cpu_s_per_gb_cli,10.0296534849,s/GB
s1,bulk-down,RG,2,s1-sockbuf-s1-bulk-down-rg-r2-20260924T222211Z,2026-09-24T22:26:59Z,cpu_s_per_gb_srv,10.3939785047,s/GB
s1,bulk-down,RG,2,s1-sockbuf-s1-bulk-down-rg-r2-20260924T222211Z,2026-09-24T22:26:59Z,cpu_s_per_gb_total,20.4236319896,s/GB
s1,bulk-down,RG,2,s1-sockbuf-s1-bulk-down-rg-r2-20260924T222211Z,2026-09-24T22:26:59Z,rss_kb_cli,7260,kB
s1,bulk-down,RG,2,s1-sockbuf-s1-bulk-down-rg-r2-20260924T222211Z,2026-09-24T22:26:59Z,rss_kb_srv,30492,kB
s1,bulk-down,RG,2,s1-sockbuf-s1-bulk-down-rg-r2-20260924T222211Z,2026-09-24T22:26:59Z,hwm_kb_cli,7804,kB
s1,bulk-down,RG,2,s1-sockbuf-s1-bulk-down-rg-r2-20260924T222211Z,2026-09-24T22:26:59Z,hwm_kb_srv,30492,kB
s1,bulk-down,RG,2,s1-sockbuf-s1-bulk-down-rg-r2-20260924T222211Z,2026-09-24T22:26:59Z,out_segs_cli,15679,segments
s1,bulk-down,RG,2,s1-sockbuf-s1-bulk-down-rg-r2-20260924T222211Z,2026-09-24T22:26:59Z,out_segs_srv,830754,segments
s1,bulk-down,RG,2,s1-sockbuf-s1-bulk-down-rg-r2-20260924T222211Z,2026-09-24T22:26:59Z,retrans_pct_cli,0,% of OutSegs
s1,bulk-down,RG,2,s1-sockbuf-s1-bulk-down-rg-r2-20260924T222211Z,2026-09-24T22:26:59Z,retrans_pct_srv,0,% of OutSegs
s1,bulk-down,RG,2,s1-sockbuf-s1-bulk-down-rg-r2-20260924T222211Z,2026-09-24T22:26:59Z,retrans_segs_cli,0,segments
s1,bulk-down,RG,2,s1-sockbuf-s1-bulk-down-rg-r2-20260924T222211Z,2026-09-24T22:26:59Z,retrans_segs_srv,0,segments
s1,bulk-down,RG,2,s1-sockbuf-s1-bulk-down-rg-r2-20260924T222211Z,2026-09-24T22:26:59Z,fast_retrans_segs_cli,0,segments
s1,bulk-down,RG,2,s1-sockbuf-s1-bulk-down-rg-r2-20260924T222211Z,2026-09-24T22:26:59Z,fast_retrans_segs_srv,0,segments
s1,bulk-down,RG,2,s1-sockbuf-s1-bulk-down-rg-r2-20260924T222211Z,2026-09-24T22:26:59Z,early_retrans_segs_cli,0,segments
s1,bulk-down,RG,2,s1-sockbuf-s1-bulk-down-rg-r2-20260924T222211Z,2026-09-24T22:26:59Z,early_retrans_segs_srv,0,segments
s1,bulk-down,RG,2,s1-sockbuf-s1-bulk-down-rg-r2-20260924T222211Z,2026-09-24T22:26:59Z,lost_segs_cli,0,segments
s1,bulk-down,RG,2,s1-sockbuf-s1-bulk-down-rg-r2-20260924T222211Z,2026-09-24T22:26:59Z,lost_segs_srv,0,segments
s1,bulk-down,RG,2,s1-sockbuf-s1-bulk-down-rg-r2-20260924T222211Z,2026-09-24T22:26:59Z,repeat_segs_cli,0,segments
s1,bulk-down,RG,2,s1-sockbuf-s1-bulk-down-rg-r2-20260924T222211Z,2026-09-24T22:26:59Z,repeat_segs_srv,0,segments
s1,bulk-down,GG,3,s1-sockbuf-s1-bulk-down-gg-r3-20260924T222211Z,2026-09-24T22:27:38Z,goodput_mbit_s,325.818644983,Mbit/s
s1,bulk-down,GG,3,s1-sockbuf-s1-bulk-down-gg-r3-20260924T222211Z,2026-09-24T22:27:38Z,tcp_retransmits,70,segments
s1,bulk-down,GG,3,s1-sockbuf-s1-bulk-down-gg-r3-20260924T222211Z,2026-09-24T22:27:38Z,cpu_s_per_gb_cli,13.1371936731,s/GB
s1,bulk-down,GG,3,s1-sockbuf-s1-bulk-down-gg-r3-20260924T222211Z,2026-09-24T22:27:38Z,cpu_s_per_gb_srv,11.1236424933,s/GB
s1,bulk-down,GG,3,s1-sockbuf-s1-bulk-down-gg-r3-20260924T222211Z,2026-09-24T22:27:38Z,cpu_s_per_gb_total,24.2608361663,s/GB
s1,bulk-down,GG,3,s1-sockbuf-s1-bulk-down-gg-r3-20260924T222211Z,2026-09-24T22:27:38Z,rss_kb_cli,50244,kB
s1,bulk-down,GG,3,s1-sockbuf-s1-bulk-down-gg-r3-20260924T222211Z,2026-09-24T22:27:38Z,rss_kb_srv,34168,kB
s1,bulk-down,GG,3,s1-sockbuf-s1-bulk-down-gg-r3-20260924T222211Z,2026-09-24T22:27:38Z,hwm_kb_cli,57688,kB
s1,bulk-down,GG,3,s1-sockbuf-s1-bulk-down-gg-r3-20260924T222211Z,2026-09-24T22:27:38Z,hwm_kb_srv,53492,kB
s1,bulk-down,GG,3,s1-sockbuf-s1-bulk-down-gg-r3-20260924T222211Z,2026-09-24T22:27:38Z,out_segs_cli,21399,segments
s1,bulk-down,GG,3,s1-sockbuf-s1-bulk-down-gg-r3-20260924T222211Z,2026-09-24T22:27:38Z,out_segs_srv,705406,segments
s1,bulk-down,GG,3,s1-sockbuf-s1-bulk-down-gg-r3-20260924T222211Z,2026-09-24T22:27:38Z,retrans_pct_cli,0.00467311556615,% of OutSegs
s1,bulk-down,GG,3,s1-sockbuf-s1-bulk-down-gg-r3-20260924T222211Z,2026-09-24T22:27:38Z,retrans_pct_srv,1.66372273556,% of OutSegs
s1,bulk-down,GG,3,s1-sockbuf-s1-bulk-down-gg-r3-20260924T222211Z,2026-09-24T22:27:38Z,retrans_segs_cli,1,segments
s1,bulk-down,GG,3,s1-sockbuf-s1-bulk-down-gg-r3-20260924T222211Z,2026-09-24T22:27:38Z,retrans_segs_srv,11736,segments
s1,bulk-down,GG,3,s1-sockbuf-s1-bulk-down-gg-r3-20260924T222211Z,2026-09-24T22:27:38Z,fast_retrans_segs_cli,0,segments
s1,bulk-down,GG,3,s1-sockbuf-s1-bulk-down-gg-r3-20260924T222211Z,2026-09-24T22:27:38Z,fast_retrans_segs_srv,4401,segments
s1,bulk-down,GG,3,s1-sockbuf-s1-bulk-down-gg-r3-20260924T222211Z,2026-09-24T22:27:38Z,early_retrans_segs_cli,0,segments
s1,bulk-down,GG,3,s1-sockbuf-s1-bulk-down-gg-r3-20260924T222211Z,2026-09-24T22:27:38Z,early_retrans_segs_srv,22,segments
s1,bulk-down,GG,3,s1-sockbuf-s1-bulk-down-gg-r3-20260924T222211Z,2026-09-24T22:27:38Z,lost_segs_cli,1,segments
s1,bulk-down,GG,3,s1-sockbuf-s1-bulk-down-gg-r3-20260924T222211Z,2026-09-24T22:27:38Z,lost_segs_srv,7313,segments
s1,bulk-down,GG,3,s1-sockbuf-s1-bulk-down-gg-r3-20260924T222211Z,2026-09-24T22:27:38Z,repeat_segs_cli,2495,segments
s1,bulk-down,GG,3,s1-sockbuf-s1-bulk-down-gg-r3-20260924T222211Z,2026-09-24T22:27:38Z,repeat_segs_srv,1,segments
s1,bulk-down,RR,3,s1-sockbuf-s1-bulk-down-rr-r3-20260924T222211Z,2026-09-24T22:28:17Z,goodput_mbit_s,530.859185071,Mbit/s
s1,bulk-down,RR,3,s1-sockbuf-s1-bulk-down-rr-r3-20260924T222211Z,2026-09-24T22:28:17Z,tcp_retransmits,132,segments
s1,bulk-down,RR,3,s1-sockbuf-s1-bulk-down-rr-r3-20260924T222211Z,2026-09-24T22:28:17Z,cpu_s_per_gb_cli,6.91868436203,s/GB
s1,bulk-down,RR,3,s1-sockbuf-s1-bulk-down-rr-r3-20260924T222211Z,2026-09-24T22:28:17Z,cpu_s_per_gb_srv,7.00158798729,s/GB
s1,bulk-down,RR,3,s1-sockbuf-s1-bulk-down-rr-r3-20260924T222211Z,2026-09-24T22:28:17Z,cpu_s_per_gb_total,13.9202723493,s/GB
s1,bulk-down,RR,3,s1-sockbuf-s1-bulk-down-rr-r3-20260924T222211Z,2026-09-24T22:28:17Z,rss_kb_cli,7556,kB
s1,bulk-down,RR,3,s1-sockbuf-s1-bulk-down-rr-r3-20260924T222211Z,2026-09-24T22:28:17Z,rss_kb_srv,7504,kB
s1,bulk-down,RR,3,s1-sockbuf-s1-bulk-down-rr-r3-20260924T222211Z,2026-09-24T22:28:17Z,hwm_kb_cli,7988,kB
s1,bulk-down,RR,3,s1-sockbuf-s1-bulk-down-rr-r3-20260924T222211Z,2026-09-24T22:28:17Z,hwm_kb_srv,7504,kB
s1,bulk-down,RR,3,s1-sockbuf-s1-bulk-down-rr-r3-20260924T222211Z,2026-09-24T22:28:17Z,out_segs_cli,22420,segments
s1,bulk-down,RR,3,s1-sockbuf-s1-bulk-down-rr-r3-20260924T222211Z,2026-09-24T22:28:17Z,out_segs_srv,1197628,segments
s1,bulk-down,RR,3,s1-sockbuf-s1-bulk-down-rr-r3-20260924T222211Z,2026-09-24T22:28:17Z,retrans_pct_cli,0,% of OutSegs
s1,bulk-down,RR,3,s1-sockbuf-s1-bulk-down-rr-r3-20260924T222211Z,2026-09-24T22:28:17Z,retrans_pct_srv,0,% of OutSegs
s1,bulk-down,RR,3,s1-sockbuf-s1-bulk-down-rr-r3-20260924T222211Z,2026-09-24T22:28:17Z,retrans_segs_cli,0,segments
s1,bulk-down,RR,3,s1-sockbuf-s1-bulk-down-rr-r3-20260924T222211Z,2026-09-24T22:28:17Z,retrans_segs_srv,0,segments
s1,bulk-down,RR,3,s1-sockbuf-s1-bulk-down-rr-r3-20260924T222211Z,2026-09-24T22:28:17Z,fast_retrans_segs_cli,0,segments
s1,bulk-down,RR,3,s1-sockbuf-s1-bulk-down-rr-r3-20260924T222211Z,2026-09-24T22:28:17Z,fast_retrans_segs_srv,0,segments
s1,bulk-down,RR,3,s1-sockbuf-s1-bulk-down-rr-r3-20260924T222211Z,2026-09-24T22:28:17Z,early_retrans_segs_cli,0,segments
s1,bulk-down,RR,3,s1-sockbuf-s1-bulk-down-rr-r3-20260924T222211Z,2026-09-24T22:28:17Z,early_retrans_segs_srv,0,segments
s1,bulk-down,RR,3,s1-sockbuf-s1-bulk-down-rr-r3-20260924T222211Z,2026-09-24T22:28:17Z,lost_segs_cli,0,segments
s1,bulk-down,RR,3,s1-sockbuf-s1-bulk-down-rr-r3-20260924T222211Z,2026-09-24T22:28:17Z,lost_segs_srv,0,segments
s1,bulk-down,RR,3,s1-sockbuf-s1-bulk-down-rr-r3-20260924T222211Z,2026-09-24T22:28:17Z,repeat_segs_cli,0,segments
s1,bulk-down,RR,3,s1-sockbuf-s1-bulk-down-rr-r3-20260924T222211Z,2026-09-24T22:28:17Z,repeat_segs_srv,0,segments
s1,bulk-down,GR,3,s1-sockbuf-s1-bulk-down-gr-r3-20260924T222211Z,2026-09-24T22:28:55Z,goodput_mbit_s,417.893888757,Mbit/s
s1,bulk-down,GR,3,s1-sockbuf-s1-bulk-down-gr-r3-20260924T222211Z,2026-09-24T22:28:55Z,tcp_retransmits,186,segments
s1,bulk-down,GR,3,s1-sockbuf-s1-bulk-down-gr-r3-20260924T222211Z,2026-09-24T22:28:55Z,cpu_s_per_gb_cli,10.3206014615,s/GB
s1,bulk-down,GR,3,s1-sockbuf-s1-bulk-down-gr-r3-20260924T222211Z,2026-09-24T22:28:55Z,cpu_s_per_gb_srv,7.55376118102,s/GB
s1,bulk-down,GR,3,s1-sockbuf-s1-bulk-down-gr-r3-20260924T222211Z,2026-09-24T22:28:55Z,cpu_s_per_gb_total,17.8743626425,s/GB
s1,bulk-down,GR,3,s1-sockbuf-s1-bulk-down-gr-r3-20260924T222211Z,2026-09-24T22:28:55Z,rss_kb_cli,31324,kB
s1,bulk-down,GR,3,s1-sockbuf-s1-bulk-down-gr-r3-20260924T222211Z,2026-09-24T22:28:55Z,rss_kb_srv,8644,kB
s1,bulk-down,GR,3,s1-sockbuf-s1-bulk-down-gr-r3-20260924T222211Z,2026-09-24T22:28:55Z,hwm_kb_cli,35812,kB
s1,bulk-down,GR,3,s1-sockbuf-s1-bulk-down-gr-r3-20260924T222211Z,2026-09-24T22:28:55Z,hwm_kb_srv,8644,kB
s1,bulk-down,GR,3,s1-sockbuf-s1-bulk-down-gr-r3-20260924T222211Z,2026-09-24T22:28:55Z,out_segs_cli,17421,segments
s1,bulk-down,GR,3,s1-sockbuf-s1-bulk-down-gr-r3-20260924T222211Z,2026-09-24T22:28:55Z,out_segs_srv,921419,segments
s1,bulk-down,GR,3,s1-sockbuf-s1-bulk-down-gr-r3-20260924T222211Z,2026-09-24T22:28:55Z,retrans_pct_cli,0,% of OutSegs
s1,bulk-down,GR,3,s1-sockbuf-s1-bulk-down-gr-r3-20260924T222211Z,2026-09-24T22:28:55Z,retrans_pct_srv,0,% of OutSegs
s1,bulk-down,GR,3,s1-sockbuf-s1-bulk-down-gr-r3-20260924T222211Z,2026-09-24T22:28:55Z,retrans_segs_cli,0,segments
s1,bulk-down,GR,3,s1-sockbuf-s1-bulk-down-gr-r3-20260924T222211Z,2026-09-24T22:28:55Z,retrans_segs_srv,0,segments
s1,bulk-down,GR,3,s1-sockbuf-s1-bulk-down-gr-r3-20260924T222211Z,2026-09-24T22:28:55Z,fast_retrans_segs_cli,0,segments
s1,bulk-down,GR,3,s1-sockbuf-s1-bulk-down-gr-r3-20260924T222211Z,2026-09-24T22:28:55Z,fast_retrans_segs_srv,0,segments
s1,bulk-down,GR,3,s1-sockbuf-s1-bulk-down-gr-r3-20260924T222211Z,2026-09-24T22:28:55Z,early_retrans_segs_cli,0,segments
s1,bulk-down,GR,3,s1-sockbuf-s1-bulk-down-gr-r3-20260924T222211Z,2026-09-24T22:28:55Z,early_retrans_segs_srv,0,segments
s1,bulk-down,GR,3,s1-sockbuf-s1-bulk-down-gr-r3-20260924T222211Z,2026-09-24T22:28:55Z,lost_segs_cli,0,segments
s1,bulk-down,GR,3,s1-sockbuf-s1-bulk-down-gr-r3-20260924T222211Z,2026-09-24T22:28:55Z,lost_segs_srv,0,segments
s1,bulk-down,GR,3,s1-sockbuf-s1-bulk-down-gr-r3-20260924T222211Z,2026-09-24T22:28:55Z,repeat_segs_cli,0,segments
s1,bulk-down,GR,3,s1-sockbuf-s1-bulk-down-gr-r3-20260924T222211Z,2026-09-24T22:28:55Z,repeat_segs_srv,0,segments
s1,bulk-down,RG,3,s1-sockbuf-s1-bulk-down-rg-r3-20260924T222211Z,2026-09-24T22:29:34Z,goodput_mbit_s,395.575186709,Mbit/s
s1,bulk-down,RG,3,s1-sockbuf-s1-bulk-down-rg-r3-20260924T222211Z,2026-09-24T22:29:34Z,tcp_retransmits,23,segments
s1,bulk-down,RG,3,s1-sockbuf-s1-bulk-down-rg-r3-20260924T222211Z,2026-09-24T22:29:34Z,cpu_s_per_gb_cli,9.36606036847,s/GB
s1,bulk-down,RG,3,s1-sockbuf-s1-bulk-down-rg-r3-20260924T222211Z,2026-09-24T22:29:34Z,cpu_s_per_gb_srv,10.0740778909,s/GB
s1,bulk-down,RG,3,s1-sockbuf-s1-bulk-down-rg-r3-20260924T222211Z,2026-09-24T22:29:34Z,cpu_s_per_gb_total,19.4401382594,s/GB
s1,bulk-down,RG,3,s1-sockbuf-s1-bulk-down-rg-r3-20260924T222211Z,2026-09-24T22:29:34Z,rss_kb_cli,9348,kB
s1,bulk-down,RG,3,s1-sockbuf-s1-bulk-down-rg-r3-20260924T222211Z,2026-09-24T22:29:34Z,rss_kb_srv,34304,kB
s1,bulk-down,RG,3,s1-sockbuf-s1-bulk-down-rg-r3-20260924T222211Z,2026-09-24T22:29:34Z,hwm_kb_cli,9352,kB
s1,bulk-down,RG,3,s1-sockbuf-s1-bulk-down-rg-r3-20260924T222211Z,2026-09-24T22:29:34Z,hwm_kb_srv,45092,kB
s1,bulk-down,RG,3,s1-sockbuf-s1-bulk-down-rg-r3-20260924T222211Z,2026-09-24T22:29:34Z,out_segs_cli,21719,segments
s1,bulk-down,RG,3,s1-sockbuf-s1-bulk-down-rg-r3-20260924T222211Z,2026-09-24T22:29:34Z,out_segs_srv,891761,segments
s1,bulk-down,RG,3,s1-sockbuf-s1-bulk-down-rg-r3-20260924T222211Z,2026-09-24T22:29:34Z,retrans_pct_cli,0,% of OutSegs
s1,bulk-down,RG,3,s1-sockbuf-s1-bulk-down-rg-r3-20260924T222211Z,2026-09-24T22:29:34Z,retrans_pct_srv,1.1884350179,% of OutSegs
s1,bulk-down,RG,3,s1-sockbuf-s1-bulk-down-rg-r3-20260924T222211Z,2026-09-24T22:29:34Z,retrans_segs_cli,0,segments
s1,bulk-down,RG,3,s1-sockbuf-s1-bulk-down-rg-r3-20260924T222211Z,2026-09-24T22:29:34Z,retrans_segs_srv,10598,segments
s1,bulk-down,RG,3,s1-sockbuf-s1-bulk-down-rg-r3-20260924T222211Z,2026-09-24T22:29:34Z,fast_retrans_segs_cli,0,segments
s1,bulk-down,RG,3,s1-sockbuf-s1-bulk-down-rg-r3-20260924T222211Z,2026-09-24T22:29:34Z,fast_retrans_segs_srv,3790,segments
s1,bulk-down,RG,3,s1-sockbuf-s1-bulk-down-rg-r3-20260924T222211Z,2026-09-24T22:29:34Z,early_retrans_segs_cli,0,segments
s1,bulk-down,RG,3,s1-sockbuf-s1-bulk-down-rg-r3-20260924T222211Z,2026-09-24T22:29:34Z,early_retrans_segs_srv,0,segments
s1,bulk-down,RG,3,s1-sockbuf-s1-bulk-down-rg-r3-20260924T222211Z,2026-09-24T22:29:34Z,lost_segs_cli,0,segments
s1,bulk-down,RG,3,s1-sockbuf-s1-bulk-down-rg-r3-20260924T222211Z,2026-09-24T22:29:34Z,lost_segs_srv,6808,segments
s1,bulk-down,RG,3,s1-sockbuf-s1-bulk-down-rg-r3-20260924T222211Z,2026-09-24T22:29:34Z,repeat_segs_cli,2139,segments
s1,bulk-down,RG,3,s1-sockbuf-s1-bulk-down-rg-r3-20260924T222211Z,2026-09-24T22:29:34Z,repeat_segs_srv,0,segments
s1,bulk-down,GG,4,s1-sockbuf-s1-bulk-down-gg-r4-20260924T222211Z,2026-09-24T22:30:13Z,goodput_mbit_s,293.380447395,Mbit/s
s1,bulk-down,GG,4,s1-sockbuf-s1-bulk-down-gg-r4-20260924T222211Z,2026-09-24T22:30:13Z,tcp_retransmits,63,segments
s1,bulk-down,GG,4,s1-sockbuf-s1-bulk-down-gg-r4-20260924T222211Z,2026-09-24T22:30:13Z,cpu_s_per_gb_cli,14.3809384143,s/GB
s1,bulk-down,GG,4,s1-sockbuf-s1-bulk-down-gg-r4-20260924T222211Z,2026-09-24T22:30:13Z,cpu_s_per_gb_srv,12.090893245,s/GB
s1,bulk-down,GG,4,s1-sockbuf-s1-bulk-down-gg-r4-20260924T222211Z,2026-09-24T22:30:13Z,cpu_s_per_gb_total,26.4718316593,s/GB
s1,bulk-down,GG,4,s1-sockbuf-s1-bulk-down-gg-r4-20260924T222211Z,2026-09-24T22:30:13Z,rss_kb_cli,47000,kB
s1,bulk-down,GG,4,s1-sockbuf-s1-bulk-down-gg-r4-20260924T222211Z,2026-09-24T22:30:13Z,rss_kb_srv,43644,kB
s1,bulk-down,GG,4,s1-sockbuf-s1-bulk-down-gg-r4-20260924T222211Z,2026-09-24T22:30:13Z,hwm_kb_cli,51896,kB
s1,bulk-down,GG,4,s1-sockbuf-s1-bulk-down-gg-r4-20260924T222211Z,2026-09-24T22:30:13Z,hwm_kb_srv,45176,kB
s1,bulk-down,GG,4,s1-sockbuf-s1-bulk-down-gg-r4-20260924T222211Z,2026-09-24T22:30:13Z,out_segs_cli,24896,segments
s1,bulk-down,GG,4,s1-sockbuf-s1-bulk-down-gg-r4-20260924T222211Z,2026-09-24T22:30:13Z,out_segs_srv,679344,segments
s1,bulk-down,GG,4,s1-sockbuf-s1-bulk-down-gg-r4-20260924T222211Z,2026-09-24T22:30:13Z,retrans_pct_cli,0.00401670951157,% of OutSegs
s1,bulk-down,GG,4,s1-sockbuf-s1-bulk-down-gg-r4-20260924T222211Z,2026-09-24T22:30:13Z,retrans_pct_srv,2.81506865447,% of OutSegs
s1,bulk-down,GG,4,s1-sockbuf-s1-bulk-down-gg-r4-20260924T222211Z,2026-09-24T22:30:13Z,retrans_segs_cli,1,segments
s1,bulk-down,GG,4,s1-sockbuf-s1-bulk-down-gg-r4-20260924T222211Z,2026-09-24T22:30:13Z,retrans_segs_srv,19124,segments
s1,bulk-down,GG,4,s1-sockbuf-s1-bulk-down-gg-r4-20260924T222211Z,2026-09-24T22:30:13Z,fast_retrans_segs_cli,0,segments
s1,bulk-down,GG,4,s1-sockbuf-s1-bulk-down-gg-r4-20260924T222211Z,2026-09-24T22:30:13Z,fast_retrans_segs_srv,5706,segments
s1,bulk-down,GG,4,s1-sockbuf-s1-bulk-down-gg-r4-20260924T222211Z,2026-09-24T22:30:13Z,early_retrans_segs_cli,0,segments
s1,bulk-down,GG,4,s1-sockbuf-s1-bulk-down-gg-r4-20260924T222211Z,2026-09-24T22:30:13Z,early_retrans_segs_srv,0,segments
s1,bulk-down,GG,4,s1-sockbuf-s1-bulk-down-gg-r4-20260924T222211Z,2026-09-24T22:30:13Z,lost_segs_cli,1,segments
s1,bulk-down,GG,4,s1-sockbuf-s1-bulk-down-gg-r4-20260924T222211Z,2026-09-24T22:30:13Z,lost_segs_srv,13418,segments
s1,bulk-down,GG,4,s1-sockbuf-s1-bulk-down-gg-r4-20260924T222211Z,2026-09-24T22:30:13Z,repeat_segs_cli,7547,segments
s1,bulk-down,GG,4,s1-sockbuf-s1-bulk-down-gg-r4-20260924T222211Z,2026-09-24T22:30:13Z,repeat_segs_srv,1,segments
s1,bulk-down,RR,4,s1-sockbuf-s1-bulk-down-rr-r4-20260924T222211Z,2026-09-24T22:30:52Z,goodput_mbit_s,496.532439596,Mbit/s
s1,bulk-down,RR,4,s1-sockbuf-s1-bulk-down-rr-r4-20260924T222211Z,2026-09-24T22:30:52Z,tcp_retransmits,51,segments
s1,bulk-down,RR,4,s1-sockbuf-s1-bulk-down-rr-r4-20260924T222211Z,2026-09-24T22:30:52Z,cpu_s_per_gb_cli,7.32325198406,s/GB
s1,bulk-down,RR,4,s1-sockbuf-s1-bulk-down-rr-r4-20260924T222211Z,2026-09-24T22:30:52Z,cpu_s_per_gb_srv,7.40381581227,s/GB
s1,bulk-down,RR,4,s1-sockbuf-s1-bulk-down-rr-r4-20260924T222211Z,2026-09-24T22:30:52Z,cpu_s_per_gb_total,14.7270677963,s/GB
s1,bulk-down,RR,4,s1-sockbuf-s1-bulk-down-rr-r4-20260924T222211Z,2026-09-24T22:30:52Z,rss_kb_cli,7196,kB
s1,bulk-down,RR,4,s1-sockbuf-s1-bulk-down-rr-r4-20260924T222211Z,2026-09-24T22:30:52Z,rss_kb_srv,7108,kB
s1,bulk-down,RR,4,s1-sockbuf-s1-bulk-down-rr-r4-20260924T222211Z,2026-09-24T22:30:52Z,hwm_kb_cli,7984,kB
s1,bulk-down,RR,4,s1-sockbuf-s1-bulk-down-rr-r4-20260924T222211Z,2026-09-24T22:30:52Z,hwm_kb_srv,7108,kB
s1,bulk-down,RR,4,s1-sockbuf-s1-bulk-down-rr-r4-20260924T222211Z,2026-09-24T22:30:52Z,out_segs_cli,20971,segments
s1,bulk-down,RR,4,s1-sockbuf-s1-bulk-down-rr-r4-20260924T222211Z,2026-09-24T22:30:52Z,out_segs_srv,1109505,segments
s1,bulk-down,RR,4,s1-sockbuf-s1-bulk-down-rr-r4-20260924T222211Z,2026-09-24T22:30:52Z,retrans_pct_cli,0,% of OutSegs
s1,bulk-down,RR,4,s1-sockbuf-s1-bulk-down-rr-r4-20260924T222211Z,2026-09-24T22:30:52Z,retrans_pct_srv,0,% of OutSegs
s1,bulk-down,RR,4,s1-sockbuf-s1-bulk-down-rr-r4-20260924T222211Z,2026-09-24T22:30:52Z,retrans_segs_cli,0,segments
s1,bulk-down,RR,4,s1-sockbuf-s1-bulk-down-rr-r4-20260924T222211Z,2026-09-24T22:30:52Z,retrans_segs_srv,0,segments
s1,bulk-down,RR,4,s1-sockbuf-s1-bulk-down-rr-r4-20260924T222211Z,2026-09-24T22:30:52Z,fast_retrans_segs_cli,0,segments
s1,bulk-down,RR,4,s1-sockbuf-s1-bulk-down-rr-r4-20260924T222211Z,2026-09-24T22:30:52Z,fast_retrans_segs_srv,0,segments
s1,bulk-down,RR,4,s1-sockbuf-s1-bulk-down-rr-r4-20260924T222211Z,2026-09-24T22:30:52Z,early_retrans_segs_cli,0,segments
s1,bulk-down,RR,4,s1-sockbuf-s1-bulk-down-rr-r4-20260924T222211Z,2026-09-24T22:30:52Z,early_retrans_segs_srv,0,segments
s1,bulk-down,RR,4,s1-sockbuf-s1-bulk-down-rr-r4-20260924T222211Z,2026-09-24T22:30:52Z,lost_segs_cli,0,segments
s1,bulk-down,RR,4,s1-sockbuf-s1-bulk-down-rr-r4-20260924T222211Z,2026-09-24T22:30:52Z,lost_segs_srv,0,segments
s1,bulk-down,RR,4,s1-sockbuf-s1-bulk-down-rr-r4-20260924T222211Z,2026-09-24T22:30:52Z,repeat_segs_cli,0,segments
s1,bulk-down,RR,4,s1-sockbuf-s1-bulk-down-rr-r4-20260924T222211Z,2026-09-24T22:30:52Z,repeat_segs_srv,0,segments
s1,bulk-down,GR,4,s1-sockbuf-s1-bulk-down-gr-r4-20260924T222211Z,2026-09-24T22:31:31Z,goodput_mbit_s,470.11285314,Mbit/s
s1,bulk-down,GR,4,s1-sockbuf-s1-bulk-down-gr-r4-20260924T222211Z,2026-09-24T22:31:31Z,tcp_retransmits,169,segments
s1,bulk-down,GR,4,s1-sockbuf-s1-bulk-down-gr-r4-20260924T222211Z,2026-09-24T22:31:31Z,cpu_s_per_gb_cli,9.14438523926,s/GB
s1,bulk-down,GR,4,s1-sockbuf-s1-bulk-down-gr-r4-20260924T222211Z,2026-09-24T22:31:31Z,cpu_s_per_gb_srv,6.94973278184,s/GB
s1,bulk-down,GR,4,s1-sockbuf-s1-bulk-down-gr-r4-20260924T222211Z,2026-09-24T22:31:31Z,cpu_s_per_gb_total,16.0941180211,s/GB
s1,bulk-down,GR,4,s1-sockbuf-s1-bulk-down-gr-r4-20260924T222211Z,2026-09-24T22:31:31Z,rss_kb_cli,31276,kB
s1,bulk-down,GR,4,s1-sockbuf-s1-bulk-down-gr-r4-20260924T222211Z,2026-09-24T22:31:31Z,rss_kb_srv,7860,kB
s1,bulk-down,GR,4,s1-sockbuf-s1-bulk-down-gr-r4-20260924T222211Z,2026-09-24T22:31:31Z,hwm_kb_cli,33580,kB
s1,bulk-down,GR,4,s1-sockbuf-s1-bulk-down-gr-r4-20260924T222211Z,2026-09-24T22:31:31Z,hwm_kb_srv,7860,kB
s1,bulk-down,GR,4,s1-sockbuf-s1-bulk-down-gr-r4-20260924T222211Z,2026-09-24T22:31:31Z,out_segs_cli,19705,segments
s1,bulk-down,GR,4,s1-sockbuf-s1-bulk-down-gr-r4-20260924T222211Z,2026-09-24T22:31:31Z,out_segs_srv,1034632,segments
s1,bulk-down,GR,4,s1-sockbuf-s1-bulk-down-gr-r4-20260924T222211Z,2026-09-24T22:31:31Z,retrans_pct_cli,0,% of OutSegs
s1,bulk-down,GR,4,s1-sockbuf-s1-bulk-down-gr-r4-20260924T222211Z,2026-09-24T22:31:31Z,retrans_pct_srv,0,% of OutSegs
s1,bulk-down,GR,4,s1-sockbuf-s1-bulk-down-gr-r4-20260924T222211Z,2026-09-24T22:31:31Z,retrans_segs_cli,0,segments
s1,bulk-down,GR,4,s1-sockbuf-s1-bulk-down-gr-r4-20260924T222211Z,2026-09-24T22:31:31Z,retrans_segs_srv,0,segments
s1,bulk-down,GR,4,s1-sockbuf-s1-bulk-down-gr-r4-20260924T222211Z,2026-09-24T22:31:31Z,fast_retrans_segs_cli,0,segments
s1,bulk-down,GR,4,s1-sockbuf-s1-bulk-down-gr-r4-20260924T222211Z,2026-09-24T22:31:31Z,fast_retrans_segs_srv,0,segments
s1,bulk-down,GR,4,s1-sockbuf-s1-bulk-down-gr-r4-20260924T222211Z,2026-09-24T22:31:31Z,early_retrans_segs_cli,0,segments
s1,bulk-down,GR,4,s1-sockbuf-s1-bulk-down-gr-r4-20260924T222211Z,2026-09-24T22:31:31Z,early_retrans_segs_srv,0,segments
s1,bulk-down,GR,4,s1-sockbuf-s1-bulk-down-gr-r4-20260924T222211Z,2026-09-24T22:31:31Z,lost_segs_cli,0,segments
s1,bulk-down,GR,4,s1-sockbuf-s1-bulk-down-gr-r4-20260924T222211Z,2026-09-24T22:31:31Z,lost_segs_srv,0,segments
s1,bulk-down,GR,4,s1-sockbuf-s1-bulk-down-gr-r4-20260924T222211Z,2026-09-24T22:31:31Z,repeat_segs_cli,0,segments
s1,bulk-down,GR,4,s1-sockbuf-s1-bulk-down-gr-r4-20260924T222211Z,2026-09-24T22:31:31Z,repeat_segs_srv,0,segments
s1,bulk-down,RG,4,s1-sockbuf-s1-bulk-down-rg-r4-20260924T222211Z,2026-09-24T22:32:09Z,goodput_mbit_s,329.850578638,Mbit/s
s1,bulk-down,RG,4,s1-sockbuf-s1-bulk-down-rg-r4-20260924T222211Z,2026-09-24T22:32:09Z,tcp_retransmits,29,segments
s1,bulk-down,RG,4,s1-sockbuf-s1-bulk-down-rg-r4-20260924T222211Z,2026-09-24T22:32:09Z,cpu_s_per_gb_cli,11.2475329683,s/GB
s1,bulk-down,RG,4,s1-sockbuf-s1-bulk-down-rg-r4-20260924T222211Z,2026-09-24T22:32:09Z,cpu_s_per_gb_srv,12.145394284,s/GB
s1,bulk-down,RG,4,s1-sockbuf-s1-bulk-down-rg-r4-20260924T222211Z,2026-09-24T22:32:09Z,cpu_s_per_gb_total,23.3929272523,s/GB
s1,bulk-down,RG,4,s1-sockbuf-s1-bulk-down-rg-r4-20260924T222211Z,2026-09-24T22:32:09Z,rss_kb_cli,10104,kB
s1,bulk-down,RG,4,s1-sockbuf-s1-bulk-down-rg-r4-20260924T222211Z,2026-09-24T22:32:09Z,rss_kb_srv,33968,kB
s1,bulk-down,RG,4,s1-sockbuf-s1-bulk-down-rg-r4-20260924T222211Z,2026-09-24T22:32:09Z,hwm_kb_cli,10108,kB
s1,bulk-down,RG,4,s1-sockbuf-s1-bulk-down-rg-r4-20260924T222211Z,2026-09-24T22:32:09Z,hwm_kb_srv,52844,kB
s1,bulk-down,RG,4,s1-sockbuf-s1-bulk-down-rg-r4-20260924T222211Z,2026-09-24T22:32:09Z,out_segs_cli,21251,segments
s1,bulk-down,RG,4,s1-sockbuf-s1-bulk-down-rg-r4-20260924T222211Z,2026-09-24T22:32:09Z,out_segs_srv,741611,segments
s1,bulk-down,RG,4,s1-sockbuf-s1-bulk-down-rg-r4-20260924T222211Z,2026-09-24T22:32:09Z,retrans_pct_cli,0.00470566091007,% of OutSegs
s1,bulk-down,RG,4,s1-sockbuf-s1-bulk-down-rg-r4-20260924T222211Z,2026-09-24T22:32:09Z,retrans_pct_srv,1.87187083255,% of OutSegs
s1,bulk-down,RG,4,s1-sockbuf-s1-bulk-down-rg-r4-20260924T222211Z,2026-09-24T22:32:09Z,retrans_segs_cli,1,segments
s1,bulk-down,RG,4,s1-sockbuf-s1-bulk-down-rg-r4-20260924T222211Z,2026-09-24T22:32:09Z,retrans_segs_srv,13882,segments
s1,bulk-down,RG,4,s1-sockbuf-s1-bulk-down-rg-r4-20260924T222211Z,2026-09-24T22:32:09Z,fast_retrans_segs_cli,0,segments
s1,bulk-down,RG,4,s1-sockbuf-s1-bulk-down-rg-r4-20260924T222211Z,2026-09-24T22:32:09Z,fast_retrans_segs_srv,3587,segments
s1,bulk-down,RG,4,s1-sockbuf-s1-bulk-down-rg-r4-20260924T222211Z,2026-09-24T22:32:09Z,early_retrans_segs_cli,0,segments
s1,bulk-down,RG,4,s1-sockbuf-s1-bulk-down-rg-r4-20260924T222211Z,2026-09-24T22:32:09Z,early_retrans_segs_srv,20,segments
s1,bulk-down,RG,4,s1-sockbuf-s1-bulk-down-rg-r4-20260924T222211Z,2026-09-24T22:32:09Z,lost_segs_cli,1,segments
s1,bulk-down,RG,4,s1-sockbuf-s1-bulk-down-rg-r4-20260924T222211Z,2026-09-24T22:32:09Z,lost_segs_srv,10275,segments
s1,bulk-down,RG,4,s1-sockbuf-s1-bulk-down-rg-r4-20260924T222211Z,2026-09-24T22:32:09Z,repeat_segs_cli,5672,segments
s1,bulk-down,RG,4,s1-sockbuf-s1-bulk-down-rg-r4-20260924T222211Z,2026-09-24T22:32:09Z,repeat_segs_srv,1,segments
s1,bulk-down,GG,5,s1-sockbuf-s1-bulk-down-gg-r5-20260924T222211Z,2026-09-24T22:32:49Z,goodput_mbit_s,214.230681657,Mbit/s
s1,bulk-down,GG,5,s1-sockbuf-s1-bulk-down-gg-r5-20260924T222211Z,2026-09-24T22:32:49Z,tcp_retransmits,77,segments
s1,bulk-down,GG,5,s1-sockbuf-s1-bulk-down-gg-r5-20260924T222211Z,2026-09-24T22:32:49Z,cpu_s_per_gb_cli,19.4888375107,s/GB
s1,bulk-down,GG,5,s1-sockbuf-s1-bulk-down-gg-r5-20260924T222211Z,2026-09-24T22:32:49Z,cpu_s_per_gb_srv,16.4087051455,s/GB
s1,bulk-down,GG,5,s1-sockbuf-s1-bulk-down-gg-r5-20260924T222211Z,2026-09-24T22:32:49Z,cpu_s_per_gb_total,35.8975426562,s/GB
s1,bulk-down,GG,5,s1-sockbuf-s1-bulk-down-gg-r5-20260924T222211Z,2026-09-24T22:32:49Z,rss_kb_cli,52432,kB
s1,bulk-down,GG,5,s1-sockbuf-s1-bulk-down-gg-r5-20260924T222211Z,2026-09-24T22:32:49Z,rss_kb_srv,43628,kB
s1,bulk-down,GG,5,s1-sockbuf-s1-bulk-down-gg-r5-20260924T222211Z,2026-09-24T22:32:49Z,hwm_kb_cli,52948,kB
s1,bulk-down,GG,5,s1-sockbuf-s1-bulk-down-gg-r5-20260924T222211Z,2026-09-24T22:32:49Z,hwm_kb_srv,53192,kB
s1,bulk-down,GG,5,s1-sockbuf-s1-bulk-down-gg-r5-20260924T222211Z,2026-09-24T22:32:49Z,out_segs_cli,35211,segments
s1,bulk-down,GG,5,s1-sockbuf-s1-bulk-down-gg-r5-20260924T222211Z,2026-09-24T22:32:49Z,out_segs_srv,504225,segments
s1,bulk-down,GG,5,s1-sockbuf-s1-bulk-down-gg-r5-20260924T222211Z,2026-09-24T22:32:49Z,retrans_pct_cli,0.00852006475249,% of OutSegs
s1,bulk-down,GG,5,s1-sockbuf-s1-bulk-down-gg-r5-20260924T222211Z,2026-09-24T22:32:49Z,retrans_pct_srv,6.81144330408,% of OutSegs
s1,bulk-down,GG,5,s1-sockbuf-s1-bulk-down-gg-r5-20260924T222211Z,2026-09-24T22:32:49Z,retrans_segs_cli,3,segments
s1,bulk-down,GG,5,s1-sockbuf-s1-bulk-down-gg-r5-20260924T222211Z,2026-09-24T22:32:49Z,retrans_segs_srv,34345,segments
s1,bulk-down,GG,5,s1-sockbuf-s1-bulk-down-gg-r5-20260924T222211Z,2026-09-24T22:32:49Z,fast_retrans_segs_cli,0,segments
s1,bulk-down,GG,5,s1-sockbuf-s1-bulk-down-gg-r5-20260924T222211Z,2026-09-24T22:32:49Z,fast_retrans_segs_srv,11895,segments
s1,bulk-down,GG,5,s1-sockbuf-s1-bulk-down-gg-r5-20260924T222211Z,2026-09-24T22:32:49Z,early_retrans_segs_cli,0,segments
s1,bulk-down,GG,5,s1-sockbuf-s1-bulk-down-gg-r5-20260924T222211Z,2026-09-24T22:32:49Z,early_retrans_segs_srv,828,segments
s1,bulk-down,GG,5,s1-sockbuf-s1-bulk-down-gg-r5-20260924T222211Z,2026-09-24T22:32:49Z,lost_segs_cli,3,segments
s1,bulk-down,GG,5,s1-sockbuf-s1-bulk-down-gg-r5-20260924T222211Z,2026-09-24T22:32:49Z,lost_segs_srv,21622,segments
s1,bulk-down,GG,5,s1-sockbuf-s1-bulk-down-gg-r5-20260924T222211Z,2026-09-24T22:32:49Z,repeat_segs_cli,6956,segments
s1,bulk-down,GG,5,s1-sockbuf-s1-bulk-down-gg-r5-20260924T222211Z,2026-09-24T22:32:49Z,repeat_segs_srv,3,segments
s1,bulk-down,RR,5,s1-sockbuf-s1-bulk-down-rr-r5-20260924T222211Z,2026-09-24T22:33:27Z,goodput_mbit_s,412.897681183,Mbit/s
s1,bulk-down,RR,5,s1-sockbuf-s1-bulk-down-rr-r5-20260924T222211Z,2026-09-24T22:33:27Z,tcp_retransmits,101,segments
s1,bulk-down,RR,5,s1-sockbuf-s1-bulk-down-rr-r5-20260924T222211Z,2026-09-24T22:33:27Z,cpu_s_per_gb_cli,8.62352188572,s/GB
s1,bulk-down,RR,5,s1-sockbuf-s1-bulk-down-rr-r5-20260924T222211Z,2026-09-24T22:33:27Z,cpu_s_per_gb_srv,8.74948344135,s/GB
s1,bulk-down,RR,5,s1-sockbuf-s1-bulk-down-rr-r5-20260924T222211Z,2026-09-24T22:33:27Z,cpu_s_per_gb_total,17.3730053271,s/GB
s1,bulk-down,RR,5,s1-sockbuf-s1-bulk-down-rr-r5-20260924T222211Z,2026-09-24T22:33:27Z,rss_kb_cli,7428,kB
s1,bulk-down,RR,5,s1-sockbuf-s1-bulk-down-rr-r5-20260924T222211Z,2026-09-24T22:33:27Z,rss_kb_srv,7168,kB
s1,bulk-down,RR,5,s1-sockbuf-s1-bulk-down-rr-r5-20260924T222211Z,2026-09-24T22:33:27Z,hwm_kb_cli,9420,kB
s1,bulk-down,RR,5,s1-sockbuf-s1-bulk-down-rr-r5-20260924T222211Z,2026-09-24T22:33:27Z,hwm_kb_srv,7168,kB
s1,bulk-down,RR,5,s1-sockbuf-s1-bulk-down-rr-r5-20260924T222211Z,2026-09-24T22:33:27Z,out_segs_cli,17578,segments
s1,bulk-down,RR,5,s1-sockbuf-s1-bulk-down-rr-r5-20260924T222211Z,2026-09-24T22:33:27Z,out_segs_srv,917482,segments
s1,bulk-down,RR,5,s1-sockbuf-s1-bulk-down-rr-r5-20260924T222211Z,2026-09-24T22:33:27Z,retrans_pct_cli,0,% of OutSegs
s1,bulk-down,RR,5,s1-sockbuf-s1-bulk-down-rr-r5-20260924T222211Z,2026-09-24T22:33:27Z,retrans_pct_srv,0,% of OutSegs
s1,bulk-down,RR,5,s1-sockbuf-s1-bulk-down-rr-r5-20260924T222211Z,2026-09-24T22:33:27Z,retrans_segs_cli,0,segments
s1,bulk-down,RR,5,s1-sockbuf-s1-bulk-down-rr-r5-20260924T222211Z,2026-09-24T22:33:27Z,retrans_segs_srv,0,segments
s1,bulk-down,RR,5,s1-sockbuf-s1-bulk-down-rr-r5-20260924T222211Z,2026-09-24T22:33:27Z,fast_retrans_segs_cli,0,segments
s1,bulk-down,RR,5,s1-sockbuf-s1-bulk-down-rr-r5-20260924T222211Z,2026-09-24T22:33:27Z,fast_retrans_segs_srv,0,segments
s1,bulk-down,RR,5,s1-sockbuf-s1-bulk-down-rr-r5-20260924T222211Z,2026-09-24T22:33:27Z,early_retrans_segs_cli,0,segments
s1,bulk-down,RR,5,s1-sockbuf-s1-bulk-down-rr-r5-20260924T222211Z,2026-09-24T22:33:27Z,early_retrans_segs_srv,0,segments
s1,bulk-down,RR,5,s1-sockbuf-s1-bulk-down-rr-r5-20260924T222211Z,2026-09-24T22:33:27Z,lost_segs_cli,0,segments
s1,bulk-down,RR,5,s1-sockbuf-s1-bulk-down-rr-r5-20260924T222211Z,2026-09-24T22:33:27Z,lost_segs_srv,0,segments
s1,bulk-down,RR,5,s1-sockbuf-s1-bulk-down-rr-r5-20260924T222211Z,2026-09-24T22:33:27Z,repeat_segs_cli,0,segments
s1,bulk-down,RR,5,s1-sockbuf-s1-bulk-down-rr-r5-20260924T222211Z,2026-09-24T22:33:27Z,repeat_segs_srv,0,segments
s1,bulk-down,GR,5,s1-sockbuf-s1-bulk-down-gr-r5-20260924T222211Z,2026-09-24T22:34:07Z,goodput_mbit_s,392.814081347,Mbit/s
s1,bulk-down,GR,5,s1-sockbuf-s1-bulk-down-gr-r5-20260924T222211Z,2026-09-24T22:34:07Z,tcp_retransmits,187,segments
s1,bulk-down,GR,5,s1-sockbuf-s1-bulk-down-gr-r5-20260924T222211Z,2026-09-24T22:34:07Z,cpu_s_per_gb_cli,11.0911902877,s/GB
s1,bulk-down,GR,5,s1-sockbuf-s1-bulk-down-gr-r5-20260924T222211Z,2026-09-24T22:34:07Z,cpu_s_per_gb_srv,8.09687445247,s/GB
s1,bulk-down,GR,5,s1-sockbuf-s1-bulk-down-gr-r5-20260924T222211Z,2026-09-24T22:34:07Z,cpu_s_per_gb_total,19.1880647402,s/GB
s1,bulk-down,GR,5,s1-sockbuf-s1-bulk-down-gr-r5-20260924T222211Z,2026-09-24T22:34:07Z,rss_kb_cli,32492,kB
s1,bulk-down,GR,5,s1-sockbuf-s1-bulk-down-gr-r5-20260924T222211Z,2026-09-24T22:34:07Z,rss_kb_srv,8884,kB
s1,bulk-down,GR,5,s1-sockbuf-s1-bulk-down-gr-r5-20260924T222211Z,2026-09-24T22:34:07Z,hwm_kb_cli,46928,kB
s1,bulk-down,GR,5,s1-sockbuf-s1-bulk-down-gr-r5-20260924T222211Z,2026-09-24T22:34:07Z,hwm_kb_srv,8884,kB
s1,bulk-down,GR,5,s1-sockbuf-s1-bulk-down-gr-r5-20260924T222211Z,2026-09-24T22:34:07Z,out_segs_cli,16916,segments
s1,bulk-down,GR,5,s1-sockbuf-s1-bulk-down-gr-r5-20260924T222211Z,2026-09-24T22:34:07Z,out_segs_srv,867483,segments
s1,bulk-down,GR,5,s1-sockbuf-s1-bulk-down-gr-r5-20260924T222211Z,2026-09-24T22:34:07Z,retrans_pct_cli,0,% of OutSegs
s1,bulk-down,GR,5,s1-sockbuf-s1-bulk-down-gr-r5-20260924T222211Z,2026-09-24T22:34:07Z,retrans_pct_srv,0,% of OutSegs
s1,bulk-down,GR,5,s1-sockbuf-s1-bulk-down-gr-r5-20260924T222211Z,2026-09-24T22:34:07Z,retrans_segs_cli,0,segments
s1,bulk-down,GR,5,s1-sockbuf-s1-bulk-down-gr-r5-20260924T222211Z,2026-09-24T22:34:07Z,retrans_segs_srv,0,segments
s1,bulk-down,GR,5,s1-sockbuf-s1-bulk-down-gr-r5-20260924T222211Z,2026-09-24T22:34:07Z,fast_retrans_segs_cli,0,segments
s1,bulk-down,GR,5,s1-sockbuf-s1-bulk-down-gr-r5-20260924T222211Z,2026-09-24T22:34:07Z,fast_retrans_segs_srv,0,segments
s1,bulk-down,GR,5,s1-sockbuf-s1-bulk-down-gr-r5-20260924T222211Z,2026-09-24T22:34:07Z,early_retrans_segs_cli,0,segments
s1,bulk-down,GR,5,s1-sockbuf-s1-bulk-down-gr-r5-20260924T222211Z,2026-09-24T22:34:07Z,early_retrans_segs_srv,0,segments
s1,bulk-down,GR,5,s1-sockbuf-s1-bulk-down-gr-r5-20260924T222211Z,2026-09-24T22:34:07Z,lost_segs_cli,0,segments
s1,bulk-down,GR,5,s1-sockbuf-s1-bulk-down-gr-r5-20260924T222211Z,2026-09-24T22:34:07Z,lost_segs_srv,0,segments
s1,bulk-down,GR,5,s1-sockbuf-s1-bulk-down-gr-r5-20260924T222211Z,2026-09-24T22:34:07Z,repeat_segs_cli,0,segments
s1,bulk-down,GR,5,s1-sockbuf-s1-bulk-down-gr-r5-20260924T222211Z,2026-09-24T22:34:07Z,repeat_segs_srv,0,segments
s1,bulk-down,RG,5,s1-sockbuf-s1-bulk-down-rg-r5-20260924T222211Z,2026-09-24T22:34:46Z,goodput_mbit_s,374.576074193,Mbit/s
s1,bulk-down,RG,5,s1-sockbuf-s1-bulk-down-rg-r5-20260924T222211Z,2026-09-24T22:34:46Z,tcp_retransmits,24,segments
s1,bulk-down,RG,5,s1-sockbuf-s1-bulk-down-rg-r5-20260924T222211Z,2026-09-24T22:34:46Z,cpu_s_per_gb_cli,9.81715706275,s/GB
s1,bulk-down,RG,5,s1-sockbuf-s1-bulk-down-rg-r5-20260924T222211Z,2026-09-24T22:34:46Z,cpu_s_per_gb_srv,10.6610693674,s/GB
s1,bulk-down,RG,5,s1-sockbuf-s1-bulk-down-rg-r5-20260924T222211Z,2026-09-24T22:34:46Z,cpu_s_per_gb_total,20.4782264301,s/GB
s1,bulk-down,RG,5,s1-sockbuf-s1-bulk-down-rg-r5-20260924T222211Z,2026-09-24T22:34:46Z,rss_kb_cli,12208,kB
s1,bulk-down,RG,5,s1-sockbuf-s1-bulk-down-rg-r5-20260924T222211Z,2026-09-24T22:34:46Z,rss_kb_srv,34512,kB
s1,bulk-down,RG,5,s1-sockbuf-s1-bulk-down-rg-r5-20260924T222211Z,2026-09-24T22:34:46Z,hwm_kb_cli,12212,kB
s1,bulk-down,RG,5,s1-sockbuf-s1-bulk-down-rg-r5-20260924T222211Z,2026-09-24T22:34:46Z,hwm_kb_srv,47432,kB
s1,bulk-down,RG,5,s1-sockbuf-s1-bulk-down-rg-r5-20260924T222211Z,2026-09-24T22:34:46Z,out_segs_cli,23957,segments
s1,bulk-down,RG,5,s1-sockbuf-s1-bulk-down-rg-r5-20260924T222211Z,2026-09-24T22:34:46Z,out_segs_srv,821103,segments
s1,bulk-down,RG,5,s1-sockbuf-s1-bulk-down-rg-r5-20260924T222211Z,2026-09-24T22:34:46Z,retrans_pct_cli,0.00417414534374,% of OutSegs
s1,bulk-down,RG,5,s1-sockbuf-s1-bulk-down-rg-r5-20260924T222211Z,2026-09-24T22:34:46Z,retrans_pct_srv,1.07453023555,% of OutSegs
s1,bulk-down,RG,5,s1-sockbuf-s1-bulk-down-rg-r5-20260924T222211Z,2026-09-24T22:34:46Z,retrans_segs_cli,1,segments
s1,bulk-down,RG,5,s1-sockbuf-s1-bulk-down-rg-r5-20260924T222211Z,2026-09-24T22:34:46Z,retrans_segs_srv,8823,segments
s1,bulk-down,RG,5,s1-sockbuf-s1-bulk-down-rg-r5-20260924T222211Z,2026-09-24T22:34:46Z,fast_retrans_segs_cli,0,segments
s1,bulk-down,RG,5,s1-sockbuf-s1-bulk-down-rg-r5-20260924T222211Z,2026-09-24T22:34:46Z,fast_retrans_segs_srv,2656,segments
s1,bulk-down,RG,5,s1-sockbuf-s1-bulk-down-rg-r5-20260924T222211Z,2026-09-24T22:34:46Z,early_retrans_segs_cli,0,segments
s1,bulk-down,RG,5,s1-sockbuf-s1-bulk-down-rg-r5-20260924T222211Z,2026-09-24T22:34:46Z,early_retrans_segs_srv,783,segments
s1,bulk-down,RG,5,s1-sockbuf-s1-bulk-down-rg-r5-20260924T222211Z,2026-09-24T22:34:46Z,lost_segs_cli,1,segments
s1,bulk-down,RG,5,s1-sockbuf-s1-bulk-down-rg-r5-20260924T222211Z,2026-09-24T22:34:46Z,lost_segs_srv,5384,segments
s1,bulk-down,RG,5,s1-sockbuf-s1-bulk-down-rg-r5-20260924T222211Z,2026-09-24T22:34:46Z,repeat_segs_cli,2531,segments
s1,bulk-down,RG,5,s1-sockbuf-s1-bulk-down-rg-r5-20260924T222211Z,2026-09-24T22:34:46Z,repeat_segs_srv,1,segments
s1,latency,GG,1,s1-sockbuf-s1-latency-gg-r1-20260924T223614Z,2026-09-24T22:36:33Z,rtt_p50_ms,0.437247,ms
s1,latency,GG,1,s1-sockbuf-s1-latency-gg-r1-20260924T223614Z,2026-09-24T22:36:33Z,rtt_p90_ms,0.657407,ms
s1,latency,GG,1,s1-sockbuf-s1-latency-gg-r1-20260924T223614Z,2026-09-24T22:36:33Z,rtt_p99_ms,1.527807,ms
s1,latency,GG,1,s1-sockbuf-s1-latency-gg-r1-20260924T223614Z,2026-09-24T22:36:33Z,rtt_max_ms,10.17616,ms
s1,latency,GG,1,s1-sockbuf-s1-latency-gg-r1-20260924T223614Z,2026-09-24T22:36:33Z,rtt_errors,0,count
s1,latency,GG,1,s1-sockbuf-s1-latency-gg-r1-20260924T223614Z,2026-09-24T22:36:33Z,cpu_s_cli,7.67,s
s1,latency,GG,1,s1-sockbuf-s1-latency-gg-r1-20260924T223614Z,2026-09-24T22:36:33Z,cpu_s_srv,7.5,s
s1,latency,GG,1,s1-sockbuf-s1-latency-gg-r1-20260924T223614Z,2026-09-24T22:36:33Z,rss_kb_cli,25180,kB
s1,latency,GG,1,s1-sockbuf-s1-latency-gg-r1-20260924T223614Z,2026-09-24T22:36:33Z,rss_kb_srv,25084,kB
s1,latency,GG,1,s1-sockbuf-s1-latency-gg-r1-20260924T223614Z,2026-09-24T22:36:33Z,hwm_kb_cli,25180,kB
s1,latency,GG,1,s1-sockbuf-s1-latency-gg-r1-20260924T223614Z,2026-09-24T22:36:33Z,hwm_kb_srv,25084,kB
s1,latency,RR,1,s1-sockbuf-s1-latency-rr-r1-20260924T223614Z,2026-09-24T22:37:10Z,rtt_p50_ms,0.240127,ms
s1,latency,RR,1,s1-sockbuf-s1-latency-rr-r1-20260924T223614Z,2026-09-24T22:37:10Z,rtt_p90_ms,0.349183,ms
s1,latency,RR,1,s1-sockbuf-s1-latency-rr-r1-20260924T223614Z,2026-09-24T22:37:10Z,rtt_p99_ms,0.751615,ms
s1,latency,RR,1,s1-sockbuf-s1-latency-rr-r1-20260924T223614Z,2026-09-24T22:37:10Z,rtt_max_ms,7.815713,ms
s1,latency,RR,1,s1-sockbuf-s1-latency-rr-r1-20260924T223614Z,2026-09-24T22:37:10Z,rtt_errors,0,count
s1,latency,RR,1,s1-sockbuf-s1-latency-rr-r1-20260924T223614Z,2026-09-24T22:37:10Z,cpu_s_cli,6.75,s
s1,latency,RR,1,s1-sockbuf-s1-latency-rr-r1-20260924T223614Z,2026-09-24T22:37:10Z,cpu_s_srv,6.74,s
s1,latency,RR,1,s1-sockbuf-s1-latency-rr-r1-20260924T223614Z,2026-09-24T22:37:10Z,rss_kb_cli,4856,kB
s1,latency,RR,1,s1-sockbuf-s1-latency-rr-r1-20260924T223614Z,2026-09-24T22:37:10Z,rss_kb_srv,4428,kB
s1,latency,RR,1,s1-sockbuf-s1-latency-rr-r1-20260924T223614Z,2026-09-24T22:37:10Z,hwm_kb_cli,4860,kB
s1,latency,RR,1,s1-sockbuf-s1-latency-rr-r1-20260924T223614Z,2026-09-24T22:37:10Z,hwm_kb_srv,4592,kB
s1,latency,GG,2,s1-sockbuf-s1-latency-gg-r2-20260924T223614Z,2026-09-24T22:37:46Z,rtt_p50_ms,0.441343,ms
s1,latency,GG,2,s1-sockbuf-s1-latency-gg-r2-20260924T223614Z,2026-09-24T22:37:46Z,rtt_p90_ms,0.653311,ms
s1,latency,GG,2,s1-sockbuf-s1-latency-gg-r2-20260924T223614Z,2026-09-24T22:37:46Z,rtt_p99_ms,1.552383,ms
s1,latency,GG,2,s1-sockbuf-s1-latency-gg-r2-20260924T223614Z,2026-09-24T22:37:46Z,rtt_max_ms,14.275227,ms
s1,latency,GG,2,s1-sockbuf-s1-latency-gg-r2-20260924T223614Z,2026-09-24T22:37:46Z,rtt_errors,0,count
s1,latency,GG,2,s1-sockbuf-s1-latency-gg-r2-20260924T223614Z,2026-09-24T22:37:46Z,cpu_s_cli,7.69,s
s1,latency,GG,2,s1-sockbuf-s1-latency-gg-r2-20260924T223614Z,2026-09-24T22:37:46Z,cpu_s_srv,7.4,s
s1,latency,GG,2,s1-sockbuf-s1-latency-gg-r2-20260924T223614Z,2026-09-24T22:37:46Z,rss_kb_cli,26684,kB
s1,latency,GG,2,s1-sockbuf-s1-latency-gg-r2-20260924T223614Z,2026-09-24T22:37:46Z,rss_kb_srv,24772,kB
s1,latency,GG,2,s1-sockbuf-s1-latency-gg-r2-20260924T223614Z,2026-09-24T22:37:46Z,hwm_kb_cli,26684,kB
s1,latency,GG,2,s1-sockbuf-s1-latency-gg-r2-20260924T223614Z,2026-09-24T22:37:46Z,hwm_kb_srv,24772,kB
s1,latency,RR,2,s1-sockbuf-s1-latency-rr-r2-20260924T223614Z,2026-09-24T22:38:22Z,rtt_p50_ms,0.244223,ms
s1,latency,RR,2,s1-sockbuf-s1-latency-rr-r2-20260924T223614Z,2026-09-24T22:38:22Z,rtt_p90_ms,0.359423,ms
s1,latency,RR,2,s1-sockbuf-s1-latency-rr-r2-20260924T223614Z,2026-09-24T22:38:22Z,rtt_p99_ms,0.747519,ms
s1,latency,RR,2,s1-sockbuf-s1-latency-rr-r2-20260924T223614Z,2026-09-24T22:38:22Z,rtt_max_ms,8.995347,ms
s1,latency,RR,2,s1-sockbuf-s1-latency-rr-r2-20260924T223614Z,2026-09-24T22:38:22Z,rtt_errors,0,count
s1,latency,RR,2,s1-sockbuf-s1-latency-rr-r2-20260924T223614Z,2026-09-24T22:38:22Z,cpu_s_cli,6.77,s
s1,latency,RR,2,s1-sockbuf-s1-latency-rr-r2-20260924T223614Z,2026-09-24T22:38:22Z,cpu_s_srv,6.77,s
s1,latency,RR,2,s1-sockbuf-s1-latency-rr-r2-20260924T223614Z,2026-09-24T22:38:22Z,rss_kb_cli,5084,kB
s1,latency,RR,2,s1-sockbuf-s1-latency-rr-r2-20260924T223614Z,2026-09-24T22:38:22Z,rss_kb_srv,4496,kB
s1,latency,RR,2,s1-sockbuf-s1-latency-rr-r2-20260924T223614Z,2026-09-24T22:38:22Z,hwm_kb_cli,5088,kB
s1,latency,RR,2,s1-sockbuf-s1-latency-rr-r2-20260924T223614Z,2026-09-24T22:38:22Z,hwm_kb_srv,4712,kB
s1,latency,GG,3,s1-sockbuf-s1-latency-gg-r3-20260924T223614Z,2026-09-24T22:38:59Z,rtt_p50_ms,0.433151,ms
s1,latency,GG,3,s1-sockbuf-s1-latency-gg-r3-20260924T223614Z,2026-09-24T22:38:59Z,rtt_p90_ms,0.661503,ms
s1,latency,GG,3,s1-sockbuf-s1-latency-gg-r3-20260924T223614Z,2026-09-24T22:38:59Z,rtt_p99_ms,1.617919,ms
s1,latency,GG,3,s1-sockbuf-s1-latency-gg-r3-20260924T223614Z,2026-09-24T22:38:59Z,rtt_max_ms,9.823505,ms
s1,latency,GG,3,s1-sockbuf-s1-latency-gg-r3-20260924T223614Z,2026-09-24T22:38:59Z,rtt_errors,0,count
s1,latency,GG,3,s1-sockbuf-s1-latency-gg-r3-20260924T223614Z,2026-09-24T22:38:59Z,cpu_s_cli,7.71,s
s1,latency,GG,3,s1-sockbuf-s1-latency-gg-r3-20260924T223614Z,2026-09-24T22:38:59Z,cpu_s_srv,7.44,s
s1,latency,GG,3,s1-sockbuf-s1-latency-gg-r3-20260924T223614Z,2026-09-24T22:38:59Z,rss_kb_cli,26876,kB
s1,latency,GG,3,s1-sockbuf-s1-latency-gg-r3-20260924T223614Z,2026-09-24T22:38:59Z,rss_kb_srv,25472,kB
s1,latency,GG,3,s1-sockbuf-s1-latency-gg-r3-20260924T223614Z,2026-09-24T22:38:59Z,hwm_kb_cli,26876,kB
s1,latency,GG,3,s1-sockbuf-s1-latency-gg-r3-20260924T223614Z,2026-09-24T22:38:59Z,hwm_kb_srv,25472,kB
s1,latency,RR,3,s1-sockbuf-s1-latency-rr-r3-20260924T223614Z,2026-09-24T22:39:35Z,rtt_p50_ms,0.215551,ms
s1,latency,RR,3,s1-sockbuf-s1-latency-rr-r3-20260924T223614Z,2026-09-24T22:39:35Z,rtt_p90_ms,0.300031,ms
s1,latency,RR,3,s1-sockbuf-s1-latency-rr-r3-20260924T223614Z,2026-09-24T22:39:35Z,rtt_p99_ms,0.600063,ms
s1,latency,RR,3,s1-sockbuf-s1-latency-rr-r3-20260924T223614Z,2026-09-24T22:39:35Z,rtt_max_ms,14.936257,ms
s1,latency,RR,3,s1-sockbuf-s1-latency-rr-r3-20260924T223614Z,2026-09-24T22:39:35Z,rtt_errors,0,count
s1,latency,RR,3,s1-sockbuf-s1-latency-rr-r3-20260924T223614Z,2026-09-24T22:39:35Z,cpu_s_cli,6.83,s
s1,latency,RR,3,s1-sockbuf-s1-latency-rr-r3-20260924T223614Z,2026-09-24T22:39:35Z,cpu_s_srv,6.83,s
s1,latency,RR,3,s1-sockbuf-s1-latency-rr-r3-20260924T223614Z,2026-09-24T22:39:35Z,rss_kb_cli,4792,kB
s1,latency,RR,3,s1-sockbuf-s1-latency-rr-r3-20260924T223614Z,2026-09-24T22:39:35Z,rss_kb_srv,4292,kB
s1,latency,RR,3,s1-sockbuf-s1-latency-rr-r3-20260924T223614Z,2026-09-24T22:39:35Z,hwm_kb_cli,4796,kB
s1,latency,RR,3,s1-sockbuf-s1-latency-rr-r3-20260924T223614Z,2026-09-24T22:39:35Z,hwm_kb_srv,4516,kB
s1,latency,GG,4,s1-sockbuf-s1-latency-gg-r4-20260924T223614Z,2026-09-24T22:40:11Z,rtt_p50_ms,0.431103,ms
s1,latency,GG,4,s1-sockbuf-s1-latency-gg-r4-20260924T223614Z,2026-09-24T22:40:11Z,rtt_p90_ms,0.665599,ms
s1,latency,GG,4,s1-sockbuf-s1-latency-gg-r4-20260924T223614Z,2026-09-24T22:40:11Z,rtt_p99_ms,1.585151,ms
s1,latency,GG,4,s1-sockbuf-s1-latency-gg-r4-20260924T223614Z,2026-09-24T22:40:11Z,rtt_max_ms,7.281023,ms
s1,latency,GG,4,s1-sockbuf-s1-latency-gg-r4-20260924T223614Z,2026-09-24T22:40:11Z,rtt_errors,0,count
s1,latency,GG,4,s1-sockbuf-s1-latency-gg-r4-20260924T223614Z,2026-09-24T22:40:11Z,cpu_s_cli,7.71,s
s1,latency,GG,4,s1-sockbuf-s1-latency-gg-r4-20260924T223614Z,2026-09-24T22:40:11Z,cpu_s_srv,7.53,s
s1,latency,GG,4,s1-sockbuf-s1-latency-gg-r4-20260924T223614Z,2026-09-24T22:40:11Z,rss_kb_cli,26628,kB
s1,latency,GG,4,s1-sockbuf-s1-latency-gg-r4-20260924T223614Z,2026-09-24T22:40:11Z,rss_kb_srv,25124,kB
s1,latency,GG,4,s1-sockbuf-s1-latency-gg-r4-20260924T223614Z,2026-09-24T22:40:11Z,hwm_kb_cli,26628,kB
s1,latency,GG,4,s1-sockbuf-s1-latency-gg-r4-20260924T223614Z,2026-09-24T22:40:11Z,hwm_kb_srv,25124,kB
s1,latency,RR,4,s1-sockbuf-s1-latency-rr-r4-20260924T223614Z,2026-09-24T22:40:47Z,rtt_p50_ms,0.259583,ms
s1,latency,RR,4,s1-sockbuf-s1-latency-rr-r4-20260924T223614Z,2026-09-24T22:40:47Z,rtt_p90_ms,0.379903,ms
s1,latency,RR,4,s1-sockbuf-s1-latency-rr-r4-20260924T223614Z,2026-09-24T22:40:47Z,rtt_p99_ms,0.755711,ms
s1,latency,RR,4,s1-sockbuf-s1-latency-rr-r4-20260924T223614Z,2026-09-24T22:40:47Z,rtt_max_ms,20.804457,ms
s1,latency,RR,4,s1-sockbuf-s1-latency-rr-r4-20260924T223614Z,2026-09-24T22:40:47Z,rtt_errors,0,count
s1,latency,RR,4,s1-sockbuf-s1-latency-rr-r4-20260924T223614Z,2026-09-24T22:40:47Z,cpu_s_cli,6.78,s
s1,latency,RR,4,s1-sockbuf-s1-latency-rr-r4-20260924T223614Z,2026-09-24T22:40:47Z,cpu_s_srv,6.77,s
s1,latency,RR,4,s1-sockbuf-s1-latency-rr-r4-20260924T223614Z,2026-09-24T22:40:47Z,rss_kb_cli,4924,kB
s1,latency,RR,4,s1-sockbuf-s1-latency-rr-r4-20260924T223614Z,2026-09-24T22:40:47Z,rss_kb_srv,4484,kB
s1,latency,RR,4,s1-sockbuf-s1-latency-rr-r4-20260924T223614Z,2026-09-24T22:40:47Z,hwm_kb_cli,4928,kB
s1,latency,RR,4,s1-sockbuf-s1-latency-rr-r4-20260924T223614Z,2026-09-24T22:40:47Z,hwm_kb_srv,4700,kB
s1,latency,GG,5,s1-sockbuf-s1-latency-gg-r5-20260924T223614Z,2026-09-24T22:41:24Z,rtt_p50_ms,0.410623,ms
s1,latency,GG,5,s1-sockbuf-s1-latency-gg-r5-20260924T223614Z,2026-09-24T22:41:24Z,rtt_p90_ms,0.587775,ms
s1,latency,GG,5,s1-sockbuf-s1-latency-gg-r5-20260924T223614Z,2026-09-24T22:41:24Z,rtt_p99_ms,1.314815,ms
s1,latency,GG,5,s1-sockbuf-s1-latency-gg-r5-20260924T223614Z,2026-09-24T22:41:24Z,rtt_max_ms,9.606442,ms
s1,latency,GG,5,s1-sockbuf-s1-latency-gg-r5-20260924T223614Z,2026-09-24T22:41:24Z,rtt_errors,0,count
s1,latency,GG,5,s1-sockbuf-s1-latency-gg-r5-20260924T223614Z,2026-09-24T22:41:24Z,cpu_s_cli,7.68,s
s1,latency,GG,5,s1-sockbuf-s1-latency-gg-r5-20260924T223614Z,2026-09-24T22:41:24Z,cpu_s_srv,7.54,s
s1,latency,GG,5,s1-sockbuf-s1-latency-gg-r5-20260924T223614Z,2026-09-24T22:41:24Z,rss_kb_cli,26848,kB
s1,latency,GG,5,s1-sockbuf-s1-latency-gg-r5-20260924T223614Z,2026-09-24T22:41:24Z,rss_kb_srv,26868,kB
s1,latency,GG,5,s1-sockbuf-s1-latency-gg-r5-20260924T223614Z,2026-09-24T22:41:24Z,hwm_kb_cli,26848,kB
s1,latency,GG,5,s1-sockbuf-s1-latency-gg-r5-20260924T223614Z,2026-09-24T22:41:24Z,hwm_kb_srv,26868,kB
s1,latency,RR,5,s1-sockbuf-s1-latency-rr-r5-20260924T223614Z,2026-09-24T22:42:00Z,rtt_p50_ms,0.222719,ms
s1,latency,RR,5,s1-sockbuf-s1-latency-rr-r5-20260924T223614Z,2026-09-24T22:42:00Z,rtt_p90_ms,0.314367,ms
s1,latency,RR,5,s1-sockbuf-s1-latency-rr-r5-20260924T223614Z,2026-09-24T22:42:00Z,rtt_p99_ms,0.624639,ms
s1,latency,RR,5,s1-sockbuf-s1-latency-rr-r5-20260924T223614Z,2026-09-24T22:42:00Z,rtt_max_ms,8.60353,ms
s1,latency,RR,5,s1-sockbuf-s1-latency-rr-r5-20260924T223614Z,2026-09-24T22:42:00Z,rtt_errors,0,count
s1,latency,RR,5,s1-sockbuf-s1-latency-rr-r5-20260924T223614Z,2026-09-24T22:42:00Z,cpu_s_cli,6.79,s
s1,latency,RR,5,s1-sockbuf-s1-latency-rr-r5-20260924T223614Z,2026-09-24T22:42:00Z,cpu_s_srv,6.79,s
s1,latency,RR,5,s1-sockbuf-s1-latency-rr-r5-20260924T223614Z,2026-09-24T22:42:00Z,rss_kb_cli,5004,kB
s1,latency,RR,5,s1-sockbuf-s1-latency-rr-r5-20260924T223614Z,2026-09-24T22:42:00Z,rss_kb_srv,4308,kB
s1,latency,RR,5,s1-sockbuf-s1-latency-rr-r5-20260924T223614Z,2026-09-24T22:42:00Z,hwm_kb_cli,5004,kB
s1,latency,RR,5,s1-sockbuf-s1-latency-rr-r5-20260924T223614Z,2026-09-24T22:42:00Z,hwm_kb_srv,4532,kB
s1,latency-loaded,GG,1,s1-sockbuf-s1-latency-loaded-gg-r1-20260924T224325Z,2026-09-24T22:43:44Z,rtt_p50_ms,0.515071,ms
s1,latency-loaded,GG,1,s1-sockbuf-s1-latency-loaded-gg-r1-20260924T224325Z,2026-09-24T22:43:44Z,rtt_p90_ms,27.459583,ms
s1,latency-loaded,GG,1,s1-sockbuf-s1-latency-loaded-gg-r1-20260924T224325Z,2026-09-24T22:43:44Z,rtt_p99_ms,63.569919,ms
s1,latency-loaded,GG,1,s1-sockbuf-s1-latency-loaded-gg-r1-20260924T224325Z,2026-09-24T22:43:44Z,rtt_max_ms,125.948881,ms
s1,latency-loaded,GG,1,s1-sockbuf-s1-latency-loaded-gg-r1-20260924T224325Z,2026-09-24T22:43:44Z,rtt_errors,0,count
s1,latency-loaded,GG,1,s1-sockbuf-s1-latency-loaded-gg-r1-20260924T224325Z,2026-09-24T22:43:44Z,goodput_mbit_s,238.22,Mbit/s
s1,latency-loaded,GG,1,s1-sockbuf-s1-latency-loaded-gg-r1-20260924T224325Z,2026-09-24T22:43:44Z,cpu_s_per_gb_cli,12.8275911573,s/GB
s1,latency-loaded,GG,1,s1-sockbuf-s1-latency-loaded-gg-r1-20260924T224325Z,2026-09-24T22:43:44Z,cpu_s_per_gb_srv,13.9357338489,s/GB
s1,latency-loaded,GG,1,s1-sockbuf-s1-latency-loaded-gg-r1-20260924T224325Z,2026-09-24T22:43:44Z,cpu_s_per_gb_total,26.7633250062,s/GB
s1,latency-loaded,GG,1,s1-sockbuf-s1-latency-loaded-gg-r1-20260924T224325Z,2026-09-24T22:43:44Z,rss_kb_cli,50652,kB
s1,latency-loaded,GG,1,s1-sockbuf-s1-latency-loaded-gg-r1-20260924T224325Z,2026-09-24T22:43:44Z,rss_kb_srv,45020,kB
s1,latency-loaded,GG,1,s1-sockbuf-s1-latency-loaded-gg-r1-20260924T224325Z,2026-09-24T22:43:44Z,hwm_kb_cli,50652,kB
s1,latency-loaded,GG,1,s1-sockbuf-s1-latency-loaded-gg-r1-20260924T224325Z,2026-09-24T22:43:44Z,hwm_kb_srv,45556,kB
s1,latency-loaded,GG,1,s1-sockbuf-s1-latency-loaded-gg-r1-20260924T224325Z,2026-09-24T22:43:44Z,out_segs_cli,573841,segments
s1,latency-loaded,GG,1,s1-sockbuf-s1-latency-loaded-gg-r1-20260924T224325Z,2026-09-24T22:43:44Z,out_segs_srv,46082,segments
s1,latency-loaded,GG,1,s1-sockbuf-s1-latency-loaded-gg-r1-20260924T224325Z,2026-09-24T22:43:44Z,retrans_pct_cli,9.04030907516,% of OutSegs
s1,latency-loaded,GG,1,s1-sockbuf-s1-latency-loaded-gg-r1-20260924T224325Z,2026-09-24T22:43:44Z,retrans_pct_srv,0.00651013410876,% of OutSegs
s1,latency-loaded,GG,1,s1-sockbuf-s1-latency-loaded-gg-r1-20260924T224325Z,2026-09-24T22:43:44Z,retrans_segs_cli,51877,segments
s1,latency-loaded,GG,1,s1-sockbuf-s1-latency-loaded-gg-r1-20260924T224325Z,2026-09-24T22:43:44Z,retrans_segs_srv,3,segments
s1,latency-loaded,GG,1,s1-sockbuf-s1-latency-loaded-gg-r1-20260924T224325Z,2026-09-24T22:43:44Z,fast_retrans_segs_cli,15870,segments
s1,latency-loaded,GG,1,s1-sockbuf-s1-latency-loaded-gg-r1-20260924T224325Z,2026-09-24T22:43:44Z,fast_retrans_segs_srv,0,segments
s1,latency-loaded,GG,1,s1-sockbuf-s1-latency-loaded-gg-r1-20260924T224325Z,2026-09-24T22:43:44Z,early_retrans_segs_cli,1468,segments
s1,latency-loaded,GG,1,s1-sockbuf-s1-latency-loaded-gg-r1-20260924T224325Z,2026-09-24T22:43:44Z,early_retrans_segs_srv,0,segments
s1,latency-loaded,GG,1,s1-sockbuf-s1-latency-loaded-gg-r1-20260924T224325Z,2026-09-24T22:43:44Z,lost_segs_cli,34539,segments
s1,latency-loaded,GG,1,s1-sockbuf-s1-latency-loaded-gg-r1-20260924T224325Z,2026-09-24T22:43:44Z,lost_segs_srv,3,segments
s1,latency-loaded,GG,1,s1-sockbuf-s1-latency-loaded-gg-r1-20260924T224325Z,2026-09-24T22:43:44Z,repeat_segs_cli,3,segments
s1,latency-loaded,GG,1,s1-sockbuf-s1-latency-loaded-gg-r1-20260924T224325Z,2026-09-24T22:43:44Z,repeat_segs_srv,13882,segments
s1,latency-loaded,RR,1,s1-sockbuf-s1-latency-loaded-rr-r1-20260924T224325Z,2026-09-24T22:44:20Z,rtt_p50_ms,15.958015,ms
s1,latency-loaded,RR,1,s1-sockbuf-s1-latency-loaded-rr-r1-20260924T224325Z,2026-09-24T22:44:20Z,rtt_p90_ms,23.789567,ms
s1,latency-loaded,RR,1,s1-sockbuf-s1-latency-loaded-rr-r1-20260924T224325Z,2026-09-24T22:44:20Z,rtt_p99_ms,36.306943,ms
s1,latency-loaded,RR,1,s1-sockbuf-s1-latency-loaded-rr-r1-20260924T224325Z,2026-09-24T22:44:20Z,rtt_max_ms,49.324418,ms
s1,latency-loaded,RR,1,s1-sockbuf-s1-latency-loaded-rr-r1-20260924T224325Z,2026-09-24T22:44:20Z,rtt_errors,0,count
s1,latency-loaded,RR,1,s1-sockbuf-s1-latency-loaded-rr-r1-20260924T224325Z,2026-09-24T22:44:20Z,goodput_mbit_s,446.247,Mbit/s
s1,latency-loaded,RR,1,s1-sockbuf-s1-latency-loaded-rr-r1-20260924T224325Z,2026-09-24T22:44:20Z,cpu_s_per_gb_cli,6.83884871633,s/GB
s1,latency-loaded,RR,1,s1-sockbuf-s1-latency-loaded-rr-r1-20260924T224325Z,2026-09-24T22:44:20Z,cpu_s_per_gb_srv,6.74921767156,s/GB
s1,latency-loaded,RR,1,s1-sockbuf-s1-latency-loaded-rr-r1-20260924T224325Z,2026-09-24T22:44:20Z,cpu_s_per_gb_total,13.5880663879,s/GB
s1,latency-loaded,RR,1,s1-sockbuf-s1-latency-loaded-rr-r1-20260924T224325Z,2026-09-24T22:44:20Z,rss_kb_cli,12484,kB
s1,latency-loaded,RR,1,s1-sockbuf-s1-latency-loaded-rr-r1-20260924T224325Z,2026-09-24T22:44:20Z,rss_kb_srv,6996,kB
s1,latency-loaded,RR,1,s1-sockbuf-s1-latency-loaded-rr-r1-20260924T224325Z,2026-09-24T22:44:20Z,hwm_kb_cli,16848,kB
s1,latency-loaded,RR,1,s1-sockbuf-s1-latency-loaded-rr-r1-20260924T224325Z,2026-09-24T22:44:20Z,hwm_kb_srv,6996,kB
s1,latency-loaded,RR,1,s1-sockbuf-s1-latency-loaded-rr-r1-20260924T224325Z,2026-09-24T22:44:20Z,out_segs_cli,962865,segments
s1,latency-loaded,RR,1,s1-sockbuf-s1-latency-loaded-rr-r1-20260924T224325Z,2026-09-24T22:44:20Z,out_segs_srv,19564,segments
s1,latency-loaded,RR,1,s1-sockbuf-s1-latency-loaded-rr-r1-20260924T224325Z,2026-09-24T22:44:20Z,retrans_pct_cli,0.0020771343854,% of OutSegs
s1,latency-loaded,RR,1,s1-sockbuf-s1-latency-loaded-rr-r1-20260924T224325Z,2026-09-24T22:44:20Z,retrans_pct_srv,0,% of OutSegs
s1,latency-loaded,RR,1,s1-sockbuf-s1-latency-loaded-rr-r1-20260924T224325Z,2026-09-24T22:44:20Z,retrans_segs_cli,20,segments
s1,latency-loaded,RR,1,s1-sockbuf-s1-latency-loaded-rr-r1-20260924T224325Z,2026-09-24T22:44:20Z,retrans_segs_srv,0,segments
s1,latency-loaded,RR,1,s1-sockbuf-s1-latency-loaded-rr-r1-20260924T224325Z,2026-09-24T22:44:20Z,fast_retrans_segs_cli,0,segments
s1,latency-loaded,RR,1,s1-sockbuf-s1-latency-loaded-rr-r1-20260924T224325Z,2026-09-24T22:44:20Z,fast_retrans_segs_srv,0,segments
s1,latency-loaded,RR,1,s1-sockbuf-s1-latency-loaded-rr-r1-20260924T224325Z,2026-09-24T22:44:20Z,early_retrans_segs_cli,0,segments
s1,latency-loaded,RR,1,s1-sockbuf-s1-latency-loaded-rr-r1-20260924T224325Z,2026-09-24T22:44:20Z,early_retrans_segs_srv,0,segments
s1,latency-loaded,RR,1,s1-sockbuf-s1-latency-loaded-rr-r1-20260924T224325Z,2026-09-24T22:44:20Z,lost_segs_cli,20,segments
s1,latency-loaded,RR,1,s1-sockbuf-s1-latency-loaded-rr-r1-20260924T224325Z,2026-09-24T22:44:20Z,lost_segs_srv,0,segments
s1,latency-loaded,RR,1,s1-sockbuf-s1-latency-loaded-rr-r1-20260924T224325Z,2026-09-24T22:44:20Z,repeat_segs_cli,0,segments
s1,latency-loaded,RR,1,s1-sockbuf-s1-latency-loaded-rr-r1-20260924T224325Z,2026-09-24T22:44:20Z,repeat_segs_srv,20,segments
s1,latency-loaded,GG,2,s1-sockbuf-s1-latency-loaded-gg-r2-20260924T224325Z,2026-09-24T22:44:57Z,rtt_p50_ms,0.504831,ms
s1,latency-loaded,GG,2,s1-sockbuf-s1-latency-loaded-gg-r2-20260924T224325Z,2026-09-24T22:44:57Z,rtt_p90_ms,19.988479,ms
s1,latency-loaded,GG,2,s1-sockbuf-s1-latency-loaded-gg-r2-20260924T224325Z,2026-09-24T22:44:57Z,rtt_p99_ms,59.637759,ms
s1,latency-loaded,GG,2,s1-sockbuf-s1-latency-loaded-gg-r2-20260924T224325Z,2026-09-24T22:44:57Z,rtt_max_ms,178.186879,ms
s1,latency-loaded,GG,2,s1-sockbuf-s1-latency-loaded-gg-r2-20260924T224325Z,2026-09-24T22:44:57Z,rtt_errors,0,count
s1,latency-loaded,GG,2,s1-sockbuf-s1-latency-loaded-gg-r2-20260924T224325Z,2026-09-24T22:44:57Z,goodput_mbit_s,208.021,Mbit/s
s1,latency-loaded,GG,2,s1-sockbuf-s1-latency-loaded-gg-r2-20260924T224325Z,2026-09-24T22:44:57Z,cpu_s_per_gb_cli,14.478160489,s/GB
s1,latency-loaded,GG,2,s1-sockbuf-s1-latency-loaded-gg-r2-20260924T224325Z,2026-09-24T22:44:57Z,cpu_s_per_gb_srv,13.9205686508,s/GB
s1,latency-loaded,GG,2,s1-sockbuf-s1-latency-loaded-gg-r2-20260924T224325Z,2026-09-24T22:44:57Z,cpu_s_per_gb_total,28.3987291398,s/GB
s1,latency-loaded,GG,2,s1-sockbuf-s1-latency-loaded-gg-r2-20260924T224325Z,2026-09-24T22:44:57Z,rss_kb_cli,49372,kB
s1,latency-loaded,GG,2,s1-sockbuf-s1-latency-loaded-gg-r2-20260924T224325Z,2026-09-24T22:44:57Z,rss_kb_srv,47524,kB
s1,latency-loaded,GG,2,s1-sockbuf-s1-latency-loaded-gg-r2-20260924T224325Z,2026-09-24T22:44:57Z,hwm_kb_cli,49372,kB
s1,latency-loaded,GG,2,s1-sockbuf-s1-latency-loaded-gg-r2-20260924T224325Z,2026-09-24T22:44:57Z,hwm_kb_srv,51740,kB
s1,latency-loaded,GG,2,s1-sockbuf-s1-latency-loaded-gg-r2-20260924T224325Z,2026-09-24T22:44:57Z,out_segs_cli,535420,segments
s1,latency-loaded,GG,2,s1-sockbuf-s1-latency-loaded-gg-r2-20260924T224325Z,2026-09-24T22:44:57Z,out_segs_srv,62269,segments
s1,latency-loaded,GG,2,s1-sockbuf-s1-latency-loaded-gg-r2-20260924T224325Z,2026-09-24T22:44:57Z,retrans_pct_cli,14.4716297486,% of OutSegs
s1,latency-loaded,GG,2,s1-sockbuf-s1-latency-loaded-gg-r2-20260924T224325Z,2026-09-24T22:44:57Z,retrans_pct_srv,0.00802967768874,% of OutSegs
s1,latency-loaded,GG,2,s1-sockbuf-s1-latency-loaded-gg-r2-20260924T224325Z,2026-09-24T22:44:57Z,retrans_segs_cli,77484,segments
s1,latency-loaded,GG,2,s1-sockbuf-s1-latency-loaded-gg-r2-20260924T224325Z,2026-09-24T22:44:57Z,retrans_segs_srv,5,segments
s1,latency-loaded,GG,2,s1-sockbuf-s1-latency-loaded-gg-r2-20260924T224325Z,2026-09-24T22:44:57Z,fast_retrans_segs_cli,20088,segments
s1,latency-loaded,GG,2,s1-sockbuf-s1-latency-loaded-gg-r2-20260924T224325Z,2026-09-24T22:44:57Z,fast_retrans_segs_srv,0,segments
s1,latency-loaded,GG,2,s1-sockbuf-s1-latency-loaded-gg-r2-20260924T224325Z,2026-09-24T22:44:57Z,early_retrans_segs_cli,637,segments
s1,latency-loaded,GG,2,s1-sockbuf-s1-latency-loaded-gg-r2-20260924T224325Z,2026-09-24T22:44:57Z,early_retrans_segs_srv,0,segments
s1,latency-loaded,GG,2,s1-sockbuf-s1-latency-loaded-gg-r2-20260924T224325Z,2026-09-24T22:44:57Z,lost_segs_cli,56759,segments
s1,latency-loaded,GG,2,s1-sockbuf-s1-latency-loaded-gg-r2-20260924T224325Z,2026-09-24T22:44:57Z,lost_segs_srv,5,segments
s1,latency-loaded,GG,2,s1-sockbuf-s1-latency-loaded-gg-r2-20260924T224325Z,2026-09-24T22:44:57Z,repeat_segs_cli,5,segments
s1,latency-loaded,GG,2,s1-sockbuf-s1-latency-loaded-gg-r2-20260924T224325Z,2026-09-24T22:44:57Z,repeat_segs_srv,19305,segments
s1,latency-loaded,RR,2,s1-sockbuf-s1-latency-loaded-rr-r2-20260924T224325Z,2026-09-24T22:45:34Z,rtt_p50_ms,13.467647,ms
s1,latency-loaded,RR,2,s1-sockbuf-s1-latency-loaded-rr-r2-20260924T224325Z,2026-09-24T22:45:34Z,rtt_p90_ms,20.905983,ms
s1,latency-loaded,RR,2,s1-sockbuf-s1-latency-loaded-rr-r2-20260924T224325Z,2026-09-24T22:45:34Z,rtt_p99_ms,36.569087,ms
s1,latency-loaded,RR,2,s1-sockbuf-s1-latency-loaded-rr-r2-20260924T224325Z,2026-09-24T22:45:34Z,rtt_max_ms,44.168619,ms
s1,latency-loaded,RR,2,s1-sockbuf-s1-latency-loaded-rr-r2-20260924T224325Z,2026-09-24T22:45:34Z,rtt_errors,0,count
s1,latency-loaded,RR,2,s1-sockbuf-s1-latency-loaded-rr-r2-20260924T224325Z,2026-09-24T22:45:34Z,goodput_mbit_s,509.995,Mbit/s
s1,latency-loaded,RR,2,s1-sockbuf-s1-latency-loaded-rr-r2-20260924T224325Z,2026-09-24T22:45:34Z,cpu_s_per_gb_cli,5.98399262679,s/GB
s1,latency-loaded,RR,2,s1-sockbuf-s1-latency-loaded-rr-r2-20260924T224325Z,2026-09-24T22:45:34Z,cpu_s_per_gb_srv,5.95262176112,s/GB
s1,latency-loaded,RR,2,s1-sockbuf-s1-latency-loaded-rr-r2-20260924T224325Z,2026-09-24T22:45:34Z,cpu_s_per_gb_total,11.9366143879,s/GB
s1,latency-loaded,RR,2,s1-sockbuf-s1-latency-loaded-rr-r2-20260924T224325Z,2026-09-24T22:45:34Z,rss_kb_cli,8312,kB
s1,latency-loaded,RR,2,s1-sockbuf-s1-latency-loaded-rr-r2-20260924T224325Z,2026-09-24T22:45:34Z,rss_kb_srv,6940,kB
s1,latency-loaded,RR,2,s1-sockbuf-s1-latency-loaded-rr-r2-20260924T224325Z,2026-09-24T22:45:34Z,hwm_kb_cli,8316,kB
s1,latency-loaded,RR,2,s1-sockbuf-s1-latency-loaded-rr-r2-20260924T224325Z,2026-09-24T22:45:34Z,hwm_kb_srv,6940,kB
s1,latency-loaded,RR,2,s1-sockbuf-s1-latency-loaded-rr-r2-20260924T224325Z,2026-09-24T22:45:34Z,out_segs_cli,1099379,segments
s1,latency-loaded,RR,2,s1-sockbuf-s1-latency-loaded-rr-r2-20260924T224325Z,2026-09-24T22:45:34Z,out_segs_srv,22302,segments
s1,latency-loaded,RR,2,s1-sockbuf-s1-latency-loaded-rr-r2-20260924T224325Z,2026-09-24T22:45:34Z,retrans_pct_cli,0,% of OutSegs
s1,latency-loaded,RR,2,s1-sockbuf-s1-latency-loaded-rr-r2-20260924T224325Z,2026-09-24T22:45:34Z,retrans_pct_srv,0,% of OutSegs
s1,latency-loaded,RR,2,s1-sockbuf-s1-latency-loaded-rr-r2-20260924T224325Z,2026-09-24T22:45:34Z,retrans_segs_cli,0,segments
s1,latency-loaded,RR,2,s1-sockbuf-s1-latency-loaded-rr-r2-20260924T224325Z,2026-09-24T22:45:34Z,retrans_segs_srv,0,segments
s1,latency-loaded,RR,2,s1-sockbuf-s1-latency-loaded-rr-r2-20260924T224325Z,2026-09-24T22:45:34Z,fast_retrans_segs_cli,0,segments
s1,latency-loaded,RR,2,s1-sockbuf-s1-latency-loaded-rr-r2-20260924T224325Z,2026-09-24T22:45:34Z,fast_retrans_segs_srv,0,segments
s1,latency-loaded,RR,2,s1-sockbuf-s1-latency-loaded-rr-r2-20260924T224325Z,2026-09-24T22:45:34Z,early_retrans_segs_cli,0,segments
s1,latency-loaded,RR,2,s1-sockbuf-s1-latency-loaded-rr-r2-20260924T224325Z,2026-09-24T22:45:34Z,early_retrans_segs_srv,0,segments
s1,latency-loaded,RR,2,s1-sockbuf-s1-latency-loaded-rr-r2-20260924T224325Z,2026-09-24T22:45:34Z,lost_segs_cli,0,segments
s1,latency-loaded,RR,2,s1-sockbuf-s1-latency-loaded-rr-r2-20260924T224325Z,2026-09-24T22:45:34Z,lost_segs_srv,0,segments
s1,latency-loaded,RR,2,s1-sockbuf-s1-latency-loaded-rr-r2-20260924T224325Z,2026-09-24T22:45:34Z,repeat_segs_cli,0,segments
s1,latency-loaded,RR,2,s1-sockbuf-s1-latency-loaded-rr-r2-20260924T224325Z,2026-09-24T22:45:34Z,repeat_segs_srv,0,segments
s1,latency-loaded,GG,3,s1-sockbuf-s1-latency-loaded-gg-r3-20260924T224325Z,2026-09-24T22:46:10Z,rtt_p50_ms,0.427007,ms
s1,latency-loaded,GG,3,s1-sockbuf-s1-latency-loaded-gg-r3-20260924T224325Z,2026-09-24T22:46:10Z,rtt_p90_ms,18.939903,ms
s1,latency-loaded,GG,3,s1-sockbuf-s1-latency-loaded-gg-r3-20260924T224325Z,2026-09-24T22:46:10Z,rtt_p99_ms,60.948479,ms
s1,latency-loaded,GG,3,s1-sockbuf-s1-latency-loaded-gg-r3-20260924T224325Z,2026-09-24T22:46:10Z,rtt_max_ms,113.955359,ms
s1,latency-loaded,GG,3,s1-sockbuf-s1-latency-loaded-gg-r3-20260924T224325Z,2026-09-24T22:46:10Z,rtt_errors,0,count
s1,latency-loaded,GG,3,s1-sockbuf-s1-latency-loaded-gg-r3-20260924T224325Z,2026-09-24T22:46:10Z,goodput_mbit_s,224.794,Mbit/s
s1,latency-loaded,GG,3,s1-sockbuf-s1-latency-loaded-gg-r3-20260924T224325Z,2026-09-24T22:46:10Z,cpu_s_per_gb_cli,15.1057741535,s/GB
s1,latency-loaded,GG,3,s1-sockbuf-s1-latency-loaded-gg-r3-20260924T224325Z,2026-09-24T22:46:10Z,cpu_s_per_gb_srv,13.6645872201,s/GB
s1,latency-loaded,GG,3,s1-sockbuf-s1-latency-loaded-gg-r3-20260924T224325Z,2026-09-24T22:46:10Z,cpu_s_per_gb_total,28.7703613737,s/GB
s1,latency-loaded,GG,3,s1-sockbuf-s1-latency-loaded-gg-r3-20260924T224325Z,2026-09-24T22:46:10Z,rss_kb_cli,52292,kB
s1,latency-loaded,GG,3,s1-sockbuf-s1-latency-loaded-gg-r3-20260924T224325Z,2026-09-24T22:46:10Z,rss_kb_srv,43808,kB
s1,latency-loaded,GG,3,s1-sockbuf-s1-latency-loaded-gg-r3-20260924T224325Z,2026-09-24T22:46:10Z,hwm_kb_cli,52292,kB
s1,latency-loaded,GG,3,s1-sockbuf-s1-latency-loaded-gg-r3-20260924T224325Z,2026-09-24T22:46:10Z,hwm_kb_srv,52976,kB
s1,latency-loaded,GG,3,s1-sockbuf-s1-latency-loaded-gg-r3-20260924T224325Z,2026-09-24T22:46:10Z,out_segs_cli,603024,segments
s1,latency-loaded,GG,3,s1-sockbuf-s1-latency-loaded-gg-r3-20260924T224325Z,2026-09-24T22:46:10Z,out_segs_srv,90750,segments
s1,latency-loaded,GG,3,s1-sockbuf-s1-latency-loaded-gg-r3-20260924T224325Z,2026-09-24T22:46:10Z,retrans_pct_cli,17.9492026851,% of OutSegs
s1,latency-loaded,GG,3,s1-sockbuf-s1-latency-loaded-gg-r3-20260924T224325Z,2026-09-24T22:46:10Z,retrans_pct_srv,0.00440771349862,% of OutSegs
s1,latency-loaded,GG,3,s1-sockbuf-s1-latency-loaded-gg-r3-20260924T224325Z,2026-09-24T22:46:10Z,retrans_segs_cli,108238,segments
s1,latency-loaded,GG,3,s1-sockbuf-s1-latency-loaded-gg-r3-20260924T224325Z,2026-09-24T22:46:10Z,retrans_segs_srv,4,segments
s1,latency-loaded,GG,3,s1-sockbuf-s1-latency-loaded-gg-r3-20260924T224325Z,2026-09-24T22:46:10Z,fast_retrans_segs_cli,35080,segments
s1,latency-loaded,GG,3,s1-sockbuf-s1-latency-loaded-gg-r3-20260924T224325Z,2026-09-24T22:46:10Z,fast_retrans_segs_srv,0,segments
s1,latency-loaded,GG,3,s1-sockbuf-s1-latency-loaded-gg-r3-20260924T224325Z,2026-09-24T22:46:10Z,early_retrans_segs_cli,2527,segments
s1,latency-loaded,GG,3,s1-sockbuf-s1-latency-loaded-gg-r3-20260924T224325Z,2026-09-24T22:46:10Z,early_retrans_segs_srv,0,segments
s1,latency-loaded,GG,3,s1-sockbuf-s1-latency-loaded-gg-r3-20260924T224325Z,2026-09-24T22:46:10Z,lost_segs_cli,70631,segments
s1,latency-loaded,GG,3,s1-sockbuf-s1-latency-loaded-gg-r3-20260924T224325Z,2026-09-24T22:46:10Z,lost_segs_srv,4,segments
s1,latency-loaded,GG,3,s1-sockbuf-s1-latency-loaded-gg-r3-20260924T224325Z,2026-09-24T22:46:10Z,repeat_segs_cli,4,segments
s1,latency-loaded,GG,3,s1-sockbuf-s1-latency-loaded-gg-r3-20260924T224325Z,2026-09-24T22:46:10Z,repeat_segs_srv,25135,segments
s1,latency-loaded,RR,3,s1-sockbuf-s1-latency-loaded-rr-r3-20260924T224325Z,2026-09-24T22:46:47Z,rtt_p50_ms,15.040511,ms
s1,latency-loaded,RR,3,s1-sockbuf-s1-latency-loaded-rr-r3-20260924T224325Z,2026-09-24T22:46:47Z,rtt_p90_ms,22.740991,ms
s1,latency-loaded,RR,3,s1-sockbuf-s1-latency-loaded-rr-r3-20260924T224325Z,2026-09-24T22:46:47Z,rtt_p99_ms,32.178175,ms
s1,latency-loaded,RR,3,s1-sockbuf-s1-latency-loaded-rr-r3-20260924T224325Z,2026-09-24T22:46:47Z,rtt_max_ms,56.297401,ms
s1,latency-loaded,RR,3,s1-sockbuf-s1-latency-loaded-rr-r3-20260924T224325Z,2026-09-24T22:46:47Z,rtt_errors,0,count
s1,latency-loaded,RR,3,s1-sockbuf-s1-latency-loaded-rr-r3-20260924T224325Z,2026-09-24T22:46:47Z,goodput_mbit_s,469.729,Mbit/s
s1,latency-loaded,RR,3,s1-sockbuf-s1-latency-loaded-rr-r3-20260924T224325Z,2026-09-24T22:46:47Z,cpu_s_per_gb_cli,6.445816585,s/GB
s1,latency-loaded,RR,3,s1-sockbuf-s1-latency-loaded-rr-r3-20260924T224325Z,2026-09-24T22:46:47Z,cpu_s_per_gb_srv,6.41175678798,s/GB
s1,latency-loaded,RR,3,s1-sockbuf-s1-latency-loaded-rr-r3-20260924T224325Z,2026-09-24T22:46:47Z,cpu_s_per_gb_total,12.857573373,s/GB
s1,latency-loaded,RR,3,s1-sockbuf-s1-latency-loaded-rr-r3-20260924T224325Z,2026-09-24T22:46:47Z,rss_kb_cli,7988,kB
s1,latency-loaded,RR,3,s1-sockbuf-s1-latency-loaded-rr-r3-20260924T224325Z,2026-09-24T22:46:47Z,rss_kb_srv,6828,kB
s1,latency-loaded,RR,3,s1-sockbuf-s1-latency-loaded-rr-r3-20260924T224325Z,2026-09-24T22:46:47Z,hwm_kb_cli,7992,kB
s1,latency-loaded,RR,3,s1-sockbuf-s1-latency-loaded-rr-r3-20260924T224325Z,2026-09-24T22:46:47Z,hwm_kb_srv,6828,kB
s1,latency-loaded,RR,3,s1-sockbuf-s1-latency-loaded-rr-r3-20260924T224325Z,2026-09-24T22:46:47Z,out_segs_cli,1013128,segments
s1,latency-loaded,RR,3,s1-sockbuf-s1-latency-loaded-rr-r3-20260924T224325Z,2026-09-24T22:46:47Z,out_segs_srv,20509,segments
s1,latency-loaded,RR,3,s1-sockbuf-s1-latency-loaded-rr-r3-20260924T224325Z,2026-09-24T22:46:47Z,retrans_pct_cli,0,% of OutSegs
s1,latency-loaded,RR,3,s1-sockbuf-s1-latency-loaded-rr-r3-20260924T224325Z,2026-09-24T22:46:47Z,retrans_pct_srv,0,% of OutSegs
s1,latency-loaded,RR,3,s1-sockbuf-s1-latency-loaded-rr-r3-20260924T224325Z,2026-09-24T22:46:47Z,retrans_segs_cli,0,segments
s1,latency-loaded,RR,3,s1-sockbuf-s1-latency-loaded-rr-r3-20260924T224325Z,2026-09-24T22:46:47Z,retrans_segs_srv,0,segments
s1,latency-loaded,RR,3,s1-sockbuf-s1-latency-loaded-rr-r3-20260924T224325Z,2026-09-24T22:46:47Z,fast_retrans_segs_cli,0,segments
s1,latency-loaded,RR,3,s1-sockbuf-s1-latency-loaded-rr-r3-20260924T224325Z,2026-09-24T22:46:47Z,fast_retrans_segs_srv,0,segments
s1,latency-loaded,RR,3,s1-sockbuf-s1-latency-loaded-rr-r3-20260924T224325Z,2026-09-24T22:46:47Z,early_retrans_segs_cli,0,segments
s1,latency-loaded,RR,3,s1-sockbuf-s1-latency-loaded-rr-r3-20260924T224325Z,2026-09-24T22:46:47Z,early_retrans_segs_srv,0,segments
s1,latency-loaded,RR,3,s1-sockbuf-s1-latency-loaded-rr-r3-20260924T224325Z,2026-09-24T22:46:47Z,lost_segs_cli,0,segments
s1,latency-loaded,RR,3,s1-sockbuf-s1-latency-loaded-rr-r3-20260924T224325Z,2026-09-24T22:46:47Z,lost_segs_srv,0,segments
s1,latency-loaded,RR,3,s1-sockbuf-s1-latency-loaded-rr-r3-20260924T224325Z,2026-09-24T22:46:47Z,repeat_segs_cli,0,segments
s1,latency-loaded,RR,3,s1-sockbuf-s1-latency-loaded-rr-r3-20260924T224325Z,2026-09-24T22:46:47Z,repeat_segs_srv,0,segments
s1,latency-loaded,GG,4,s1-sockbuf-s1-latency-loaded-gg-r4-20260924T224325Z,2026-09-24T22:47:24Z,rtt_p50_ms,0.911359,ms
s1,latency-loaded,GG,4,s1-sockbuf-s1-latency-loaded-gg-r4-20260924T224325Z,2026-09-24T22:47:24Z,rtt_p90_ms,30.867455,ms
s1,latency-loaded,GG,4,s1-sockbuf-s1-latency-loaded-gg-r4-20260924T224325Z,2026-09-24T22:47:24Z,rtt_p99_ms,46.268415,ms
s1,latency-loaded,GG,4,s1-sockbuf-s1-latency-loaded-gg-r4-20260924T224325Z,2026-09-24T22:47:24Z,rtt_max_ms,121.069163,ms
s1,latency-loaded,GG,4,s1-sockbuf-s1-latency-loaded-gg-r4-20260924T224325Z,2026-09-24T22:47:24Z,rtt_errors,0,count
s1,latency-loaded,GG,4,s1-sockbuf-s1-latency-loaded-gg-r4-20260924T224325Z,2026-09-24T22:47:24Z,goodput_mbit_s,278.483,Mbit/s
s1,latency-loaded,GG,4,s1-sockbuf-s1-latency-loaded-gg-r4-20260924T224325Z,2026-09-24T22:47:24Z,cpu_s_per_gb_cli,10.7288360596,s/GB
s1,latency-loaded,GG,4,s1-sockbuf-s1-latency-loaded-gg-r4-20260924T224325Z,2026-09-24T22:47:24Z,cpu_s_per_gb_srv,12.3948936003,s/GB
s1,latency-loaded,GG,4,s1-sockbuf-s1-latency-loaded-gg-r4-20260924T224325Z,2026-09-24T22:47:24Z,cpu_s_per_gb_total,23.1237296599,s/GB
s1,latency-loaded,GG,4,s1-sockbuf-s1-latency-loaded-gg-r4-20260924T224325Z,2026-09-24T22:47:24Z,rss_kb_cli,49036,kB
s1,latency-loaded,GG,4,s1-sockbuf-s1-latency-loaded-gg-r4-20260924T224325Z,2026-09-24T22:47:24Z,rss_kb_srv,44776,kB
s1,latency-loaded,GG,4,s1-sockbuf-s1-latency-loaded-gg-r4-20260924T224325Z,2026-09-24T22:47:24Z,hwm_kb_cli,49036,kB
s1,latency-loaded,GG,4,s1-sockbuf-s1-latency-loaded-gg-r4-20260924T224325Z,2026-09-24T22:47:24Z,hwm_kb_srv,44824,kB
s1,latency-loaded,GG,4,s1-sockbuf-s1-latency-loaded-gg-r4-20260924T224325Z,2026-09-24T22:47:24Z,out_segs_cli,639898,segments
s1,latency-loaded,GG,4,s1-sockbuf-s1-latency-loaded-gg-r4-20260924T224325Z,2026-09-24T22:47:24Z,out_segs_srv,37869,segments
s1,latency-loaded,GG,4,s1-sockbuf-s1-latency-loaded-gg-r4-20260924T224325Z,2026-09-24T22:47:24Z,retrans_pct_cli,5.43649144082,% of OutSegs
s1,latency-loaded,GG,4,s1-sockbuf-s1-latency-loaded-gg-r4-20260924T224325Z,2026-09-24T22:47:24Z,retrans_pct_srv,0.00528136470464,% of OutSegs
s1,latency-loaded,GG,4,s1-sockbuf-s1-latency-loaded-gg-r4-20260924T224325Z,2026-09-24T22:47:24Z,retrans_segs_cli,34788,segments
s1,latency-loaded,GG,4,s1-sockbuf-s1-latency-loaded-gg-r4-20260924T224325Z,2026-09-24T22:47:24Z,retrans_segs_srv,2,segments
s1,latency-loaded,GG,4,s1-sockbuf-s1-latency-loaded-gg-r4-20260924T224325Z,2026-09-24T22:47:24Z,fast_retrans_segs_cli,11326,segments
s1,latency-loaded,GG,4,s1-sockbuf-s1-latency-loaded-gg-r4-20260924T224325Z,2026-09-24T22:47:24Z,fast_retrans_segs_srv,0,segments
s1,latency-loaded,GG,4,s1-sockbuf-s1-latency-loaded-gg-r4-20260924T224325Z,2026-09-24T22:47:24Z,early_retrans_segs_cli,1077,segments
s1,latency-loaded,GG,4,s1-sockbuf-s1-latency-loaded-gg-r4-20260924T224325Z,2026-09-24T22:47:24Z,early_retrans_segs_srv,0,segments
s1,latency-loaded,GG,4,s1-sockbuf-s1-latency-loaded-gg-r4-20260924T224325Z,2026-09-24T22:47:24Z,lost_segs_cli,22385,segments
s1,latency-loaded,GG,4,s1-sockbuf-s1-latency-loaded-gg-r4-20260924T224325Z,2026-09-24T22:47:24Z,lost_segs_srv,2,segments
s1,latency-loaded,GG,4,s1-sockbuf-s1-latency-loaded-gg-r4-20260924T224325Z,2026-09-24T22:47:24Z,repeat_segs_cli,2,segments
s1,latency-loaded,GG,4,s1-sockbuf-s1-latency-loaded-gg-r4-20260924T224325Z,2026-09-24T22:47:24Z,repeat_segs_srv,9096,segments
s1,latency-loaded,RR,4,s1-sockbuf-s1-latency-loaded-rr-r4-20260924T224325Z,2026-09-24T22:48:00Z,rtt_p50_ms,13.008895,ms
s1,latency-loaded,RR,4,s1-sockbuf-s1-latency-loaded-rr-r4-20260924T224325Z,2026-09-24T22:48:00Z,rtt_p90_ms,20.381695,ms
s1,latency-loaded,RR,4,s1-sockbuf-s1-latency-loaded-rr-r4-20260924T224325Z,2026-09-24T22:48:00Z,rtt_p99_ms,26.017791,ms
s1,latency-loaded,RR,4,s1-sockbuf-s1-latency-loaded-rr-r4-20260924T224325Z,2026-09-24T22:48:00Z,rtt_max_ms,36.340672,ms
s1,latency-loaded,RR,4,s1-sockbuf-s1-latency-loaded-rr-r4-20260924T224325Z,2026-09-24T22:48:00Z,rtt_errors,0,count
s1,latency-loaded,RR,4,s1-sockbuf-s1-latency-loaded-rr-r4-20260924T224325Z,2026-09-24T22:48:00Z,goodput_mbit_s,540.184,Mbit/s
s1,latency-loaded,RR,4,s1-sockbuf-s1-latency-loaded-rr-r4-20260924T224325Z,2026-09-24T22:48:00Z,cpu_s_per_gb_cli,5.71612245548,s/GB
s1,latency-loaded,RR,4,s1-sockbuf-s1-latency-loaded-rr-r4-20260924T224325Z,2026-09-24T22:48:00Z,cpu_s_per_gb_srv,5.68650524068,s/GB
s1,latency-loaded,RR,4,s1-sockbuf-s1-latency-loaded-rr-r4-20260924T224325Z,2026-09-24T22:48:00Z,cpu_s_per_gb_total,11.4026276962,s/GB
s1,latency-loaded,RR,4,s1-sockbuf-s1-latency-loaded-rr-r4-20260924T224325Z,2026-09-24T22:48:00Z,rss_kb_cli,8028,kB
s1,latency-loaded,RR,4,s1-sockbuf-s1-latency-loaded-rr-r4-20260924T224325Z,2026-09-24T22:48:00Z,rss_kb_srv,7128,kB
s1,latency-loaded,RR,4,s1-sockbuf-s1-latency-loaded-rr-r4-20260924T224325Z,2026-09-24T22:48:00Z,hwm_kb_cli,8032,kB
s1,latency-loaded,RR,4,s1-sockbuf-s1-latency-loaded-rr-r4-20260924T224325Z,2026-09-24T22:48:00Z,hwm_kb_srv,7128,kB
s1,latency-loaded,RR,4,s1-sockbuf-s1-latency-loaded-rr-r4-20260924T224325Z,2026-09-24T22:48:00Z,out_segs_cli,1164041,segments
s1,latency-loaded,RR,4,s1-sockbuf-s1-latency-loaded-rr-r4-20260924T224325Z,2026-09-24T22:48:00Z,out_segs_srv,23581,segments
s1,latency-loaded,RR,4,s1-sockbuf-s1-latency-loaded-rr-r4-20260924T224325Z,2026-09-24T22:48:00Z,retrans_pct_cli,0,% of OutSegs
s1,latency-loaded,RR,4,s1-sockbuf-s1-latency-loaded-rr-r4-20260924T224325Z,2026-09-24T22:48:00Z,retrans_pct_srv,0,% of OutSegs
s1,latency-loaded,RR,4,s1-sockbuf-s1-latency-loaded-rr-r4-20260924T224325Z,2026-09-24T22:48:00Z,retrans_segs_cli,0,segments
s1,latency-loaded,RR,4,s1-sockbuf-s1-latency-loaded-rr-r4-20260924T224325Z,2026-09-24T22:48:00Z,retrans_segs_srv,0,segments
s1,latency-loaded,RR,4,s1-sockbuf-s1-latency-loaded-rr-r4-20260924T224325Z,2026-09-24T22:48:00Z,fast_retrans_segs_cli,0,segments
s1,latency-loaded,RR,4,s1-sockbuf-s1-latency-loaded-rr-r4-20260924T224325Z,2026-09-24T22:48:00Z,fast_retrans_segs_srv,0,segments
s1,latency-loaded,RR,4,s1-sockbuf-s1-latency-loaded-rr-r4-20260924T224325Z,2026-09-24T22:48:00Z,early_retrans_segs_cli,0,segments
s1,latency-loaded,RR,4,s1-sockbuf-s1-latency-loaded-rr-r4-20260924T224325Z,2026-09-24T22:48:00Z,early_retrans_segs_srv,0,segments
s1,latency-loaded,RR,4,s1-sockbuf-s1-latency-loaded-rr-r4-20260924T224325Z,2026-09-24T22:48:00Z,lost_segs_cli,0,segments
s1,latency-loaded,RR,4,s1-sockbuf-s1-latency-loaded-rr-r4-20260924T224325Z,2026-09-24T22:48:00Z,lost_segs_srv,0,segments
s1,latency-loaded,RR,4,s1-sockbuf-s1-latency-loaded-rr-r4-20260924T224325Z,2026-09-24T22:48:00Z,repeat_segs_cli,0,segments
s1,latency-loaded,RR,4,s1-sockbuf-s1-latency-loaded-rr-r4-20260924T224325Z,2026-09-24T22:48:00Z,repeat_segs_srv,0,segments
s1,latency-loaded,GG,5,s1-sockbuf-s1-latency-loaded-gg-r5-20260924T224325Z,2026-09-24T22:48:36Z,rtt_p50_ms,0.743423,ms
s1,latency-loaded,GG,5,s1-sockbuf-s1-latency-loaded-gg-r5-20260924T224325Z,2026-09-24T22:48:36Z,rtt_p90_ms,31.129599,ms
s1,latency-loaded,GG,5,s1-sockbuf-s1-latency-loaded-gg-r5-20260924T224325Z,2026-09-24T22:48:36Z,rtt_p99_ms,63.045631,ms
s1,latency-loaded,GG,5,s1-sockbuf-s1-latency-loaded-gg-r5-20260924T224325Z,2026-09-24T22:48:36Z,rtt_max_ms,107.788675,ms
s1,latency-loaded,GG,5,s1-sockbuf-s1-latency-loaded-gg-r5-20260924T224325Z,2026-09-24T22:48:36Z,rtt_errors,0,count
s1,latency-loaded,GG,5,s1-sockbuf-s1-latency-loaded-gg-r5-20260924T224325Z,2026-09-24T22:48:36Z,goodput_mbit_s,275.125,Mbit/s
s1,latency-loaded,GG,5,s1-sockbuf-s1-latency-loaded-gg-r5-20260924T224325Z,2026-09-24T22:48:36Z,cpu_s_per_gb_cli,11.1504298885,s/GB
s1,latency-loaded,GG,5,s1-sockbuf-s1-latency-loaded-gg-r5-20260924T224325Z,2026-09-24T22:48:36Z,cpu_s_per_gb_srv,12.4442868116,s/GB
s1,latency-loaded,GG,5,s1-sockbuf-s1-latency-loaded-gg-r5-20260924T224325Z,2026-09-24T22:48:36Z,cpu_s_per_gb_total,23.5947167001,s/GB
s1,latency-loaded,GG,5,s1-sockbuf-s1-latency-loaded-gg-r5-20260924T224325Z,2026-09-24T22:48:36Z,rss_kb_cli,50136,kB
s1,latency-loaded,GG,5,s1-sockbuf-s1-latency-loaded-gg-r5-20260924T224325Z,2026-09-24T22:48:36Z,rss_kb_srv,41864,kB
s1,latency-loaded,GG,5,s1-sockbuf-s1-latency-loaded-gg-r5-20260924T224325Z,2026-09-24T22:48:36Z,hwm_kb_cli,50136,kB
s1,latency-loaded,GG,5,s1-sockbuf-s1-latency-loaded-gg-r5-20260924T224325Z,2026-09-24T22:48:36Z,hwm_kb_srv,47204,kB
s1,latency-loaded,GG,5,s1-sockbuf-s1-latency-loaded-gg-r5-20260924T224325Z,2026-09-24T22:48:36Z,out_segs_cli,632899,segments
s1,latency-loaded,GG,5,s1-sockbuf-s1-latency-loaded-gg-r5-20260924T224325Z,2026-09-24T22:48:36Z,out_segs_srv,38572,segments
s1,latency-loaded,GG,5,s1-sockbuf-s1-latency-loaded-gg-r5-20260924T224325Z,2026-09-24T22:48:36Z,retrans_pct_cli,5.49771764531,% of OutSegs
s1,latency-loaded,GG,5,s1-sockbuf-s1-latency-loaded-gg-r5-20260924T224325Z,2026-09-24T22:48:36Z,retrans_pct_srv,0.00259255418438,% of OutSegs
s1,latency-loaded,GG,5,s1-sockbuf-s1-latency-loaded-gg-r5-20260924T224325Z,2026-09-24T22:48:36Z,retrans_segs_cli,34795,segments
s1,latency-loaded,GG,5,s1-sockbuf-s1-latency-loaded-gg-r5-20260924T224325Z,2026-09-24T22:48:36Z,retrans_segs_srv,1,segments
s1,latency-loaded,GG,5,s1-sockbuf-s1-latency-loaded-gg-r5-20260924T224325Z,2026-09-24T22:48:36Z,fast_retrans_segs_cli,9134,segments
s1,latency-loaded,GG,5,s1-sockbuf-s1-latency-loaded-gg-r5-20260924T224325Z,2026-09-24T22:48:36Z,fast_retrans_segs_srv,0,segments
s1,latency-loaded,GG,5,s1-sockbuf-s1-latency-loaded-gg-r5-20260924T224325Z,2026-09-24T22:48:36Z,early_retrans_segs_cli,1204,segments
s1,latency-loaded,GG,5,s1-sockbuf-s1-latency-loaded-gg-r5-20260924T224325Z,2026-09-24T22:48:36Z,early_retrans_segs_srv,0,segments
s1,latency-loaded,GG,5,s1-sockbuf-s1-latency-loaded-gg-r5-20260924T224325Z,2026-09-24T22:48:36Z,lost_segs_cli,24457,segments
s1,latency-loaded,GG,5,s1-sockbuf-s1-latency-loaded-gg-r5-20260924T224325Z,2026-09-24T22:48:36Z,lost_segs_srv,1,segments
s1,latency-loaded,GG,5,s1-sockbuf-s1-latency-loaded-gg-r5-20260924T224325Z,2026-09-24T22:48:36Z,repeat_segs_cli,1,segments
s1,latency-loaded,GG,5,s1-sockbuf-s1-latency-loaded-gg-r5-20260924T224325Z,2026-09-24T22:48:36Z,repeat_segs_srv,9180,segments
s1,latency-loaded,RR,5,s1-sockbuf-s1-latency-loaded-rr-r5-20260924T224325Z,2026-09-24T22:49:12Z,rtt_p50_ms,15.433727,ms
s1,latency-loaded,RR,5,s1-sockbuf-s1-latency-loaded-rr-r5-20260924T224325Z,2026-09-24T22:49:12Z,rtt_p90_ms,23.920639,ms
s1,latency-loaded,RR,5,s1-sockbuf-s1-latency-loaded-rr-r5-20260924T224325Z,2026-09-24T22:49:12Z,rtt_p99_ms,40.763391,ms
s1,latency-loaded,RR,5,s1-sockbuf-s1-latency-loaded-rr-r5-20260924T224325Z,2026-09-24T22:49:12Z,rtt_max_ms,84.337748,ms
s1,latency-loaded,RR,5,s1-sockbuf-s1-latency-loaded-rr-r5-20260924T224325Z,2026-09-24T22:49:12Z,rtt_errors,0,count
s1,latency-loaded,RR,5,s1-sockbuf-s1-latency-loaded-rr-r5-20260924T224325Z,2026-09-24T22:49:12Z,goodput_mbit_s,456.304,Mbit/s
s1,latency-loaded,RR,5,s1-sockbuf-s1-latency-loaded-rr-r5-20260924T224325Z,2026-09-24T22:49:12Z,cpu_s_per_gb_cli,6.59157248104,s/GB
s1,latency-loaded,RR,5,s1-sockbuf-s1-latency-loaded-rr-r5-20260924T224325Z,2026-09-24T22:49:12Z,cpu_s_per_gb_srv,6.56527631423,s/GB
s1,latency-loaded,RR,5,s1-sockbuf-s1-latency-loaded-rr-r5-20260924T224325Z,2026-09-24T22:49:12Z,cpu_s_per_gb_total,13.1568487953,s/GB
s1,latency-loaded,RR,5,s1-sockbuf-s1-latency-loaded-rr-r5-20260924T224325Z,2026-09-24T22:49:12Z,rss_kb_cli,7732,kB
s1,latency-loaded,RR,5,s1-sockbuf-s1-latency-loaded-rr-r5-20260924T224325Z,2026-09-24T22:49:12Z,rss_kb_srv,6756,kB
s1,latency-loaded,RR,5,s1-sockbuf-s1-latency-loaded-rr-r5-20260924T224325Z,2026-09-24T22:49:12Z,hwm_kb_cli,7736,kB
s1,latency-loaded,RR,5,s1-sockbuf-s1-latency-loaded-rr-r5-20260924T224325Z,2026-09-24T22:49:12Z,hwm_kb_srv,6756,kB
s1,latency-loaded,RR,5,s1-sockbuf-s1-latency-loaded-rr-r5-20260924T224325Z,2026-09-24T22:49:12Z,out_segs_cli,984395,segments
s1,latency-loaded,RR,5,s1-sockbuf-s1-latency-loaded-rr-r5-20260924T224325Z,2026-09-24T22:49:12Z,out_segs_srv,19958,segments
s1,latency-loaded,RR,5,s1-sockbuf-s1-latency-loaded-rr-r5-20260924T224325Z,2026-09-24T22:49:12Z,retrans_pct_cli,0,% of OutSegs
s1,latency-loaded,RR,5,s1-sockbuf-s1-latency-loaded-rr-r5-20260924T224325Z,2026-09-24T22:49:12Z,retrans_pct_srv,0,% of OutSegs
s1,latency-loaded,RR,5,s1-sockbuf-s1-latency-loaded-rr-r5-20260924T224325Z,2026-09-24T22:49:12Z,retrans_segs_cli,0,segments
s1,latency-loaded,RR,5,s1-sockbuf-s1-latency-loaded-rr-r5-20260924T224325Z,2026-09-24T22:49:12Z,retrans_segs_srv,0,segments
s1,latency-loaded,RR,5,s1-sockbuf-s1-latency-loaded-rr-r5-20260924T224325Z,2026-09-24T22:49:12Z,fast_retrans_segs_cli,0,segments
s1,latency-loaded,RR,5,s1-sockbuf-s1-latency-loaded-rr-r5-20260924T224325Z,2026-09-24T22:49:12Z,fast_retrans_segs_srv,0,segments
s1,latency-loaded,RR,5,s1-sockbuf-s1-latency-loaded-rr-r5-20260924T224325Z,2026-09-24T22:49:12Z,early_retrans_segs_cli,0,segments
s1,latency-loaded,RR,5,s1-sockbuf-s1-latency-loaded-rr-r5-20260924T224325Z,2026-09-24T22:49:12Z,early_retrans_segs_srv,0,segments
s1,latency-loaded,RR,5,s1-sockbuf-s1-latency-loaded-rr-r5-20260924T224325Z,2026-09-24T22:49:12Z,lost_segs_cli,0,segments
s1,latency-loaded,RR,5,s1-sockbuf-s1-latency-loaded-rr-r5-20260924T224325Z,2026-09-24T22:49:12Z,lost_segs_srv,0,segments
s1,latency-loaded,RR,5,s1-sockbuf-s1-latency-loaded-rr-r5-20260924T224325Z,2026-09-24T22:49:12Z,repeat_segs_cli,0,segments
s1,latency-loaded,RR,5,s1-sockbuf-s1-latency-loaded-rr-r5-20260924T224325Z,2026-09-24T22:49:12Z,repeat_segs_srv,0,segments
